pair_id,ext_id,name,persona,collected_at,source,label,family,obfuscated,rule_score,net_requests,net_hosts,net_third_party_hosts,net_ext_initiated,net_posts,net_upload_bytes,net_max_upload_bytes,net_encoded_params,net_worker_initiated,dom_reads,dom_sensitive_reads,dom_identity_reads,dom_injections,storage_calls,cookie_reads,cookie_bulk_reads,api_calls,api_distinct,api_high_risk,perm_count,perm_high_risk,host_perm_breadth,exfil_flows,exfil_flows_third_party,msg_passing,net_lowrep_hosts,stat_added_highrisk_perms,stat_escalated_broad_host,stat_added_hosts
synthext0000aaaaaaaaaaaaaaaaaaaaaa:1.6.0->1.6.1,synthext0000aaaaaaaaaaaaaaaaaaaaaa,Reader Tool 000,reader,2026-08-14,synthetic,malicious,credential_theft,False,0.9625,3.0,1.0,1.0,3.0,1.0,664.0,664.0,0.0,0.0,5.0,1.0,1.0,3.0,0.0,0.0,0.0,-2.0,0.0,0.0,1.0,0.0,0.0,1.0,1.0,-2.0,1.0,0.0,0.0,0.0
synthext0000aaaaaaaaaaaaaaaaaaaaaa:1.6.1->1.6.2,synthext0000aaaaaaaaaaaaaaaaaaaaaa,Reader Tool 000,reader,2026-09-29,synthetic,benign,,False,0.25,1.0,1.0,1.0,1.0,0.0,0.0,0.0,0.0,0.0,-2.0,0.0,0.0,3.0,0.0,0.0,0.0,2.0,0.0,0.0,0.0,0.0,0.0,0.0,0.0,2.0,0.0,0.0,0.0,0.0
synthext0000aaaaaaaaaaaaaaaaaaaaaa:1.6.2->1.6.3,synthext0000aaaaaaaaaaaaaaaaaaaaaa,Reader Tool 000,reader,2026-03-21,synthetic,malicious,sw_beacon,True,0.9064,2.0,2.0,2.0,2.0,2.0,334.0,192.0,0.0,1.0,-1.0,0.0,0.0,1.0,1.0,0.0,0.0,1.0,1.0,1.0,1.0,0.0,0.0,0.0,0.0,0.0,0.0,0.0,0.0,0.0
synthext0000aaaaaaaaaaaaaaaaaaaaaa:1.6.3->1.6.4,synthext0000aaaaaaaaaaaaaaaaaaaaaa,Reader Tool 000,reader,2026-02-10,synthetic,malicious,cookie_theft,False,0.9963,0.0,1.0,1.0,0.0,1.0,1085.0,1085.0,0.0,1.0,1.0,1.0,0.0,0.0,1.0,1.0,1.0,4.0,1.0,1.0,2.0,1.0,0.0,1.0,1.0,3.0,1.0,1.0,0.0,0.0
synthext0001aaaaaaaaaaaaaaaaaaaaaa:1.5.0->1.5.1,synthext0001aaaaaaaaaaaaaaaaaaaaaa,Shopper Tool 001,shopper,2026-06-16,synthetic,malicious,cookie_theft,False,0.9963,1.0,1.0,1.0,1.0,1.0,2604.0,2604.0,0.0,1.0,1.0,1.0,0.0,0.0,1.0,1.0,1.0,3.0,1.0,1.0,1.0,1.0,0.0,1.0,1.0,2.0,0.0,1.0,0.0,0.0
synthext0001aaaaaaaaaaaaaaaaaaaaaa:1.5.1->1.5.2,synthext0001aaaaaaaaaaaaaaaaaaaaaa,Shopper Tool 001,shopper,2026-04-30,synthetic,benign,,False,0.25,3.0,0.0,0.0,3.0,0.0,0.0,0.0,0.0,0.0,0.0,0.0,0.0,1.0,0.0,0.0,0.0,0.0,0.0,0.0,0.0,0.0,0.0,0.0,0.0,0.0,0.0,0.0,0.0,0.0
synthext0001aaaaaaaaaaaaaaaaaaaaaa:1.5.2->1.5.3,synthext0001aaaaaaaaaaaaaaaaaaaaaa,Shopper Tool 001,shopper,2026-02-03,synthetic,benign,,False,0.0,1.0,1.0,1.0,1.0,0.0,0.0,0.0,0.0,0.0,0.0,0.0,0.0,-1.0,0.0,0.0,0.0,2.0,0.0,0.0,0.0,0.0,0.0,0.0,0.0,2.0,0.0,0.0,0.0,0.0
synthext0001aaaaaaaaaaaaaaaaaaaaaa:1.5.3->1.5.4,synthext0001aaaaaaaaaaaaaaaaaaaaaa,Shopper Tool 001,shopper,2026-07-22,synthetic,malicious,cookie_theft,False,0.9963,1.0,1.0,1.0,1.0,1.0,2628.0,2628.0,0.0,1.0,0.0,1.0,0.0,-1.0,1.0,1.0,1.0,4.0,1.0,1.0,1.0,1.0,0.0,1.0,1.0,3.0,1.0,1.0,0.0,0.0
synthext0002aaaaaaaaaaaaaaaaaaaaaa:1.0.0->1.0.1,synthext0002aaaaaaaaaaaaaaaaaaaaaa,Contacts Tool 002,contacts,2026-07-10,synthetic,malicious,history_exfil,False,0.9607,3.0,2.0,2.0,3.0,1.0,1427.0,1427.0,0.0,1.0,1.0,0.0,0.0,2.0,0.0,0.0,0.0,6.0,1.0,1.0,1.0,1.0,0.0,0.0,0.0,5.0,1.0,1.0,0.0,0.0
synthext0002aaaaaaaaaaaaaaaaaaaaaa:1.0.1->1.0.2,synthext0002aaaaaaaaaaaaaaaaaaaaaa,Contacts Tool 002,contacts,2026-03-09,synthetic,benign,,False,0.55,0.0,1.0,1.0,0.0,0.0,0.0,0.0,0.0,0.0,0.0,0.0,-1.0,1.0,0.0,0.0,0.0,-2.0,0.0,0.0,1.0,1.0,0.0,0.0,0.0,-2.0,0.0,1.0,0.0,0.0
synthext0002aaaaaaaaaaaaaaaaaaaaaa:1.0.2->1.0.3,synthext0002aaaaaaaaaaaaaaaaaaaaaa,Contacts Tool 002,contacts,2026-07-29,synthetic,malicious,redirect_hijack,False,0.35,0.0,1.0,1.0,0.0,0.0,0.0,0.0,0.0,0.0,-1.0,0.0,0.0,0.0,0.0,0.0,0.0,1.0,1.0,1.0,0.0,0.0,0.0,0.0,0.0,0.0,0.0,0.0,0.0,0.0
synthext0002aaaaaaaaaaaaaaaaaaaaaa:1.0.3->1.0.4,synthext0002aaaaaaaaaaaaaaaaaaaaaa,Contacts Tool 002,contacts,2026-08-27,synthetic,malicious,redirect_hijack,True,0.9064,3.0,2.0,2.0,3.0,1.0,216.0,216.0,0.0,0.0,0.0,0.0,0.0,1.0,0.0,0.0,0.0,4.0,1.0,1.0,1.0,1.0,0.0,0.0,0.0,3.0,1.0,1.0,0.0,0.0
synthext0003aaaaaaaaaaaaaaaaaaaaaa:1.4.0->1.4.1,synthext0003aaaaaaaaaaaaaaaaaaaaaa,Passmgr Tool 003,passmgr,2026-08-20,synthetic,benign,,False,0.0,0.0,1.0,1.0,0.0,0.0,0.0,0.0,0.0,0.0,-1.0,0.0,0.0,-1.0,0.0,0.0,0.0,3.0,0.0,0.0,0.0,0.0,0.0,0.0,0.0,3.0,0.0,0.0,0.0,0.0
synthext0003aaaaaaaaaaaaaaaaaaaaaa:1.4.1->1.4.2,synthext0003aaaaaaaaaaaaaaaaaaaaaa,Passmgr Tool 003,passmgr,2026-02-02,synthetic,malicious,ad_affiliate,True,0.25,1.0,1.0,1.0,1.0,0.0,0.0,0.0,0.0,0.0,-2.0,0.0,0.0,3.0,0.0,0.0,0.0,2.0,0.0,0.0,1.0,0.0,0.0,0.0,0.0,2.0,0.0,0.0,0.0,0.0
synthext0003aaaaaaaaaaaaaaaaaaaaaa:1.4.2->1.4.3,synthext0003aaaaaaaaaaaaaaaaaaaaaa,Passmgr Tool 003,passmgr,2026-03-27,synthetic,malicious,redirect_hijack,True,0.35,1.0,1.0,1.0,1.0,0.0,0.0,0.0,0.0,0.0,0.0,0.0,0.0,0.0,0.0,0.0,0.0,-1.0,1.0,1.0,0.0,0.0,0.0,0.0,0.0,-2.0,0.0,0.0,0.0,0.0
synthext0003aaaaaaaaaaaaaaaaaaaaaa:1.4.3->1.4.4,synthext0003aaaaaaaaaaaaaaaaaaaaaa,Passmgr Tool 003,passmgr,2026-08-01,synthetic,benign,,False,0.25,3.0,0.0,0.0,3.0,0.0,0.0,0.0,0.0,0.0,-1.0,0.0,0.0,2.0,0.0,0.0,0.0,1.0,0.0,0.0,0.0,0.0,0.0,0.0,0.0,1.0,0.0,0.0,0.0,0.0
synthext0004aaaaaaaaaaaaaaaaaaaaaa:1.6.0->1.6.1,synthext0004aaaaaaaaaaaaaaaaaaaaaa,Weather Tool 004,weather,2026-04-28,synthetic,benign,,False,0.25,0.0,0.0,0.0,0.0,0.0,0.0,0.0,0.0,0.0,-2.0,0.0,0.0,3.0,0.0,0.0,0.0,0.0,0.0,0.0,0.0,0.0,0.0,0.0,0.0,0.0,0.0,0.0,0.0,0.0
synthext0004aaaaaaaaaaaaaaaaaaaaaa:1.6.1->1.6.2,synthext0004aaaaaaaaaaaaaaaaaaaaaa,Weather Tool 004,weather,2026-03-24,synthetic,benign,,False,0.7,1.0,1.0,1.0,1.0,1.0,214.0,214.0,0.0,0.0,0.0,0.0,0.0,1.0,0.0,0.0,0.0,1.0,0.0,0.0,1.0,0.0,0.0,0.0,0.0,1.0,0.0,0.0,0.0,0.0
synthext0004aaaaaaaaaaaaaaaaaaaaaa:1.6.2->1.6.3,synthext0004aaaaaaaaaaaaaaaaaaaaaa,Weather Tool 004,weather,2026-07-29,synthetic,benign,,False,0.7,0.0,1.0,1.0,0.0,1.0,69.0,69.0,0.0,0.0,0.0,0.0,0.0,1.0,0.0,0.0,0.0,1.0,0.0,0.0,0.0,0.0,0.0,0.0,0.0,1.0,1.0,0.0,0.0,0.0
synthext0004aaaaaaaaaaaaaaaaaaaaaa:1.6.3->1.6.4,synthext0004aaaaaaaaaaaaaaaaaaaaaa,Weather Tool 004,weather,2026-10-31,synthetic,benign,,False,0.0,0.0,0.0,0.0,0.0,0.0,0.0,0.0,0.0,0.0,-2.0,0.0,0.0,0.0,0.0,0.0,0.0,-2.0,0.0,0.0,0.0,0.0,0.0,0.0,0.0,-2.0,0.0,0.0,0.0,0.0
synthext0005aaaaaaaaaaaaaaaaaaaaaa:1.6.0->1.6.1,synthext0005aaaaaaaaaaaaaaaaaaaaaa,Translate Tool 005,translate,2026-06-02,synthetic,benign,,False,0.0,2.0,0.0,0.0,2.0,0.0,0.0,0.0,0.0,0.0,-1.0,0.0,0.0,0.0,0.0,0.0,0.0,-2.0,0.0,0.0,0.0,0.0,0.0,0.0,0.0,-2.0,0.0,0.0,0.0,0.0
synthext0005aaaaaaaaaaaaaaaaaaaaaa:1.6.1->1.6.2,synthext0005aaaaaaaaaaaaaaaaaaaaaa,Translate Tool 005,translate,2026-11-11,synthetic,benign,,False,0.55,1.0,0.0,0.0,1.0,0.0,0.0,0.0,0.0,0.0,-1.0,0.0,0.0,1.0,0.0,0.0,0.0,0.0,0.0,0.0,1.0,1.0,0.0,0.0,0.0,0.0,0.0,1.0,0.0,0.0
synthext0005aaaaaaaaaaaaaaaaaaaaaa:1.6.2->1.6.3,synthext0005aaaaaaaaaaaaaaaaaaaaaa,Translate Tool 005,translate,2026-11-12,synthetic,malicious,keylogger,False,0.7,2.0,1.0,1.0,2.0,1.0,64.0,64.0,0.0,0.0,10.0,0.0,0.0,1.0,0.0,0.0,0.0,0.0,0.0,0.0,0.0,0.0,0.0,0.0,0.0,0.0,0.0,0.0,0.0,0.0
synthext0005aaaaaaaaaaaaaaaaaaaaaa:1.6.3->1.6.4,synthext0005aaaaaaaaaaaaaaaaaaaaaa,Translate Tool 005,translate,2026-07-29,synthetic,benign,,False,0.25,1.0,0.0,0.0,1.0,0.0,0.0,0.0,0.0,0.0,0.0,0.0,0.0,4.0,0.0,0.0,0.0,0.0,0.0,0.0,0.0,0.0,0.0,0.0,0.0,0.0,0.0,0.0,0.0,0.0
synthext0006aaaaaaaaaaaaaaaaaaaaaa:1.5.0->1.5.1,synthext0006aaaaaaaaaaaaaaaaaaaaaa,Adblocker Tool 006,adblocker,2026-10-14,synthetic,malicious,form_jacking,False,0.97,1.0,2.0,2.0,1.0,1.0,550.0,550.0,0.0,0.0,0.0,1.0,0.0,2.0,0.0,0.0,0.0,0.0,0.0,0.0,0.0,0.0,0.0,1.0,1.0,0.0,1.0,0.0,0.0,0.0
synthext0006aaaaaaaaaaaaaaaaaaaaaa:1.5.1->1.5.2,synthext0006aaaaaaaaaaaaaaaaaaaaaa,Adblocker Tool 006,adblocker,2026-02-19,synthetic,benign,,False,0.0,2.0,0.0,0.0,2.0,0.0,0.0,0.0,0.0,0.0,0.0,0.0,0.0,0.0,0.0,0.0,0.0,3.0,0.0,0.0,1.0,0.0,0.0,0.0,0.0,3.0,0.0,0.0,0.0,0.0
synthext0006aaaaaaaaaaaaaaaaaaaaaa:1.5.2->1.5.3,synthext0006aaaaaaaaaaaaaaaaaaaaaa,Adblocker Tool 006,adblocker,2026-04-28,synthetic,malicious,cookie_theft,True,0.9934,2.0,1.0,1.0,2.0,1.0,585.0,585.0,0.0,1.0,1.0,1.0,0.0,1.0,1.0,1.0,1.0,3.0,1.0,1.0,0.0,0.0,0.0,1.0,1.0,2.0,1.0,0.0,0.0,0.0
synthext0006aaaaaaaaaaaaaaaaaaaaaa:1.5.3->1.5.4,synthext0006aaaaaaaaaaaaaaaaaaaaaa,Adblocker Tool 006,adblocker,2026-01-04,synthetic,benign,,False,0.6,1.0,1.0,1.0,1.0,1.0,231.0,231.0,0.0,0.0,0.0,0.0,0.0,-1.0,0.0,0.0,0.0,0.0,0.0,0.0,0.0,0.0,0.0,0.0,0.0,0.0,1.0,0.0,0.0,0.0
synthext0007aaaaaaaaaaaaaaaaaaaaaa:1.6.0->1.6.1,synthext0007aaaaaaaaaaaaaaaaaaaaaa,Coupon Tool 007,coupon,2026-06-25,synthetic,benign,,False,0.25,-1.0,0.0,0.0,-1.0,0.0,0.0,0.0,0.0,0.0,0.0,0.0,0.0,1.0,0.0,0.0,0.0,0.0,0.0,0.0,0.0,0.0,0.0,0.0,0.0,0.0,0.0,0.0,0.0,0.0
synthext0007aaaaaaaaaaaaaaaaaaaaaa:1.6.1->1.6.2,synthext0007aaaaaaaaaaaaaaaaaaaaaa,Coupon Tool 007,coupon,2026-01-05,synthetic,malicious,form_jacking,False,0.97,5.0,2.0,2.0,5.0,2.0,632.0,443.0,0.0,0.0,3.0,1.0,0.0,2.0,0.0,0.0,0.0,0.0,0.0,0.0,0.0,0.0,0.0,1.0,1.0,0.0,2.0,0.0,0.0,0.0
synthext0007aaaaaaaaaaaaaaaaaaaaaa:1.6.2->1.6.3,synthext0007aaaaaaaaaaaaaaaaaaaaaa,Coupon Tool 007,coupon,2026-09-07,synthetic,malicious,clipboard_steal,True,0.6,3.0,1.0,1.0,3.0,1.0,65.0,65.0,0.0,0.0,3.0,0.0,0.0,-1.0,0.0,0.0,0.0,0.0,0.0,0.0,0.0,0.0,0.0,0.0,0.0,0.0,1.0,0.0,0.0,0.0
synthext0007aaaaaaaaaaaaaaaaaaaaaa:1.6.3->1.6.4,synthext0007aaaaaaaaaaaaaaaaaaaaaa,Coupon Tool 007,coupon,2026-11-01,synthetic,benign,,False,0.0,2.0,0.0,0.0,2.0,0.0,0.0,0.0,0.0,0.0,-1.0,0.0,0.0,0.0,0.0,0.0,0.0,0.0,0.0,0.0,0.0,0.0,0.0,0.0,0.0,0.0,0.0,0.0,0.0,0.0
synthext0008aaaaaaaaaaaaaaaaaaaaaa:1.0.0->1.0.1,synthext0008aaaaaaaaaaaaaaaaaaaaaa,Screenshot Tool 008,screenshot,2026-08-25,synthetic,benign,,False,0.7,1.0,1.0,1.0,1.0,1.0,37.0,37.0,0.0,0.0,-1.0,0.0,0.0,1.0,0.0,0.0,0.0,0.0,0.0,0.0,0.0,0.0,0.0,0.0,0.0,0.0,1.0,0.0,0.0,0.0
synthext0008aaaaaaaaaaaaaaaaaaaaaa:1.0.1->1.0.2,synthext0008aaaaaaaaaaaaaaaaaaaaaa,Screenshot Tool 008,screenshot,2026-10-24,synthetic,benign,,False,0.25,0.0,0.0,0.0,0.0,0.0,0.0,0.0,0.0,0.0,0.0,0.0,0.0,1.0,0.0,0.0,0.0,0.0,0.0,0.0,0.0,0.0,0.0,0.0,0.0,0.0,0.0,0.0,0.0,0.0
synthext0008aaaaaaaaaaaaaaaaaaaaaa:1.0.2->1.0.3,synthext0008aaaaaaaaaaaaaaaaaaaaaa,Screenshot Tool 008,screenshot,2026-03-10,synthetic,benign,,False,0.7,1.0,1.0,1.0,1.0,1.0,75.0,75.0,0.0,0.0,1.0,0.0,0.0,3.0,0.0,0.0,0.0,1.0,0.0,0.0,0.0,0.0,0.0,0.0,0.0,1.0,1.0,0.0,0.0,0.0
synthext0008aaaaaaaaaaaaaaaaaaaaaa:1.0.3->1.0.4,synthext0008aaaaaaaaaaaaaaaaaaaaaa,Screenshot Tool 008,screenshot,2026-03-26,synthetic,malicious,sw_beacon,True,0.9064,2.0,2.0,2.0,2.0,1.0,431.0,431.0,0.0,1.0,-1.0,0.0,0.0,4.0,1.0,0.0,0.0,1.0,1.0,1.0,1.0,0.0,0.0,0.0,0.0,0.0,1.0,0.0,0.0,0.0
synthext0009aaaaaaaaaaaaaaaaaaaaaa:1.1.0->1.1.1,synthext0009aaaaaaaaaaaaaaaaaaaaaa,Notes Tool 009,notes,2026-08-27,synthetic,benign,,False,0.0,0.0,1.0,1.0,0.0,0.0,0.0,0.0,0.0,0.0,2.0,0.0,0.0,0.0,0.0,0.0,0.0,0.0,0.0,0.0,0.0,0.0,0.0,0.0,0.0,0.0,0.0,0.0,0.0,0.0
synthext0009aaaaaaaaaaaaaaaaaaaaaa:1.1.1->1.1.2,synthext0009aaaaaaaaaaaaaaaaaaaaaa,Notes Tool 009,notes,2026-05-01,synthetic,malicious,sw_beacon,False,0.844,2.0,1.0,1.0,2.0,1.0,557.0,557.0,0.0,1.0,0.0,0.0,0.0,-1.0,1.0,0.0,0.0,-1.0,1.0,1.0,0.0,0.0,0.0,0.0,0.0,-2.0,1.0,0.0,0.0,0.0
synthext0009aaaaaaaaaaaaaaaaaaaaaa:1.1.2->1.1.3,synthext0009aaaaaaaaaaaaaaaaaaaaaa,Notes Tool 009,notes,2026-11-27,synthetic,benign,,False,0.6,1.0,1.0,1.0,1.0,1.0,106.0,106.0,0.0,0.0,-2.0,0.0,0.0,0.0,0.0,0.0,0.0,3.0,0.0,0.0,0.0,0.0,0.0,0.0,0.0,3.0,1.0,0.0,0.0,0.0
synthext0009aaaaaaaaaaaaaaaaaaaaaa:1.1.3->1.1.4,synthext0009aaaaaaaaaaaaaaaaaaaaaa,Notes Tool 009,notes,2026-05-21,synthetic,malicious,credential_theft,False,0.95,1.0,1.0,1.0,1.0,1.0,235.0,235.0,0.0,0.0,2.0,1.0,1.0,0.0,0.0,0.0,0.0,0.0,0.0,0.0,0.0,0.0,0.0,1.0,1.0,0.0,1.0,0.0,0.0,0.0
synthext0010aaaaaaaaaaaaaaaaaaaaaa:1.2.0->1.2.1,synthext0010aaaaaaaaaaaaaaaaaaaaaa,Dictionary Tool 010,dictionary,2026-11-22,synthetic,benign,,False,0.7,1.0,1.0,1.0,1.0,1.0,83.0,83.0,0.0,0.0,0.0,0.0,0.0,1.0,0.0,0.0,0.0,0.0,0.0,0.0,0.0,0.0,0.0,0.0,0.0,0.0,1.0,0.0,0.0,0.0
synthext0010aaaaaaaaaaaaaaaaaaaaaa:1.2.1->1.2.2,synthext0010aaaaaaaaaaaaaaaaaaaaaa,Dictionary Tool 010,dictionary,2026-05-17,synthetic,benign,,False,0.6,0.0,1.0,1.0,0.0,1.0,186.0,186.0,0.0,0.0,0.0,0.0,0.0,-1.0,0.0,0.0,0.0,-2.0,0.0,0.0,0.0,0.0,0.0,0.0,0.0,-2.0,0.0,0.0,0.0,0.0
synthext0010aaaaaaaaaaaaaaaaaaaaaa:1.2.2->1.2.3,synthext0010aaaaaaaaaaaaaaaaaaaaaa,Dictionary Tool 010,dictionary,2026-10-07,synthetic,benign,,False,0.6,2.0,1.0,1.0,2.0,1.0,187.0,187.0,0.0,0.0,0.0,0.0,0.0,0.0,0.0,0.0,0.0,0.0,0.0,0.0,0.0,0.0,0.0,0.0,0.0,0.0,0.0,0.0,0.0,0.0
synthext0010aaaaaaaaaaaaaaaaaaaaaa:1.2.3->1.2.4,synthext0010aaaaaaaaaaaaaaaaaaaaaa,Dictionary Tool 010,dictionary,2026-05-23,synthetic,benign,,False,0.0,1.0,1.0,1.0,1.0,0.0,0.0,0.0,0.0,0.0,-2.0,0.0,0.0,0.0,0.0,0.0,0.0,0.0,0.0,0.0,1.0,0.0,0.0,0.0,0.0,0.0,0.0,0.0,0.0,0.0
synthext0011aaaaaaaaaaaaaaaaaaaaaa:1.3.0->1.3.1,synthext0011aaaaaaaaaaaaaaaaaaaaaa,Videohelper Tool 011,videohelper,2026-10-28,synthetic,malicious,form_jacking,True,0.96,3.0,2.0,2.0,3.0,1.0,652.0,652.0,0.0,0.0,0.0,1.0,0.0,0.0,0.0,0.0,0.0,6.0,0.0,0.0,1.0,0.0,0.0,1.0,1.0,6.0,1.0,0.0,0.0,0.0
synthext0011aaaaaaaaaaaaaaaaaaaaaa:1.3.1->1.3.2,synthext0011aaaaaaaaaaaaaaaaaaaaaa,Videohelper Tool 011,videohelper,2026-06-18,synthetic,benign,,False,0.76,2.0,2.0,2.0,2.0,1.0,214.0,214.0,0.0,0.0,1.0,0.0,0.0,1.0,0.0,0.0,0.0,3.0,0.0,0.0,0.0,0.0,0.0,0.0,0.0,3.0,0.0,0.0,0.0,0.0
synthext0011aaaaaaaaaaaaaaaaaaaaaa:1.3.2->1.3.3,synthext0011aaaaaaaaaaaaaaaaaaaaaa,Videohelper Tool 011,videohelper,2026-02-15,synthetic,malicious,history_exfil,True,0.9251,1.0,2.0,2.0,1.0,2.0,959.0,928.0,0.0,1.0,-1.0,0.0,0.0,-1.0,0.0,0.0,0.0,1.0,1.0,1.0,1.0,1.0,0.0,0.0,0.0,0.0,2.0,1.0,0.0,0.0
synthext0011aaaaaaaaaaaaaaaaaaaaaa:1.3.3->1.3.4,synthext0011aaaaaaaaaaaaaaaaaaaaaa,Videohelper Tool 011,videohelper,2026-04-29,synthetic,malicious,sw_beacon,False,0.883,1.0,1.0,1.0,1.0,1.0,629.0,629.0,0.0,1.0,-1.0,0.0,0.0,2.0,1.0,0.0,0.0,-1.0,1.0,1.0,0.0,0.0,0.0,0.0,0.0,-2.0,1.0,0.0,0.0,0.0
synthext0012aaaaaaaaaaaaaaaaaaaaaa:1.0.0->1.0.1,synthext0012aaaaaaaaaaaaaaaaaaaaaa,Reader Tool 012,reader,2026-08-04,synthetic,malicious,sw_beacon,True,0.8752,4.0,2.0,2.0,4.0,2.0,210.0,126.0,0.0,1.0,0.0,0.0,0.0,0.0,1.0,0.0,0.0,-1.0,1.0,1.0,0.0,0.0,0.0,0.0,0.0,-2.0,2.0,0.0,0.0,0.0
synthext0012aaaaaaaaaaaaaaaaaaaaaa:1.0.1->1.0.2,synthext0012aaaaaaaaaaaaaaaaaaaaaa,Reader Tool 012,reader,2026-05-30,synthetic,benign,,False,0.4,0.0,0.0,0.0,0.0,0.0,0.0,0.0,0.0,0.0,0.0,0.0,0.0,0.0,0.0,0.0,0.0,0.0,0.0,0.0,1.0,1.0,0.0,0.0,0.0,0.0,0.0,1.0,0.0,0.0
synthext0012aaaaaaaaaaaaaaaaaaaaaa:1.0.2->1.0.3,synthext0012aaaaaaaaaaaaaaaaaaaaaa,Reader Tool 012,reader,2026-08-10,synthetic,malicious,clipboard_steal,False,0.6,0.0,1.0,1.0,0.0,1.0,242.0,242.0,0.0,0.0,0.0,0.0,0.0,0.0,0.0,0.0,0.0,2.0,0.0,0.0,0.0,0.0,0.0,0.0,0.0,2.0,1.0,0.0,0.0,0.0
synthext0012aaaaaaaaaaaaaaaaaaaaaa:1.0.3->1.0.4,synthext0012aaaaaaaaaaaaaaaaaaaaaa,Reader Tool 012,reader,2026-09-15,synthetic,benign,,False,0.6,1.0,1.0,1.0,1.0,1.0,64.0,64.0,0.0,0.0,-1.0,0.0,0.0,0.0,0.0,0.0,0.0,2.0,0.0,0.0,0.0,0.0,0.0,0.0,0.0,2.0,0.0,0.0,0.0,0.0
synthext0013aaaaaaaaaaaaaaaaaaaaaa:1.3.0->1.3.1,synthext0013aaaaaaaaaaaaaaaaaaaaaa,Shopper Tool 013,shopper,2026-02-06,synthetic,malicious,credential_theft,False,0.96,3.0,3.0,3.0,3.0,3.0,594.0,401.0,0.0,0.0,0.0,1.0,1.0,0.0,0.0,0.0,0.0,-2.0,0.0,0.0,1.0,0.0,0.0,1.0,1.0,-2.0,2.0,0.0,0.0,0.0
synthext0013aaaaaaaaaaaaaaaaaaaaaa:1.3.1->1.3.2,synthext0013aaaaaaaaaaaaaaaaaaaaaa,Shopper Tool 013,shopper,2026-09-15,synthetic,malicious,credential_theft,False,0.95,0.0,1.0,1.0,0.0,1.0,582.0,582.0,0.0,0.0,3.0,1.0,1.0,0.0,0.0,0.0,0.0,-2.0,0.0,0.0,0.0,0.0,0.0,1.0,1.0,-2.0,1.0,0.0,0.0,0.0
synthext0013aaaaaaaaaaaaaaaaaaaaaa:1.3.2->1.3.3,synthext0013aaaaaaaaaaaaaaaaaaaaaa,Shopper Tool 013,shopper,2026-07-26,synthetic,malicious,cookie_theft,False,0.9971,2.0,2.0,2.0,2.0,1.0,1135.0,1135.0,0.0,1.0,2.0,1.0,0.0,0.0,1.0,1.0,1.0,0.0,1.0,1.0,1.0,1.0,0.0,1.0,1.0,-1.0,1.0,1.0,0.0,0.0
synthext0013aaaaaaaaaaaaaaaaaaaaaa:1.3.3->1.3.4,synthext0013aaaaaaaaaaaaaaaaaaaaaa,Shopper Tool 013,shopper,2026-01-31,synthetic,benign,,False,0.0,0.0,1.0,1.0,0.0,0.0,0.0,0.0,0.0,0.0,-2.0,0.0,0.0,0.0,0.0,0.0,0.0,0.0,0.0,0.0,0.0,0.0,0.0,0.0,0.0,0.0,0.0,0.0,0.0,0.0
synthext0014aaaaaaaaaaaaaaaaaaaaaa:1.3.0->1.3.1,synthext0014aaaaaaaaaaaaaaaaaaaaaa,Contacts Tool 014,contacts,2026-10-18,synthetic,benign,,False,0.25,1.0,0.0,0.0,1.0,0.0,0.0,0.0,0.0,0.0,-1.0,0.0,-1.0,2.0,0.0,0.0,0.0,2.0,0.0,0.0,0.0,0.0,0.0,0.0,0.0,2.0,0.0,0.0,0.0,0.0
synthext0014aaaaaaaaaaaaaaaaaaaaaa:1.3.1->1.3.2,synthext0014aaaaaaaaaaaaaaaaaaaaaa,Contacts Tool 014,contacts,2026-10-03,synthetic,malicious,redirect_hijack,False,0.8752,1.0,2.0,2.0,1.0,1.0,110.0,110.0,0.0,0.0,-2.0,0.0,0.0,0.0,0.0,0.0,0.0,1.0,1.0,1.0,2.0,1.0,0.0,0.0,0.0,0.0,1.0,1.0,0.0,0.0
synthext0014aaaaaaaaaaaaaaaaaaaaaa:1.3.2->1.3.3,synthext0014aaaaaaaaaaaaaaaaaaaaaa,Contacts Tool 014,contacts,2026-03-15,synthetic,benign,,False,0.6,0.0,1.0,1.0,0.0,1.0,202.0,202.0,0.0,0.0,0.0,0.0,0.0,0.0,0.0,0.0,0.0,0.0,0.0,0.0,1.0,0.0,0.0,0.0,0.0,0.0,0.0,0.0,0.0,0.0
synthext0014aaaaaaaaaaaaaaaaaaaaaa:1.3.3->1.3.4,synthext0014aaaaaaaaaaaaaaaaaaaaaa,Contacts Tool 014,contacts,2026-06-07,synthetic,malicious,clipboard_steal,False,0.68,4.0,3.0,3.0,4.0,2.0,295.0,166.0,0.0,0.0,0.0,0.0,-1.0,-1.0,0.0,0.0,0.0,0.0,0.0,0.0,0.0,0.0,0.0,0.0,0.0,0.0,1.0,0.0,0.0,0.0
synthext0015aaaaaaaaaaaaaaaaaaaaaa:1.0.0->1.0.1,synthext0015aaaaaaaaaaaaaaaaaaaaaa,Passmgr Tool 015,passmgr,2026-07-16,synthetic,benign,,False,0.25,-1.0,0.0,0.0,-1.0,0.0,0.0,0.0,0.0,0.0,-1.0,0.0,0.0,4.0,0.0,0.0,0.0,0.0,0.0,0.0,0.0,0.0,0.0,0.0,0.0,0.0,0.0,0.0,0.0,0.0
synthext0015aaaaaaaaaaaaaaaaaaaaaa:1.0.1->1.0.2,synthext0015aaaaaaaaaaaaaaaaaaaaaa,Passmgr Tool 015,passmgr,2026-01-31,synthetic,benign,,False,0.55,1.0,0.0,0.0,1.0,0.0,0.0,0.0,0.0,0.0,-1.0,0.0,0.0,1.0,0.0,0.0,0.0,0.0,0.0,0.0,1.0,1.0,0.0,0.0,0.0,0.0,0.0,1.0,0.0,0.0
synthext0015aaaaaaaaaaaaaaaaaaaaaa:1.0.2->1.0.3,synthext0015aaaaaaaaaaaaaaaaaaaaaa,Passmgr Tool 015,passmgr,2026-03-06,synthetic,benign,,False,0.25,1.0,0.0,0.0,1.0,0.0,0.0,0.0,0.0,0.0,-1.0,0.0,0.0,1.0,0.0,0.0,0.0,3.0,0.0,0.0,0.0,0.0,0.0,0.0,0.0,3.0,0.0,0.0,0.0,0.0
synthext0015aaaaaaaaaaaaaaaaaaaaaa:1.0.3->1.0.4,synthext0015aaaaaaaaaaaaaaaaaaaaaa,Passmgr Tool 015,passmgr,2026-05-27,synthetic,malicious,history_exfil,False,0.9688,2.0,2.0,2.0,2.0,2.0,589.0,433.0,0.0,1.0,1.0,0.0,0.0,0.0,0.0,0.0,0.0,3.0,1.0,1.0,0.0,0.0,0.0,2.0,2.0,2.0,0.0,0.0,0.0,0.0
synthext0016aaaaaaaaaaaaaaaaaaaaaa:1.5.0->1.5.1,synthext0016aaaaaaaaaaaaaaaaaaaaaa,Weather Tool 016,weather,2026-09-30,synthetic,malicious,redirect_hijack,True,0.7075,3.0,1.0,1.0,3.0,0.0,0.0,0.0,0.0,0.0,0.0,0.0,0.0,1.0,0.0,0.0,0.0,1.0,1.0,1.0,1.0,1.0,0.0,0.0,0.0,0.0,0.0,1.0,0.0,0.0
synthext0016aaaaaaaaaaaaaaaaaaaaaa:1.5.1->1.5.2,synthext0016aaaaaaaaaaaaaaaaaaaaaa,Weather Tool 016,weather,2026-01-28,synthetic,malicious,cookie_theft,True,0.9963,1.0,1.0,1.0,1.0,1.0,1686.0,1686.0,0.0,1.0,1.0,1.0,0.0,-1.0,1.0,1.0,1.0,1.0,1.0,1.0,1.0,1.0,0.0,1.0,1.0,0.0,0.0,1.0,0.0,0.0
synthext0016aaaaaaaaaaaaaaaaaaaaaa:1.5.2->1.5.3,synthext0016aaaaaaaaaaaaaaaaaaaaaa,Weather Tool 016,weather,2026-02-22,synthetic,malicious,keylogger,False,0.76,1.0,2.0,2.0,1.0,2.0,365.0,214.0,0.0,0.0,6.0,0.0,0.0,1.0,0.0,0.0,0.0,1.0,0.0,0.0,1.0,0.0,0.0,0.0,0.0,1.0,1.0,0.0,0.0,0.0
synthext0016aaaaaaaaaaaaaaaaaaaaaa:1.5.3->1.5.4,synthext0016aaaaaaaaaaaaaaaaaaaaaa,Weather Tool 016,weather,2026-02-09,synthetic,benign,,False,0.25,1.0,1.0,1.0,1.0,0.0,0.0,0.0,0.0,0.0,0.0,0.0,0.0,1.0,0.0,0.0,0.0,2.0,0.0,0.0,0.0,0.0,0.0,0.0,0.0,2.0,0.0,0.0,0.0,0.0
synthext0017aaaaaaaaaaaaaaaaaaaaaa:1.0.0->1.0.1,synthext0017aaaaaaaaaaaaaaaaaaaaaa,Translate Tool 017,translate,2026-07-22,synthetic,benign,,False,0.25,1.0,0.0,0.0,1.0,0.0,0.0,0.0,0.0,0.0,2.0,0.0,0.0,2.0,0.0,0.0,0.0,0.0,0.0,0.0,0.0,0.0,0.0,0.0,0.0,0.0,0.0,0.0,0.0,0.0
synthext0017aaaaaaaaaaaaaaaaaaaaaa:1.0.1->1.0.2,synthext0017aaaaaaaaaaaaaaaaaaaaaa,Translate Tool 017,translate,2026-01-22,synthetic,benign,,False,0.25,-1.0,0.0,0.0,-1.0,0.0,0.0,0.0,0.0,0.0,2.0,0.0,0.0,1.0,0.0,0.0,0.0,2.0,0.0,0.0,0.0,0.0,0.0,0.0,0.0,2.0,0.0,0.0,0.0,0.0
synthext0017aaaaaaaaaaaaaaaaaaaaaa:1.0.2->1.0.3,synthext0017aaaaaaaaaaaaaaaaaaaaaa,Translate Tool 017,translate,2026-11-08,synthetic,benign,,False,0.82,2.0,1.0,1.0,2.0,1.0,180.0,180.0,0.0,0.0,1.0,0.0,0.0,1.0,0.0,0.0,0.0,1.0,0.0,0.0,1.0,1.0,0.0,0.0,0.0,1.0,0.0,1.0,0.0,0.0
synthext0017aaaaaaaaaaaaaaaaaaaaaa:1.0.3->1.0.4,synthext0017aaaaaaaaaaaaaaaaaaaaaa,Translate Tool 017,translate,2026-09-22,synthetic,malicious,redirect_hijack,True,0.792,4.0,3.0,3.0,4.0,1.0,33.0,33.0,0.0,0.0,-2.0,0.0,0.0,0.0,0.0,0.0,0.0,1.0,1.0,1.0,0.0,0.0,0.0,0.0,0.0,0.0,1.0,0.0,0.0,0.0
synthext0018aaaaaaaaaaaaaaaaaaaaaa:1.6.0->1.6.1,synthext0018aaaaaaaaaaaaaaaaaaaaaa,Adblocker Tool 018,adblocker,2026-04-10,synthetic,malicious,credential_theft,False,0.96,2.0,2.0,2.0,2.0,2.0,329.0,173.0,0.0,0.0,3.0,1.0,1.0,0.0,0.0,0.0,0.0,1.0,0.0,0.0,1.0,0.0,0.0,1.0,1.0,1.0,1.0,0.0,0.0,0.0
synthext0018aaaaaaaaaaaaaaaaaaaaaa:1.6.1->1.6.2,synthext0018aaaaaaaaaaaaaaaaaaaaaa,Adblocker Tool 018,adblocker,2026-02-26,synthetic,malicious,clipboard_steal,True,0.6,1.0,1.0,1.0,1.0,1.0,109.0,109.0,0.0,0.0,1.0,0.0,0.0,0.0,0.0,0.0,0.0,0.0,0.0,0.0,0.0,0.0,0.0,0.0,0.0,0.0,1.0,0.0,0.0,0.0
synthext0018aaaaaaaaaaaaaaaaaaaaaa:1.6.2->1.6.3,synthext0018aaaaaaaaaaaaaaaaaaaaaa,Adblocker Tool 018,adblocker,2026-04-30,synthetic,benign,,False,0.25,-1.0,0.0,0.0,-1.0,0.0,0.0,0.0,0.0,0.0,0.0,0.0,0.0,2.0,0.0,0.0,0.0,0.0,0.0,0.0,1.0,0.0,0.0,0.0,0.0,0.0,0.0,0.0,0.0,0.0
synthext0018aaaaaaaaaaaaaaaaaaaaaa:1.6.3->1.6.4,synthext0018aaaaaaaaaaaaaaaaaaaaaa,Adblocker Tool 018,adblocker,2026-08-16,synthetic,benign,,False,0.25,2.0,0.0,0.0,2.0,0.0,0.0,0.0,0.0,0.0,0.0,0.0,0.0,1.0,0.0,0.0,0.0,2.0,0.0,0.0,0.0,0.0,0.0,0.0,0.0,2.0,0.0,0.0,0.0,0.0
synthext0019aaaaaaaaaaaaaaaaaaaaaa:1.1.0->1.1.1,synthext0019aaaaaaaaaaaaaaaaaaaaaa,Coupon Tool 019,coupon,2026-01-21,synthetic,benign,,False,0.6,0.0,1.0,1.0,0.0,1.0,164.0,164.0,0.0,0.0,-2.0,0.0,0.0,0.0,0.0,0.0,0.0,-1.0,0.0,0.0,0.0,0.0,0.0,0.0,0.0,-1.0,0.0,0.0,0.0,0.0
synthext0019aaaaaaaaaaaaaaaaaaaaaa:1.1.1->1.1.2,synthext0019aaaaaaaaaaaaaaaaaaaaaa,Coupon Tool 019,coupon,2026-03-19,synthetic,benign,,False,0.68,2.0,2.0,2.0,2.0,2.0,306.0,235.0,0.0,0.0,3.0,0.0,0.0,0.0,0.0,0.0,0.0,2.0,0.0,0.0,0.0,0.0,0.0,0.0,0.0,2.0,1.0,0.0,0.0,0.0
synthext0019aaaaaaaaaaaaaaaaaaaaaa:1.1.2->1.1.3,synthext0019aaaaaaaaaaaaaaaaaaaaaa,Coupon Tool 019,coupon,2026-06-14,synthetic,malicious,form_jacking,False,0.96,3.0,3.0,3.0,3.0,2.0,572.0,513.0,0.0,0.0,-1.0,1.0,0.0,0.0,0.0,0.0,0.0,-2.0,0.0,0.0,0.0,0.0,0.0,1.0,1.0,-2.0,2.0,0.0,0.0,0.0
synthext0019aaaaaaaaaaaaaaaaaaaaaa:1.1.3->1.1.4,synthext0019aaaaaaaaaaaaaaaaaaaaaa,Coupon Tool 019,coupon,2026-07-23,synthetic,benign,,False,0.6,1.0,1.0,1.0,1.0,1.0,30.0,30.0,0.0,0.0,-1.0,0.0,0.0,0.0,0.0,0.0,0.0,-2.0,0.0,0.0,0.0,0.0,0.0,0.0,0.0,-2.0,1.0,0.0,0.0,0.0
synthext0020aaaaaaaaaaaaaaaaaaaaaa:1.3.0->1.3.1,synthext0020aaaaaaaaaaaaaaaaaaaaaa,Screenshot Tool 020,screenshot,2026-10-26,synthetic,benign,,False,0.25,0.0,0.0,0.0,0.0,0.0,0.0,0.0,0.0,0.0,0.0,0.0,0.0,3.0,0.0,0.0,0.0,2.0,0.0,0.0,1.0,0.0,0.0,0.0,0.0,2.0,0.0,0.0,0.0,0.0
synthext0020aaaaaaaaaaaaaaaaaaaaaa:1.3.1->1.3.2,synthext0020aaaaaaaaaaaaaaaaaaaaaa,Screenshot Tool 020,screenshot,2026-01-14,synthetic,benign,,False,0.25,0.0,0.0,0.0,0.0,0.0,0.0,0.0,0.0,0.0,1.0,0.0,0.0,1.0,0.0,0.0,0.0,2.0,0.0,0.0,1.0,0.0,0.0,0.0,0.0,2.0,0.0,0.0,0.0,0.0
synthext0020aaaaaaaaaaaaaaaaaaaaaa:1.3.2->1.3.3,synthext0020aaaaaaaaaaaaaaaaaaaaaa,Screenshot Tool 020,screenshot,2026-07-04,synthetic,benign,,False,0.25,0.0,0.0,0.0,0.0,0.0,0.0,0.0,0.0,0.0,-1.0,0.0,0.0,3.0,0.0,0.0,0.0,0.0,0.0,0.0,0.0,0.0,0.0,0.0,0.0,0.0,0.0,0.0,0.0,0.0
synthext0020aaaaaaaaaaaaaaaaaaaaaa:1.3.3->1.3.4,synthext0020aaaaaaaaaaaaaaaaaaaaaa,Screenshot Tool 020,screenshot,2026-11-24,synthetic,benign,,False,0.76,1.0,1.0,1.0,1.0,1.0,189.0,189.0,0.0,0.0,2.0,0.0,0.0,0.0,0.0,0.0,0.0,-1.0,0.0,0.0,1.0,1.0,0.0,0.0,0.0,-1.0,0.0,1.0,0.0,0.0
synthext0021aaaaaaaaaaaaaaaaaaaaaa:1.6.0->1.6.1,synthext0021aaaaaaaaaaaaaaaaaaaaaa,Notes Tool 021,notes,2026-06-03,synthetic,malicious,clipboard_steal,True,0.6,1.0,1.0,1.0,1.0,1.0,107.0,107.0,0.0,0.0,1.0,0.0,0.0,0.0,0.0,0.0,0.0,3.0,0.0,0.0,0.0,0.0,0.0,0.0,0.0,3.0,0.0,0.0,0.0,0.0
synthext0021aaaaaaaaaaaaaaaaaaaaaa:1.6.1->1.6.2,synthext0021aaaaaaaaaaaaaaaaaaaaaa,Notes Tool 021,notes,2026-10-26,synthetic,malicious,sw_beacon,False,0.9064,2.0,2.0,2.0,2.0,2.0,717.0,629.0,0.0,1.0,1.0,0.0,0.0,4.0,1.0,0.0,0.0,-1.0,1.0,1.0,1.0,0.0,0.0,0.0,0.0,-2.0,2.0,0.0,0.0,0.0
synthext0021aaaaaaaaaaaaaaaaaaaaaa:1.6.2->1.6.3,synthext0021aaaaaaaaaaaaaaaaaaaaaa,Notes Tool 021,notes,2026-01-11,synthetic,benign,,False,0.7,2.0,1.0,1.0,2.0,1.0,218.0,218.0,0.0,0.0,0.0,0.0,0.0,2.0,0.0,0.0,0.0,0.0,0.0,0.0,0.0,0.0,0.0,0.0,0.0,0.0,0.0,0.0,0.0,0.0
synthext0021aaaaaaaaaaaaaaaaaaaaaa:1.6.3->1.6.4,synthext0021aaaaaaaaaaaaaaaaaaaaaa,Notes Tool 021,notes,2026-04-14,synthetic,benign,,False,0.0,1.0,0.0,0.0,1.0,0.0,0.0,0.0,0.0,0.0,1.0,0.0,0.0,-1.0,0.0,0.0,0.0,0.0,0.0,0.0,1.0,0.0,0.0,0.0,0.0,0.0,0.0,0.0,0.0,0.0
synthext0022aaaaaaaaaaaaaaaaaaaaaa:1.2.0->1.2.1,synthext0022aaaaaaaaaaaaaaaaaaaaaa,Dictionary Tool 022,dictionary,2026-03-12,synthetic,benign,,False,0.25,0.0,0.0,0.0,0.0,0.0,0.0,0.0,0.0,0.0,1.0,0.0,0.0,2.0,0.0,0.0,0.0,2.0,0.0,0.0,1.0,0.0,0.0,0.0,0.0,2.0,0.0,0.0,0.0,0.0
synthext0022aaaaaaaaaaaaaaaaaaaaaa:1.2.1->1.2.2,synthext0022aaaaaaaaaaaaaaaaaaaaaa,Dictionary Tool 022,dictionary,2026-08-30,synthetic,malicious,redirect_hijack,False,0.7075,0.0,1.0,1.0,0.0,0.0,0.0,0.0,0.0,0.0,1.0,0.0,0.0,1.0,0.0,0.0,0.0,3.0,1.0,1.0,1.0,1.0,0.0,0.0,0.0,2.0,0.0,1.0,0.0,0.0
synthext0022aaaaaaaaaaaaaaaaaaaaaa:1.2.2->1.2.3,synthext0022aaaaaaaaaaaaaaaaaaaaaa,Dictionary Tool 022,dictionary,2026-01-03,synthetic,benign,,False,0.6,1.0,1.0,1.0,1.0,1.0,214.0,214.0,0.0,0.0,1.0,0.0,0.0,0.0,0.0,0.0,0.0,0.0,0.0,0.0,1.0,0.0,0.0,0.0,0.0,0.0,0.0,0.0,0.0,0.0
synthext0022aaaaaaaaaaaaaaaaaaaaaa:1.2.3->1.2.4,synthext0022aaaaaaaaaaaaaaaaaaaaaa,Dictionary Tool 022,dictionary,2026-03-12,synthetic,malicious,keylogger,False,0.6,0.0,1.0,1.0,0.0,1.0,143.0,143.0,0.0,0.0,5.0,0.0,0.0,0.0,0.0,0.0,0.0,1.0,0.0,0.0,0.0,0.0,0.0,0.0,0.0,1.0,1.0,0.0,0.0,0.0
synthext0023aaaaaaaaaaaaaaaaaaaaaa:1.2.0->1.2.1,synthext0023aaaaaaaaaaaaaaaaaaaaaa,Videohelper Tool 023,videohelper,2026-06-07,synthetic,malicious,history_exfil,False,0.883,1.0,1.0,1.0,1.0,1.0,169.0,169.0,0.0,1.0,-1.0,0.0,0.0,1.0,0.0,0.0,0.0,3.0,1.0,1.0,0.0,0.0,0.0,0.0,0.0,2.0,1.0,0.0,0.0,0.0
synthext0023aaaaaaaaaaaaaaaaaaaaaa:1.2.1->1.2.2,synthext0023aaaaaaaaaaaaaaaaaaaaaa,Videohelper Tool 023,videohelper,2026-01-13,synthetic,malicious,keylogger,True,0.7,2.0,1.0,1.0,2.0,1.0,107.0,107.0,0.0,0.0,9.0,0.0,0.0,1.0,0.0,0.0,0.0,2.0,0.0,0.0,0.0,0.0,0.0,0.0,0.0,2.0,1.0,0.0,0.0,0.0
synthext0023aaaaaaaaaaaaaaaaaaaaaa:1.2.2->1.2.3,synthext0023aaaaaaaaaaaaaaaaaaaaaa,Videohelper Tool 023,videohelper,2026-09-20,synthetic,malicious,ad_affiliate,True,0.4,3.0,2.0,2.0,3.0,0.0,0.0,0.0,0.0,0.0,1.0,0.0,0.0,4.0,0.0,0.0,0.0,0.0,0.0,0.0,0.0,0.0,0.0,0.0,0.0,0.0,0.0,0.0,0.0,0.0
synthext0023aaaaaaaaaaaaaaaaaaaaaa:1.2.3->1.2.4,synthext0023aaaaaaaaaaaaaaaaaaaaaa,Videohelper Tool 023,videohelper,2026-06-26,synthetic,benign,,False,0.25,1.0,1.0,1.0,1.0,0.0,0.0,0.0,0.0,0.0,-1.0,0.0,0.0,1.0,0.0,0.0,0.0,-2.0,0.0,0.0,0.0,0.0,0.0,0.0,0.0,-2.0,0.0,0.0,0.0,0.0
synthext0024aaaaaaaaaaaaaaaaaaaaaa:1.3.0->1.3.1,synthext0024aaaaaaaaaaaaaaaaaaaaaa,Reader Tool 024,reader,2026-04-06,synthetic,benign,,False,0.25,0.0,0.0,0.0,0.0,0.0,0.0,0.0,0.0,0.0,-2.0,0.0,0.0,1.0,0.0,0.0,0.0,0.0,0.0,0.0,1.0,0.0,0.0,0.0,0.0,0.0,0.0,0.0,0.0,0.0
synthext0024aaaaaaaaaaaaaaaaaaaaaa:1.3.1->1.3.2,synthext0024aaaaaaaaaaaaaaaaaaaaaa,Reader Tool 024,reader,2026-08-18,synthetic,benign,,False,0.7,2.0,1.0,1.0,2.0,1.0,94.0,94.0,0.0,0.0,-2.0,0.0,0.0,2.0,0.0,0.0,0.0,2.0,0.0,0.0,0.0,0.0,0.0,0.0,0.0,2.0,1.0,0.0,0.0,0.0
synthext0024aaaaaaaaaaaaaaaaaaaaaa:1.3.2->1.3.3,synthext0024aaaaaaaaaaaaaaaaaaaaaa,Reader Tool 024,reader,2026-05-27,synthetic,benign,,False,0.25,2.0,1.0,1.0,2.0,0.0,0.0,0.0,0.0,0.0,0.0,0.0,0.0,1.0,0.0,0.0,0.0,0.0,0.0,0.0,0.0,0.0,0.0,0.0,0.0,0.0,0.0,0.0,0.0,0.0
synthext0024aaaaaaaaaaaaaaaaaaaaaa:1.3.3->1.3.4,synthext0024aaaaaaaaaaaaaaaaaaaaaa,Reader Tool 024,reader,2026-08-27,synthetic,benign,,False,0.25,3.0,0.0,0.0,3.0,0.0,0.0,0.0,0.0,0.0,1.0,0.0,0.0,1.0,0.0,0.0,0.0,-2.0,0.0,0.0,1.0,0.0,0.0,0.0,0.0,-2.0,0.0,0.0,0.0,0.0
synthext0025aaaaaaaaaaaaaaaaaaaaaa:1.2.0->1.2.1,synthext0025aaaaaaaaaaaaaaaaaaaaaa,Shopper Tool 025,shopper,2026-04-12,synthetic,benign,,False,0.6,1.0,1.0,1.0,1.0,1.0,128.0,128.0,0.0,0.0,1.0,0.0,0.0,0.0,0.0,0.0,0.0,0.0,0.0,0.0,0.0,0.0,0.0,0.0,0.0,0.0,0.0,0.0,0.0,0.0
synthext0025aaaaaaaaaaaaaaaaaaaaaa:1.2.1->1.2.2,synthext0025aaaaaaaaaaaaaaaaaaaaaa,Shopper Tool 025,shopper,2026-10-17,synthetic,malicious,cookie_theft,True,0.9971,3.0,3.0,3.0,3.0,2.0,1625.0,1536.0,0.0,1.0,0.0,1.0,0.0,0.0,1.0,1.0,1.0,6.0,1.0,1.0,1.0,1.0,0.0,1.0,1.0,5.0,1.0,1.0,0.0,0.0
synthext0025aaaaaaaaaaaaaaaaaaaaaa:1.2.2->1.2.3,synthext0025aaaaaaaaaaaaaaaaaaaaaa,Shopper Tool 025,shopper,2026-06-18,synthetic,benign,,False,0.6,2.0,1.0,1.0,2.0,1.0,87.0,87.0,0.0,0.0,-1.0,0.0,0.0,-1.0,0.0,0.0,0.0,2.0,0.0,0.0,0.0,0.0,0.0,0.0,0.0,2.0,1.0,0.0,0.0,0.0
synthext0025aaaaaaaaaaaaaaaaaaaaaa:1.2.3->1.2.4,synthext0025aaaaaaaaaaaaaaaaaaaaaa,Shopper Tool 025,shopper,2026-04-12,synthetic,malicious,form_jacking,True,0.95,1.0,1.0,1.0,1.0,1.0,83.0,83.0,0.0,0.0,2.0,1.0,0.0,0.0,0.0,0.0,0.0,4.0,0.0,0.0,0.0,0.0,0.0,1.0,1.0,4.0,1.0,0.0,0.0,0.0
synthext0026aaaaaaaaaaaaaaaaaaaaaa:1.6.0->1.6.1,synthext0026aaaaaaaaaaaaaaaaaaaaaa,Contacts Tool 026,contacts,2026-11-09,synthetic,benign,,False,0.55,0.0,0.0,0.0,0.0,0.0,0.0,0.0,0.0,0.0,2.0,0.0,1.0,1.0,0.0,0.0,0.0,0.0,0.0,0.0,1.0,1.0,0.0,0.0,0.0,0.0,0.0,1.0,0.0,0.0
synthext0026aaaaaaaaaaaaaaaaaaaaaa:1.6.1->1.6.2,synthext0026aaaaaaaaaaaaaaaaaaaaaa,Contacts Tool 026,contacts,2026-09-22,synthetic,benign,,False,0.0,2.0,1.0,1.0,2.0,0.0,0.0,0.0,0.0,0.0,0.0,0.0,2.0,0.0,0.0,0.0,0.0,0.0,0.0,0.0,0.0,0.0,0.0,0.0,0.0,0.0,0.0,0.0,0.0,0.0
synthext0026aaaaaaaaaaaaaaaaaaaaaa:1.6.2->1.6.3,synthext0026aaaaaaaaaaaaaaaaaaaaaa,Contacts Tool 026,contacts,2026-11-18,synthetic,malicious,credential_theft,True,0.95,1.0,1.0,1.0,1.0,1.0,234.0,234.0,0.0,0.0,4.0,1.0,1.0,0.0,0.0,0.0,0.0,2.0,0.0,0.0,0.0,0.0,0.0,1.0,1.0,2.0,1.0,0.0,0.0,0.0
synthext0026aaaaaaaaaaaaaaaaaaaaaa:1.6.3->1.6.4,synthext0026aaaaaaaaaaaaaaaaaaaaaa,Contacts Tool 026,contacts,2026-09-08,synthetic,benign,,False,0.0,-1.0,0.0,0.0,-1.0,0.0,0.0,0.0,0.0,0.0,1.0,0.0,1.0,0.0,0.0,0.0,0.0,-2.0,0.0,0.0,0.0,0.0,0.0,0.0,0.0,-2.0,0.0,0.0,0.0,0.0
synthext0027aaaaaaaaaaaaaaaaaaaaaa:1.6.0->1.6.1,synthext0027aaaaaaaaaaaaaaaaaaaaaa,Passmgr Tool 027,passmgr,2026-06-09,synthetic,benign,,False,0.25,-1.0,0.0,0.0,-1.0,0.0,0.0,0.0,0.0,0.0,1.0,0.0,0.0,3.0,0.0,0.0,0.0,1.0,0.0,0.0,0.0,0.0,0.0,0.0,0.0,1.0,0.0,0.0,0.0,0.0
synthext0027aaaaaaaaaaaaaaaaaaaaaa:1.6.1->1.6.2,synthext0027aaaaaaaaaaaaaaaaaaaaaa,Passmgr Tool 027,passmgr,2026-07-27,synthetic,benign,,False,0.9,1.0,1.0,1.0,1.0,1.0,64.0,64.0,0.0,0.0,0.0,0.0,0.0,-1.0,0.0,0.0,0.0,3.0,0.0,0.0,0.0,0.0,0.0,1.0,1.0,3.0,1.0,0.0,0.0,0.0
synthext0027aaaaaaaaaaaaaaaaaaaaaa:1.6.2->1.6.3,synthext0027aaaaaaaaaaaaaaaaaaaaaa,Passmgr Tool 027,passmgr,2026-10-22,synthetic,benign,,False,0.25,1.0,1.0,1.0,1.0,0.0,0.0,0.0,0.0,0.0,0.0,0.0,0.0,1.0,0.0,0.0,0.0,0.0,0.0,0.0,0.0,0.0,0.0,0.0,0.0,0.0,0.0,0.0,0.0,0.0
synthext0027aaaaaaaaaaaaaaaaaaaaaa:1.6.3->1.6.4,synthext0027aaaaaaaaaaaaaaaaaaaaaa,Passmgr Tool 027,passmgr,2026-01-14,synthetic,benign,,False,0.925,0.0,1.0,1.0,0.0,1.0,96.0,96.0,0.0,0.0,-1.0,0.0,0.0,1.0,0.0,0.0,0.0,0.0,0.0,0.0,1.0,0.0,0.0,1.0,1.0,0.0,1.0,0.0,0.0,0.0
synthext0028aaaaaaaaaaaaaaaaaaaaaa:1.6.0->1.6.1,synthext0028aaaaaaaaaaaaaaaaaaaaaa,Weather Tool 028,weather,2026-04-30,synthetic,benign,,False,0.25,0.0,1.0,1.0,0.0,0.0,0.0,0.0,0.0,0.0,1.0,0.0,0.0,3.0,0.0,0.0,0.0,2.0,0.0,0.0,0.0,0.0,0.0,0.0,0.0,2.0,0.0,0.0,0.0,0.0
synthext0028aaaaaaaaaaaaaaaaaaaaaa:1.6.1->1.6.2,synthext0028aaaaaaaaaaaaaaaaaaaaaa,Weather Tool 028,weather,2026-02-09,synthetic,benign,,False,0.0,-1.0,0.0,0.0,-1.0,0.0,0.0,0.0,0.0,0.0,-2.0,0.0,0.0,-1.0,0.0,0.0,0.0,-1.0,0.0,0.0,0.0,0.0,0.0,0.0,0.0,-1.0,0.0,0.0,0.0,0.0
synthext0028aaaaaaaaaaaaaaaaaaaaaa:1.6.2->1.6.3,synthext0028aaaaaaaaaaaaaaaaaaaaaa,Weather Tool 028,weather,2026-01-05,synthetic,benign,,False,0.6,1.0,1.0,1.0,1.0,1.0,52.0,52.0,0.0,0.0,0.0,0.0,0.0,-1.0,0.0,0.0,0.0,5.0,0.0,0.0,1.0,0.0,0.0,0.0,0.0,5.0,1.0,0.0,0.0,0.0
synthext0028aaaaaaaaaaaaaaaaaaaaaa:1.6.3->1.6.4,synthext0028aaaaaaaaaaaaaaaaaaaaaa,Weather Tool 028,weather,2026-05-03,synthetic,benign,,False,0.7,2.0,1.0,1.0,2.0,1.0,66.0,66.0,0.0,0.0,-1.0,0.0,0.0,2.0,0.0,0.0,0.0,-2.0,0.0,0.0,0.0,0.0,0.0,0.0,0.0,-2.0,1.0,0.0,0.0,0.0
synthext0029aaaaaaaaaaaaaaaaaaaaaa:1.3.0->1.3.1,synthext0029aaaaaaaaaaaaaaaaaaaaaa,Translate Tool 029,translate,2026-01-22,synthetic,benign,,False,0.0,0.0,0.0,0.0,0.0,0.0,0.0,0.0,0.0,0.0,-2.0,0.0,0.0,-1.0,0.0,0.0,0.0,-2.0,0.0,0.0,0.0,0.0,0.0,0.0,0.0,-2.0,0.0,0.0,0.0,0.0
synthext0029aaaaaaaaaaaaaaaaaaaaaa:1.3.1->1.3.2,synthext0029aaaaaaaaaaaaaaaaaaaaaa,Translate Tool 029,translate,2026-10-22,synthetic,malicious,sw_beacon,False,0.844,3.0,1.0,1.0,3.0,1.0,116.0,116.0,0.0,1.0,-1.0,0.0,0.0,-1.0,1.0,0.0,0.0,4.0,1.0,1.0,1.0,0.0,0.0,0.0,0.0,3.0,1.0,0.0,0.0,0.0
synthext0029aaaaaaaaaaaaaaaaaaaaaa:1.3.2->1.3.3,synthext0029aaaaaaaaaaaaaaaaaaaaaa,Translate Tool 029,translate,2026-05-28,synthetic,benign,,False,0.68,2.0,2.0,2.0,2.0,2.0,198.0,102.0,0.0,0.0,-1.0,0.0,0.0,-1.0,0.0,0.0,0.0,4.0,0.0,0.0,0.0,0.0,0.0,0.0,0.0,4.0,1.0,0.0,0.0,0.0
synthext0029aaaaaaaaaaaaaaaaaaaaaa:1.3.3->1.3.4,synthext0029aaaaaaaaaaaaaaaaaaaaaa,Translate Tool 029,translate,2026-03-12,synthetic,benign,,False,0.6,1.0,1.0,1.0,1.0,1.0,98.0,98.0,0.0,0.0,-1.0,0.0,0.0,-1.0,0.0,0.0,0.0,2.0,0.0,0.0,0.0,0.0,0.0,0.0,0.0,2.0,0.0,0.0,0.0,0.0
synthext0030aaaaaaaaaaaaaaaaaaaaaa:1.6.0->1.6.1,synthext0030aaaaaaaaaaaaaaaaaaaaaa,Adblocker Tool 030,adblocker,2026-08-25,synthetic,malicious,credential_theft,False,0.9775,3.0,1.0,1.0,3.0,1.0,351.0,351.0,0.0,0.0,2.0,1.0,1.0,1.0,0.0,0.0,0.0,-2.0,0.0,0.0,1.0,1.0,0.0,1.0,1.0,-2.0,1.0,1.0,0.0,0.0
synthext0030aaaaaaaaaaaaaaaaaaaaaa:1.6.1->1.6.2,synthext0030aaaaaaaaaaaaaaaaaaaaaa,Adblocker Tool 030,adblocker,2026-02-12,synthetic,benign,,False,0.25,1.0,1.0,1.0,1.0,0.0,0.0,0.0,0.0,0.0,0.0,0.0,0.0,4.0,0.0,0.0,0.0,0.0,0.0,0.0,0.0,0.0,0.0,0.0,0.0,0.0,0.0,0.0,0.0,0.0
synthext0030aaaaaaaaaaaaaaaaaaaaaa:1.6.2->1.6.3,synthext0030aaaaaaaaaaaaaaaaaaaaaa,Adblocker Tool 030,adblocker,2026-06-22,synthetic,malicious,sw_beacon,True,0.883,2.0,1.0,1.0,2.0,1.0,93.0,93.0,0.0,1.0,2.0,0.0,0.0,1.0,1.0,0.0,0.0,4.0,1.0,1.0,0.0,0.0,0.0,0.0,0.0,3.0,1.0,0.0,0.0,0.0
synthext0030aaaaaaaaaaaaaaaaaaaaaa:1.6.3->1.6.4,synthext0030aaaaaaaaaaaaaaaaaaaaaa,Adblocker Tool 030,adblocker,2026-05-26,synthetic,benign,,False,0.6,1.0,1.0,1.0,1.0,1.0,218.0,218.0,0.0,0.0,-1.0,0.0,0.0,0.0,0.0,0.0,0.0,-2.0,0.0,0.0,0.0,0.0,0.0,0.0,0.0,-2.0,1.0,0.0,0.0,0.0
synthext0031aaaaaaaaaaaaaaaaaaaaaa:1.5.0->1.5.1,synthext0031aaaaaaaaaaaaaaaaaaaaaa,Coupon Tool 031,coupon,2026-01-18,synthetic,malicious,keylogger,True,0.6,1.0,1.0,1.0,1.0,1.0,94.0,94.0,0.0,0.0,6.0,0.0,0.0,0.0,0.0,0.0,0.0,-2.0,0.0,0.0,0.0,0.0,0.0,0.0,0.0,-2.0,0.0,0.0,0.0,0.0
synthext0031aaaaaaaaaaaaaaaaaaaaaa:1.5.1->1.5.2,synthext0031aaaaaaaaaaaaaaaaaaaaaa,Coupon Tool 031,coupon,2026-04-30,synthetic,benign,,False,0.6,0.0,1.0,1.0,0.0,1.0,154.0,154.0,0.0,0.0,2.0,0.0,0.0,0.0,0.0,0.0,0.0,-2.0,0.0,0.0,0.0,0.0,0.0,0.0,0.0,-2.0,0.0,0.0,0.0,0.0
synthext0031aaaaaaaaaaaaaaaaaaaaaa:1.5.2->1.5.3,synthext0031aaaaaaaaaaaaaaaaaaaaaa,Coupon Tool 031,coupon,2026-05-20,synthetic,benign,,False,0.76,2.0,2.0,2.0,2.0,1.0,92.0,92.0,0.0,0.0,3.0,0.0,0.0,1.0,0.0,0.0,0.0,0.0,0.0,0.0,1.0,0.0,0.0,0.0,0.0,0.0,1.0,0.0,0.0,0.0
synthext0031aaaaaaaaaaaaaaaaaaaaaa:1.5.3->1.5.4,synthext0031aaaaaaaaaaaaaaaaaaaaaa,Coupon Tool 031,coupon,2026-10-15,synthetic,benign,,False,0.7,2.0,1.0,1.0,2.0,1.0,182.0,182.0,0.0,0.0,-2.0,0.0,0.0,1.0,0.0,0.0,0.0,0.0,0.0,0.0,0.0,0.0,0.0,0.0,0.0,0.0,0.0,0.0,0.0,0.0
synthext0032aaaaaaaaaaaaaaaaaaaaaa:1.5.0->1.5.1,synthext0032aaaaaaaaaaaaaaaaaaaaaa,Screenshot Tool 032,screenshot,2026-04-04,synthetic,benign,,False,0.7,1.0,1.0,1.0,1.0,1.0,198.0,198.0,0.0,0.0,2.0,0.0,0.0,1.0,0.0,0.0,0.0,0.0,0.0,0.0,0.0,0.0,0.0,0.0,0.0,0.0,1.0,0.0,0.0,0.0
synthext0032aaaaaaaaaaaaaaaaaaaaaa:1.5.1->1.5.2,synthext0032aaaaaaaaaaaaaaaaaaaaaa,Screenshot Tool 032,screenshot,2026-11-22,synthetic,malicious,history_exfil,True,0.9476,3.0,3.0,3.0,3.0,2.0,1229.0,1107.0,0.0,1.0,0.0,0.0,0.0,-1.0,0.0,0.0,0.0,-1.0,1.0,1.0,1.0,1.0,0.0,0.0,0.0,-2.0,0.0,1.0,0.0,0.0
synthext0032aaaaaaaaaaaaaaaaaaaaaa:1.5.2->1.5.3,synthext0032aaaaaaaaaaaaaaaaaaaaaa,Screenshot Tool 032,screenshot,2026-04-16,synthetic,benign,,False,0.6,2.0,1.0,1.0,2.0,1.0,113.0,113.0,0.0,0.0,0.0,0.0,0.0,-1.0,0.0,0.0,0.0,0.0,0.0,0.0,0.0,0.0,0.0,0.0,0.0,0.0,0.0,0.0,0.0,0.0
synthext0032aaaaaaaaaaaaaaaaaaaaaa:1.5.3->1.5.4,synthext0032aaaaaaaaaaaaaaaaaaaaaa,Screenshot Tool 032,screenshot,2026-06-15,synthetic,benign,,False,0.0,3.0,0.0,0.0,3.0,0.0,0.0,0.0,0.0,0.0,0.0,0.0,0.0,-1.0,0.0,0.0,0.0,0.0,0.0,0.0,0.0,0.0,0.0,0.0,0.0,0.0,0.0,0.0,0.0,0.0
synthext0033aaaaaaaaaaaaaaaaaaaaaa:1.3.0->1.3.1,synthext0033aaaaaaaaaaaaaaaaaaaaaa,Notes Tool 033,notes,2026-09-24,synthetic,malicious,ad_affiliate,True,0.25,0.0,1.0,1.0,0.0,0.0,0.0,0.0,0.0,0.0,0.0,0.0,0.0,2.0,0.0,0.0,0.0,0.0,0.0,0.0,0.0,0.0,0.0,0.0,0.0,0.0,0.0,0.0,0.0,0.0
synthext0033aaaaaaaaaaaaaaaaaaaaaa:1.3.1->1.3.2,synthext0033aaaaaaaaaaaaaaaaaaaaaa,Notes Tool 033,notes,2026-11-11,synthetic,benign,,False,0.0,2.0,1.0,1.0,2.0,0.0,0.0,0.0,0.0,0.0,-1.0,0.0,0.0,0.0,0.0,0.0,0.0,0.0,0.0,0.0,1.0,0.0,0.0,0.0,0.0,0.0,0.0,0.0,0.0,0.0
synthext0033aaaaaaaaaaaaaaaaaaaaaa:1.3.2->1.3.3,synthext0033aaaaaaaaaaaaaaaaaaaaaa,Notes Tool 033,notes,2026-03-22,synthetic,malicious,sw_beacon,False,0.8752,4.0,3.0,3.0,4.0,3.0,584.0,371.0,0.0,1.0,1.0,0.0,0.0,0.0,1.0,0.0,0.0,3.0,1.0,1.0,0.0,0.0,0.0,0.0,0.0,2.0,3.0,0.0,0.0,0.0
synthext0033aaaaaaaaaaaaaaaaaaaaaa:1.3.3->1.3.4,synthext0033aaaaaaaaaaaaaaaaaaaaaa,Notes Tool 033,notes,2026-08-27,synthetic,benign,,False,0.0,4.0,0.0,0.0,4.0,0.0,0.0,0.0,0.0,0.0,0.0,0.0,0.0,0.0,0.0,0.0,0.0,0.0,0.0,0.0,0.0,0.0,0.0,0.0,0.0,0.0,0.0,0.0,0.0,0.0
synthext0034aaaaaaaaaaaaaaaaaaaaaa:1.6.0->1.6.1,synthext0034aaaaaaaaaaaaaaaaaaaaaa,Dictionary Tool 034,dictionary,2026-05-04,synthetic,malicious,clipboard_steal,True,0.68,5.0,2.0,2.0,5.0,1.0,294.0,294.0,0.0,0.0,0.0,0.0,0.0,0.0,0.0,0.0,0.0,0.0,0.0,0.0,0.0,0.0,0.0,0.0,0.0,0.0,1.0,0.0,0.0,0.0
synthext0034aaaaaaaaaaaaaaaaaaaaaa:1.6.1->1.6.2,synthext0034aaaaaaaaaaaaaaaaaaaaaa,Dictionary Tool 034,dictionary,2026-02-19,synthetic,malicious,history_exfil,True,0.9064,2.0,1.0,1.0,2.0,1.0,515.0,515.0,0.0,1.0,0.0,0.0,0.0,0.0,0.0,0.0,0.0,-1.0,1.0,1.0,1.0,1.0,0.0,0.0,0.0,-2.0,1.0,1.0,0.0,0.0
synthext0034aaaaaaaaaaaaaaaaaaaaaa:1.6.2->1.6.3,synthext0034aaaaaaaaaaaaaaaaaaaaaa,Dictionary Tool 034,dictionary,2026-05-04,synthetic,malicious,sw_beacon,True,0.844,0.0,1.0,1.0,0.0,1.0,400.0,400.0,0.0,1.0,1.0,0.0,0.0,0.0,1.0,0.0,0.0,1.0,1.0,1.0,0.0,0.0,0.0,0.0,0.0,0.0,1.0,0.0,0.0,0.0
synthext0034aaaaaaaaaaaaaaaaaaaaaa:1.6.3->1.6.4,synthext0034aaaaaaaaaaaaaaaaaaaaaa,Dictionary Tool 034,dictionary,2026-01-21,synthetic,malicious,sw_beacon,True,0.883,2.0,1.0,1.0,2.0,1.0,159.0,159.0,0.0,1.0,0.0,0.0,0.0,1.0,1.0,0.0,0.0,-1.0,1.0,1.0,0.0,0.0,0.0,0.0,0.0,-2.0,1.0,0.0,0.0,0.0
synthext0035aaaaaaaaaaaaaaaaaaaaaa:1.6.0->1.6.1,synthext0035aaaaaaaaaaaaaaaaaaaaaa,Videohelper Tool 035,videohelper,2026-07-25,synthetic,benign,,False,0.25,0.0,0.0,0.0,0.0,0.0,0.0,0.0,0.0,0.0,3.0,0.0,0.0,1.0,0.0,0.0,0.0,-2.0,0.0,0.0,0.0,0.0,0.0,0.0,0.0,-2.0,0.0,0.0,0.0,0.0
synthext0035aaaaaaaaaaaaaaaaaaaaaa:1.6.1->1.6.2,synthext0035aaaaaaaaaaaaaaaaaaaaaa,Videohelper Tool 035,videohelper,2026-11-11,synthetic,benign,,False,0.7,0.0,1.0,1.0,0.0,1.0,79.0,79.0,0.0,0.0,-2.0,0.0,0.0,2.0,0.0,0.0,0.0,2.0,0.0,0.0,0.0,0.0,0.0,0.0,0.0,2.0,0.0,0.0,0.0,0.0
synthext0035aaaaaaaaaaaaaaaaaaaaaa:1.6.2->1.6.3,synthext0035aaaaaaaaaaaaaaaaaaaaaa,Videohelper Tool 035,videohelper,2026-09-09,synthetic,benign,,False,0.6,2.0,1.0,1.0,2.0,1.0,39.0,39.0,0.0,0.0,3.0,0.0,0.0,0.0,0.0,0.0,0.0,5.0,0.0,0.0,0.0,0.0,0.0,0.0,0.0,5.0,1.0,0.0,0.0,0.0
synthext0035aaaaaaaaaaaaaaaaaaaaaa:1.6.3->1.6.4,synthext0035aaaaaaaaaaaaaaaaaaaaaa,Videohelper Tool 035,videohelper,2026-06-29,synthetic,benign,,False,0.25,0.0,0.0,0.0,0.0,0.0,0.0,0.0,0.0,0.0,0.0,0.0,0.0,1.0,0.0,0.0,0.0,0.0,0.0,0.0,1.0,0.0,0.0,0.0,0.0,0.0,0.0,0.0,0.0,0.0
synthext0036aaaaaaaaaaaaaaaaaaaaaa:1.0.0->1.0.1,synthext0036aaaaaaaaaaaaaaaaaaaaaa,Reader Tool 036,reader,2026-10-17,synthetic,malicious,form_jacking,False,0.97,1.0,2.0,2.0,1.0,1.0,179.0,179.0,0.0,0.0,-2.0,1.0,0.0,1.0,0.0,0.0,0.0,2.0,0.0,0.0,0.0,0.0,0.0,1.0,1.0,2.0,0.0,0.0,0.0,0.0
synthext0036aaaaaaaaaaaaaaaaaaaaaa:1.0.1->1.0.2,synthext0036aaaaaaaaaaaaaaaaaaaaaa,Reader Tool 036,reader,2026-06-06,synthetic,malicious,cookie_theft,False,0.9978,1.0,2.0,2.0,1.0,2.0,2430.0,2265.0,0.0,1.0,2.0,1.0,0.0,3.0,1.0,1.0,1.0,3.0,1.0,1.0,1.0,1.0,0.0,1.0,1.0,2.0,1.0,1.0,0.0,0.0
synthext0036aaaaaaaaaaaaaaaaaaaaaa:1.0.2->1.0.3,synthext0036aaaaaaaaaaaaaaaaaaaaaa,Reader Tool 036,reader,2026-11-01,synthetic,malicious,ad_affiliate,True,0.25,2.0,1.0,1.0,2.0,0.0,0.0,0.0,0.0,0.0,1.0,0.0,0.0,4.0,0.0,0.0,0.0,0.0,0.0,0.0,0.0,0.0,0.0,0.0,0.0,0.0,0.0,0.0,0.0,0.0
synthext0036aaaaaaaaaaaaaaaaaaaaaa:1.0.3->1.0.4,synthext0036aaaaaaaaaaaaaaaaaaaaaa,Reader Tool 036,reader,2026-05-31,synthetic,benign,,False,0.0,2.0,0.0,0.0,2.0,0.0,0.0,0.0,0.0,0.0,1.0,0.0,0.0,-1.0,0.0,0.0,0.0,0.0,0.0,0.0,0.0,0.0,0.0,0.0,0.0,0.0,0.0,0.0,0.0,0.0
synthext0037aaaaaaaaaaaaaaaaaaaaaa:1.4.0->1.4.1,synthext0037aaaaaaaaaaaaaaaaaaaaaa,Shopper Tool 037,shopper,2026-03-30,synthetic,malicious,sw_beacon,False,0.8752,1.0,2.0,2.0,1.0,2.0,339.0,210.0,0.0,1.0,1.0,0.0,0.0,0.0,1.0,0.0,0.0,3.0,1.0,1.0,1.0,0.0,0.0,0.0,0.0,2.0,2.0,0.0,0.0,0.0
synthext0037aaaaaaaaaaaaaaaaaaaaaa:1.4.1->1.4.2,synthext0037aaaaaaaaaaaaaaaaaaaaaa,Shopper Tool 037,shopper,2026-03-19,synthetic,benign,,False,0.6,2.0,1.0,1.0,2.0,1.0,85.0,85.0,0.0,0.0,2.0,0.0,0.0,-1.0,0.0,0.0,0.0,3.0,0.0,0.0,0.0,0.0,0.0,0.0,0.0,3.0,1.0,0.0,0.0,0.0
synthext0037aaaaaaaaaaaaaaaaaaaaaa:1.4.2->1.4.3,synthext0037aaaaaaaaaaaaaaaaaaaaaa,Shopper Tool 037,shopper,2026-07-20,synthetic,malicious,ad_affiliate,True,0.25,1.0,1.0,1.0,1.0,0.0,0.0,0.0,0.0,0.0,0.0,0.0,0.0,4.0,0.0,0.0,0.0,-2.0,0.0,0.0,0.0,0.0,0.0,0.0,0.0,-2.0,0.0,0.0,0.0,0.0
synthext0037aaaaaaaaaaaaaaaaaaaaaa:1.4.3->1.4.4,synthext0037aaaaaaaaaaaaaaaaaaaaaa,Shopper Tool 037,shopper,2026-07-19,synthetic,benign,,False,0.0,1.0,0.0,0.0,1.0,0.0,0.0,0.0,0.0,0.0,0.0,0.0,0.0,0.0,0.0,0.0,0.0,-2.0,0.0,0.0,0.0,0.0,0.0,0.0,0.0,-2.0,0.0,0.0,0.0,0.0
synthext0038aaaaaaaaaaaaaaaaaaaaaa:1.3.0->1.3.1,synthext0038aaaaaaaaaaaaaaaaaaaaaa,Contacts Tool 038,contacts,2026-06-06,synthetic,malicious,form_jacking,False,0.97,6.0,3.0,3.0,6.0,3.0,321.0,162.0,0.0,0.0,1.0,1.0,0.0,2.0,0.0,0.0,0.0,0.0,0.0,0.0,0.0,0.0,0.0,1.0,1.0,0.0,3.0,0.0,0.0,0.0
synthext0038aaaaaaaaaaaaaaaaaaaaaa:1.3.1->1.3.2,synthext0038aaaaaaaaaaaaaaaaaaaaaa,Contacts Tool 038,contacts,2026-07-30,synthetic,malicious,cookie_theft,False,0.9947,3.0,2.0,2.0,3.0,1.0,375.0,375.0,0.0,1.0,1.0,1.0,2.0,1.0,1.0,1.0,1.0,4.0,1.0,1.0,0.0,0.0,0.0,1.0,1.0,3.0,0.0,0.0,0.0,0.0
synthext0038aaaaaaaaaaaaaaaaaaaaaa:1.3.2->1.3.3,synthext0038aaaaaaaaaaaaaaaaaaaaaa,Contacts Tool 038,contacts,2026-06-11,synthetic,malicious,sw_beacon,False,0.844,0.0,1.0,1.0,0.0,1.0,280.0,280.0,0.0,1.0,0.0,0.0,0.0,-1.0,1.0,0.0,0.0,1.0,1.0,1.0,0.0,0.0,0.0,0.0,0.0,0.0,1.0,0.0,0.0,0.0
synthext0038aaaaaaaaaaaaaaaaaaaaaa:1.3.3->1.3.4,synthext0038aaaaaaaaaaaaaaaaaaaaaa,Contacts Tool 038,contacts,2026-10-14,synthetic,malicious,credential_theft,False,0.95,0.0,1.0,1.0,0.0,1.0,392.0,392.0,0.0,0.0,3.0,1.0,1.0,0.0,0.0,0.0,0.0,0.0,0.0,0.0,0.0,0.0,0.0,1.0,1.0,0.0,0.0,0.0,0.0,0.0
synthext0039aaaaaaaaaaaaaaaaaaaaaa:1.4.0->1.4.1,synthext0039aaaaaaaaaaaaaaaaaaaaaa,Passmgr Tool 039,passmgr,2026-05-01,synthetic,benign,,False,0.925,4.0,1.0,1.0,4.0,1.0,72.0,72.0,0.0,0.0,0.0,0.0,0.0,1.0,0.0,0.0,0.0,2.0,0.0,0.0,0.0,0.0,0.0,1.0,1.0,2.0,1.0,0.0,0.0,0.0
synthext0039aaaaaaaaaaaaaaaaaaaaaa:1.4.1->1.4.2,synthext0039aaaaaaaaaaaaaaaaaaaaaa,Passmgr Tool 039,passmgr,2026-05-16,synthetic,malicious,sw_beacon,True,0.9766,2.0,2.0,2.0,2.0,1.0,320.0,320.0,0.0,1.0,2.0,0.0,0.0,1.0,1.0,0.0,0.0,1.0,1.0,1.0,0.0,0.0,0.0,1.0,1.0,0.0,0.0,0.0,0.0,0.0
synthext0039aaaaaaaaaaaaaaaaaaaaaa:1.4.2->1.4.3,synthext0039aaaaaaaaaaaaaaaaaaaaaa,Passmgr Tool 039,passmgr,2026-08-16,synthetic,malicious,ad_affiliate,True,0.94,3.0,3.0,3.0,3.0,1.0,71.0,71.0,0.0,0.0,1.0,0.0,0.0,5.0,0.0,0.0,0.0,2.0,0.0,0.0,0.0,0.0,0.0,1.0,1.0,2.0,1.0,0.0,0.0,0.0
synthext0039aaaaaaaaaaaaaaaaaaaaaa:1.4.3->1.4.4,synthext0039aaaaaaaaaaaaaaaaaaaaaa,Passmgr Tool 039,passmgr,2026-11-10,synthetic,benign,,False,0.25,0.0,0.0,0.0,0.0,0.0,0.0,0.0,0.0,0.0,1.0,0.0,0.0,1.0,0.0,0.0,0.0,0.0,0.0,0.0,0.0,0.0,0.0,0.0,0.0,0.0,0.0,0.0,0.0,0.0
synthext0040aaaaaaaaaaaaaaaaaaaaaa:1.2.0->1.2.1,synthext0040aaaaaaaaaaaaaaaaaaaaaa,Weather Tool 040,weather,2026-04-14,synthetic,malicious,cookie_theft,False,0.9963,1.0,1.0,1.0,1.0,1.0,2411.0,2411.0,0.0,1.0,-1.0,1.0,0.0,0.0,1.0,1.0,1.0,1.0,1.0,1.0,1.0,1.0,0.0,1.0,1.0,0.0,1.0,1.0,0.0,0.0
synthext0040aaaaaaaaaaaaaaaaaaaaaa:1.2.1->1.2.2,synthext0040aaaaaaaaaaaaaaaaaaaaaa,Weather Tool 040,weather,2026-04-25,synthetic,benign,,False,0.25,1.0,0.0,0.0,1.0,0.0,0.0,0.0,0.0,0.0,0.0,0.0,0.0,1.0,0.0,0.0,0.0,0.0,0.0,0.0,1.0,0.0,0.0,0.0,0.0,0.0,0.0,0.0,0.0,0.0
synthext0040aaaaaaaaaaaaaaaaaaaaaa:1.2.2->1.2.3,synthext0040aaaaaaaaaaaaaaaaaaaaaa,Weather Tool 040,weather,2026-08-11,synthetic,malicious,keylogger,False,0.7,0.0,1.0,1.0,0.0,1.0,100.0,100.0,0.0,0.0,7.0,0.0,0.0,4.0,0.0,0.0,0.0,4.0,0.0,0.0,0.0,0.0,0.0,0.0,0.0,4.0,1.0,0.0,0.0,0.0
synthext0040aaaaaaaaaaaaaaaaaaaaaa:1.2.3->1.2.4,synthext0040aaaaaaaaaaaaaaaaaaaaaa,Weather Tool 040,weather,2026-11-15,synthetic,benign,,False,0.0,-1.0,0.0,0.0,-1.0,0.0,0.0,0.0,0.0,0.0,0.0,0.0,0.0,0.0,0.0,0.0,0.0,-2.0,0.0,0.0,0.0,0.0,0.0,0.0,0.0,-2.0,0.0,0.0,0.0,0.0
synthext0041aaaaaaaaaaaaaaaaaaaaaa:1.3.0->1.3.1,synthext0041aaaaaaaaaaaaaaaaaaaaaa,Translate Tool 041,translate,2026-01-26,synthetic,benign,,False,0.76,1.0,2.0,2.0,1.0,1.0,35.0,35.0,0.0,0.0,0.0,0.0,0.0,1.0,0.0,0.0,0.0,0.0,0.0,0.0,0.0,0.0,0.0,0.0,0.0,0.0,1.0,0.0,0.0,0.0
synthext0041aaaaaaaaaaaaaaaaaaaaaa:1.3.1->1.3.2,synthext0041aaaaaaaaaaaaaaaaaaaaaa,Translate Tool 041,translate,2026-08-07,synthetic,benign,,False,0.25,1.0,1.0,1.0,1.0,0.0,0.0,0.0,0.0,0.0,0.0,0.0,0.0,1.0,0.0,0.0,0.0,2.0,0.0,0.0,1.0,0.0,0.0,0.0,0.0,2.0,0.0,0.0,0.0,0.0
synthext0041aaaaaaaaaaaaaaaaaaaaaa:1.3.2->1.3.3,synthext0041aaaaaaaaaaaaaaaaaaaaaa,Translate Tool 041,translate,2026-11-19,synthetic,malicious,redirect_hijack,False,0.7075,1.0,1.0,1.0,1.0,0.0,0.0,0.0,0.0,0.0,1.0,0.0,0.0,1.0,0.0,0.0,0.0,1.0,1.0,1.0,1.0,1.0,0.0,0.0,0.0,0.0,0.0,1.0,0.0,0.0
synthext0041aaaaaaaaaaaaaaaaaaaaaa:1.3.3->1.3.4,synthext0041aaaaaaaaaaaaaaaaaaaaaa,Translate Tool 041,translate,2026-10-16,synthetic,benign,,False,0.25,1.0,1.0,1.0,1.0,0.0,0.0,0.0,0.0,0.0,0.0,0.0,0.0,1.0,0.0,0.0,0.0,2.0,0.0,0.0,0.0,0.0,0.0,0.0,0.0,2.0,0.0,0.0,0.0,0.0
synthext0042aaaaaaaaaaaaaaaaaaaaaa:1.5.0->1.5.1,synthext0042aaaaaaaaaaaaaaaaaaaaaa,Adblocker Tool 042,adblocker,2026-09-08,synthetic,benign,,False,0.7,1.0,1.0,1.0,1.0,1.0,154.0,154.0,0.0,0.0,0.0,0.0,0.0,1.0,0.0,0.0,0.0,-2.0,0.0,0.0,0.0,0.0,0.0,0.0,0.0,-2.0,1.0,0.0,0.0,0.0
synthext0042aaaaaaaaaaaaaaaaaaaaaa:1.5.1->1.5.2,synthext0042aaaaaaaaaaaaaaaaaaaaaa,Adblocker Tool 042,adblocker,2026-10-08,synthetic,benign,,False,0.25,0.0,0.0,0.0,0.0,0.0,0.0,0.0,0.0,0.0,0.0,0.0,0.0,1.0,0.0,0.0,0.0,1.0,0.0,0.0,0.0,0.0,0.0,0.0,0.0,1.0,0.0,0.0,0.0,0.0
synthext0042aaaaaaaaaaaaaaaaaaaaaa:1.5.2->1.5.3,synthext0042aaaaaaaaaaaaaaaaaaaaaa,Adblocker Tool 042,adblocker,2026-05-28,synthetic,benign,,False,0.6,2.0,1.0,1.0,2.0,1.0,171.0,171.0,0.0,0.0,0.0,0.0,0.0,-1.0,0.0,0.0,0.0,5.0,0.0,0.0,0.0,0.0,0.0,0.0,0.0,5.0,0.0,0.0,0.0,0.0
synthext0042aaaaaaaaaaaaaaaaaaaaaa:1.5.3->1.5.4,synthext0042aaaaaaaaaaaaaaaaaaaaaa,Adblocker Tool 042,adblocker,2026-05-20,synthetic,malicious,keylogger,False,0.7,2.0,1.0,1.0,2.0,1.0,256.0,256.0,0.0,0.0,6.0,0.0,0.0,1.0,0.0,0.0,0.0,3.0,0.0,0.0,0.0,0.0,0.0,0.0,0.0,3.0,1.0,0.0,0.0,0.0
synthext0043aaaaaaaaaaaaaaaaaaaaaa:1.1.0->1.1.1,synthext0043aaaaaaaaaaaaaaaaaaaaaa,Coupon Tool 043,coupon,2026-03-11,synthetic,malicious,credential_theft,True,0.95,1.0,1.0,1.0,1.0,1.0,793.0,793.0,0.0,0.0,4.0,1.0,1.0,0.0,0.0,0.0,0.0,0.0,0.0,0.0,0.0,0.0,0.0,1.0,1.0,0.0,1.0,0.0,0.0,0.0
synthext0043aaaaaaaaaaaaaaaaaaaaaa:1.1.1->1.1.2,synthext0043aaaaaaaaaaaaaaaaaaaaaa,Coupon Tool 043,coupon,2026-01-21,synthetic,malicious,ad_affiliate,False,0.76,3.0,2.0,2.0,3.0,1.0,81.0,81.0,0.0,0.0,0.0,0.0,0.0,1.0,0.0,0.0,0.0,3.0,0.0,0.0,0.0,0.0,0.0,0.0,0.0,3.0,1.0,0.0,0.0,0.0
synthext0043aaaaaaaaaaaaaaaaaaaaaa:1.1.2->1.1.3,synthext0043aaaaaaaaaaaaaaaaaaaaaa,Coupon Tool 043,coupon,2026-11-10,synthetic,benign,,False,0.25,-1.0,0.0,0.0,-1.0,0.0,0.0,0.0,0.0,0.0,0.0,0.0,0.0,3.0,0.0,0.0,0.0,0.0,0.0,0.0,0.0,0.0,0.0,0.0,0.0,0.0,0.0,0.0,0.0,0.0
synthext0043aaaaaaaaaaaaaaaaaaaaaa:1.1.3->1.1.4,synthext0043aaaaaaaaaaaaaaaaaaaaaa,Coupon Tool 043,coupon,2026-09-29,synthetic,benign,,False,0.76,3.0,2.0,2.0,3.0,1.0,65.0,65.0,0.0,0.0,-4.0,0.0,0.0,1.0,0.0,0.0,0.0,0.0,0.0,0.0,0.0,0.0,0.0,0.0,0.0,0.0,1.0,0.0,0.0,0.0
synthext0044aaaaaaaaaaaaaaaaaaaaaa:1.6.0->1.6.1,synthext0044aaaaaaaaaaaaaaaaaaaaaa,Screenshot Tool 044,screenshot,2026-06-29,synthetic,benign,,False,0.76,2.0,1.0,1.0,2.0,1.0,237.0,237.0,0.0,0.0,0.0,0.0,0.0,0.0,0.0,0.0,0.0,0.0,0.0,0.0,1.0,1.0,0.0,0.0,0.0,0.0,1.0,1.0,0.0,0.0
synthext0044aaaaaaaaaaaaaaaaaaaaaa:1.6.1->1.6.2,synthext0044aaaaaaaaaaaaaaaaaaaaaa,Screenshot Tool 044,screenshot,2026-03-01,synthetic,malicious,credential_theft,False,0.95,2.0,1.0,1.0,2.0,1.0,403.0,403.0,0.0,0.0,2.0,1.0,1.0,-1.0,0.0,0.0,0.0,0.0,0.0,0.0,0.0,0.0,0.0,1.0,1.0,0.0,1.0,0.0,0.0,0.0
synthext0044aaaaaaaaaaaaaaaaaaaaaa:1.6.2->1.6.3,synthext0044aaaaaaaaaaaaaaaaaaaaaa,Screenshot Tool 044,screenshot,2026-04-30,synthetic,benign,,False,0.55,4.0,0.0,0.0,4.0,0.0,0.0,0.0,0.0,0.0,2.0,0.0,0.0,1.0,0.0,0.0,0.0,0.0,0.0,0.0,1.0,1.0,0.0,0.0,0.0,0.0,0.0,1.0,0.0,0.0
synthext0044aaaaaaaaaaaaaaaaaaaaaa:1.6.3->1.6.4,synthext0044aaaaaaaaaaaaaaaaaaaaaa,Screenshot Tool 044,screenshot,2026-07-19,synthetic,malicious,ad_affiliate,True,0.25,2.0,1.0,1.0,2.0,0.0,0.0,0.0,0.0,0.0,0.0,0.0,0.0,5.0,0.0,0.0,0.0,0.0,0.0,0.0,0.0,0.0,0.0,0.0,0.0,0.0,0.0,0.0,0.0,0.0
synthext0045aaaaaaaaaaaaaaaaaaaaaa:1.3.0->1.3.1,synthext0045aaaaaaaaaaaaaaaaaaaaaa,Notes Tool 045,notes,2026-08-02,synthetic,malicious,ad_affiliate,True,0.76,3.0,3.0,3.0,3.0,1.0,51.0,51.0,0.0,0.0,1.0,0.0,0.0,5.0,0.0,0.0,0.0,2.0,0.0,0.0,0.0,0.0,0.0,0.0,0.0,2.0,1.0,0.0,0.0,0.0
synthext0045aaaaaaaaaaaaaaaaaaaaaa:1.3.1->1.3.2,synthext0045aaaaaaaaaaaaaaaaaaaaaa,Notes Tool 045,notes,2026-07-11,synthetic,benign,,False,0.0,0.0,0.0,0.0,0.0,0.0,0.0,0.0,0.0,0.0,1.0,0.0,0.0,-1.0,0.0,0.0,0.0,0.0,0.0,0.0,1.0,0.0,0.0,0.0,0.0,0.0,0.0,0.0,0.0,0.0
synthext0045aaaaaaaaaaaaaaaaaaaaaa:1.3.2->1.3.3,synthext0045aaaaaaaaaaaaaaaaaaaaaa,Notes Tool 045,notes,2026-05-17,synthetic,malicious,credential_theft,True,0.97,3.0,2.0,2.0,3.0,2.0,843.0,762.0,0.0,0.0,3.0,1.0,1.0,1.0,0.0,0.0,0.0,0.0,0.0,0.0,1.0,0.0,0.0,1.0,1.0,0.0,2.0,0.0,0.0,0.0
synthext0045aaaaaaaaaaaaaaaaaaaaaa:1.3.3->1.3.4,synthext0045aaaaaaaaaaaaaaaaaaaaaa,Notes Tool 045,notes,2026-04-21,synthetic,malicious,cookie_theft,False,0.9912,1.0,1.0,1.0,1.0,1.0,453.0,453.0,0.0,1.0,1.0,1.0,0.0,-1.0,1.0,1.0,1.0,6.0,1.0,1.0,1.0,0.0,0.0,1.0,1.0,5.0,1.0,0.0,0.0,0.0
synthext0046aaaaaaaaaaaaaaaaaaaaaa:1.3.0->1.3.1,synthext0046aaaaaaaaaaaaaaaaaaaaaa,Dictionary Tool 046,dictionary,2026-05-15,synthetic,benign,,False,0.25,1.0,0.0,0.0,1.0,0.0,0.0,0.0,0.0,0.0,0.0,0.0,0.0,1.0,0.0,0.0,0.0,3.0,0.0,0.0,0.0,0.0,0.0,0.0,0.0,3.0,0.0,0.0,0.0,0.0
synthext0046aaaaaaaaaaaaaaaaaaaaaa:1.3.1->1.3.2,synthext0046aaaaaaaaaaaaaaaaaaaaaa,Dictionary Tool 046,dictionary,2026-10-31,synthetic,malicious,cookie_theft,False,0.9912,2.0,1.0,1.0,2.0,1.0,891.0,891.0,0.0,1.0,0.0,1.0,0.0,0.0,1.0,1.0,1.0,4.0,1.0,1.0,0.0,0.0,0.0,1.0,1.0,3.0,1.0,0.0,0.0,0.0
synthext0046aaaaaaaaaaaaaaaaaaaaaa:1.3.2->1.3.3,synthext0046aaaaaaaaaaaaaaaaaaaaaa,Dictionary Tool 046,dictionary,2026-08-05,synthetic,malicious,redirect_hijack,False,0.35,2.0,1.0,1.0,2.0,0.0,0.0,0.0,0.0,0.0,-2.0,0.0,0.0,-1.0,0.0,0.0,0.0,1.0,1.0,1.0,0.0,0.0,0.0,0.0,0.0,0.0,0.0,0.0,0.0,0.0
synthext0046aaaaaaaaaaaaaaaaaaaaaa:1.3.3->1.3.4,synthext0046aaaaaaaaaaaaaaaaaaaaaa,Dictionary Tool 046,dictionary,2026-08-31,synthetic,benign,,False,0.0,1.0,1.0,1.0,1.0,0.0,0.0,0.0,0.0,0.0,0.0,0.0,0.0,-1.0,0.0,0.0,0.0,-2.0,0.0,0.0,0.0,0.0,0.0,0.0,0.0,-2.0,0.0,0.0,0.0,0.0
synthext0047aaaaaaaaaaaaaaaaaaaaaa:1.2.0->1.2.1,synthext0047aaaaaaaaaaaaaaaaaaaaaa,Videohelper Tool 047,videohelper,2026-07-31,synthetic,benign,,False,0.76,1.0,2.0,2.0,1.0,1.0,185.0,185.0,0.0,0.0,0.0,0.0,0.0,1.0,0.0,0.0,0.0,0.0,0.0,0.0,0.0,0.0,0.0,0.0,0.0,0.0,1.0,0.0,0.0,0.0
synthext0047aaaaaaaaaaaaaaaaaaaaaa:1.2.1->1.2.2,synthext0047aaaaaaaaaaaaaaaaaaaaaa,Videohelper Tool 047,videohelper,2026-06-11,synthetic,malicious,cookie_theft,False,0.9912,1.0,1.0,1.0,1.0,1.0,642.0,642.0,0.0,1.0,1.0,1.0,0.0,-1.0,1.0,1.0,1.0,4.0,1.0,1.0,0.0,0.0,0.0,1.0,1.0,3.0,1.0,0.0,0.0,0.0
synthext0047aaaaaaaaaaaaaaaaaaaaaa:1.2.2->1.2.3,synthext0047aaaaaaaaaaaaaaaaaaaaaa,Videohelper Tool 047,videohelper,2026-05-18,synthetic,benign,,False,0.25,1.0,1.0,1.0,1.0,0.0,0.0,0.0,0.0,0.0,1.0,0.0,0.0,1.0,0.0,0.0,0.0,0.0,0.0,0.0,0.0,0.0,0.0,0.0,0.0,0.0,0.0,0.0,0.0,0.0
synthext0047aaaaaaaaaaaaaaaaaaaaaa:1.2.3->1.2.4,synthext0047aaaaaaaaaaaaaaaaaaaaaa,Videohelper Tool 047,videohelper,2026-08-06,synthetic,malicious,history_exfil,True,0.9476,2.0,2.0,2.0,2.0,1.0,1423.0,1423.0,0.0,1.0,-3.0,0.0,0.0,-1.0,0.0,0.0,0.0,4.0,1.0,1.0,1.0,1.0,0.0,0.0,0.0,3.0,1.0,1.0,0.0,0.0
synthext0048aaaaaaaaaaaaaaaaaaaaaa:1.4.0->1.4.1,synthext0048aaaaaaaaaaaaaaaaaaaaaa,Reader Tool 048,reader,2026-06-26,synthetic,malicious,sw_beacon,False,0.883,0.0,1.0,1.0,0.0,1.0,228.0,228.0,0.0,1.0,1.0,0.0,0.0,1.0,1.0,0.0,0.0,3.0,1.0,1.0,0.0,0.0,0.0,0.0,0.0,2.0,0.0,0.0,0.0,0.0
synthext0048aaaaaaaaaaaaaaaaaaaaaa:1.4.1->1.4.2,synthext0048aaaaaaaaaaaaaaaaaaaaaa,Reader Tool 048,reader,2026-03-21,synthetic,benign,,False,0.6,4.0,1.0,1.0,4.0,1.0,50.0,50.0,0.0,0.0,-1.0,0.0,0.0,-1.0,0.0,0.0,0.0,0.0,0.0,0.0,0.0,0.0,0.0,0.0,0.0,0.0,1.0,0.0,0.0,0.0
synthext0048aaaaaaaaaaaaaaaaaaaaaa:1.4.2->1.4.3,synthext0048aaaaaaaaaaaaaaaaaaaaaa,Reader Tool 048,reader,2026-03-14,synthetic,benign,,False,0.6,1.0,1.0,1.0,1.0,1.0,198.0,198.0,0.0,0.0,-2.0,0.0,0.0,0.0,0.0,0.0,0.0,2.0,0.0,0.0,0.0,0.0,0.0,0.0,0.0,2.0,1.0,0.0,0.0,0.0
synthext0048aaaaaaaaaaaaaaaaaaaaaa:1.4.3->1.4.4,synthext0048aaaaaaaaaaaaaaaaaaaaaa,Reader Tool 048,reader,2026-11-16,synthetic,benign,,False,0.76,2.0,3.0,3.0,2.0,2.0,313.0,250.0,0.0,0.0,0.0,0.0,0.0,1.0,0.0,0.0,0.0,2.0,0.0,0.0,0.0,0.0,0.0,0.0,0.0,2.0,2.0,0.0,0.0,0.0
synthext0049aaaaaaaaaaaaaaaaaaaaaa:1.0.0->1.0.1,synthext0049aaaaaaaaaaaaaaaaaaaaaa,Shopper Tool 049,shopper,2026-05-28,synthetic,malicious,history_exfil,False,0.883,0.0,1.0,1.0,0.0,1.0,446.0,446.0,0.0,1.0,-1.0,0.0,0.0,1.0,0.0,0.0,0.0,1.0,1.0,1.0,0.0,0.0,0.0,0.0,0.0,0.0,1.0,0.0,0.0,0.0
synthext0049aaaaaaaaaaaaaaaaaaaaaa:1.0.1->1.0.2,synthext0049aaaaaaaaaaaaaaaaaaaaaa,Shopper Tool 049,shopper,2026-10-27,synthetic,malicious,credential_theft,True,0.95,2.0,1.0,1.0,2.0,1.0,806.0,806.0,0.0,0.0,2.0,1.0,1.0,0.0,0.0,0.0,0.0,-2.0,0.0,0.0,0.0,0.0,0.0,1.0,1.0,-2.0,0.0,0.0,0.0,0.0
synthext0049aaaaaaaaaaaaaaaaaaaaaa:1.0.2->1.0.3,synthext0049aaaaaaaaaaaaaaaaaaaaaa,Shopper Tool 049,shopper,2026-05-20,synthetic,benign,,False,0.25,-1.0,0.0,0.0,-1.0,0.0,0.0,0.0,0.0,0.0,-2.0,0.0,0.0,1.0,0.0,0.0,0.0,0.0,0.0,0.0,1.0,0.0,0.0,0.0,0.0,0.0,0.0,0.0,0.0,0.0
synthext0049aaaaaaaaaaaaaaaaaaaaaa:1.0.3->1.0.4,synthext0049aaaaaaaaaaaaaaaaaaaaaa,Shopper Tool 049,shopper,2026-02-03,synthetic,benign,,False,0.0,0.0,0.0,0.0,0.0,0.0,0.0,0.0,0.0,0.0,-1.0,0.0,0.0,-1.0,0.0,0.0,0.0,-2.0,0.0,0.0,0.0,0.0,0.0,0.0,0.0,-2.0,0.0,0.0,0.0,0.0
synthext0050aaaaaaaaaaaaaaaaaaaaaa:1.4.0->1.4.1,synthext0050aaaaaaaaaaaaaaaaaaaaaa,Contacts Tool 050,contacts,2026-06-10,synthetic,malicious,credential_theft,True,0.9625,2.0,1.0,1.0,2.0,1.0,618.0,618.0,0.0,0.0,3.0,1.0,0.0,1.0,0.0,0.0,0.0,3.0,0.0,0.0,0.0,0.0,0.0,1.0,1.0,3.0,1.0,0.0,0.0,0.0
synthext0050aaaaaaaaaaaaaaaaaaaaaa:1.4.1->1.4.2,synthext0050aaaaaaaaaaaaaaaaaaaaaa,Contacts Tool 050,contacts,2026-10-15,synthetic,benign,,False,0.76,1.0,1.0,1.0,1.0,1.0,246.0,246.0,0.0,0.0,-4.0,0.0,-2.0,0.0,0.0,0.0,0.0,-2.0,0.0,0.0,1.0,1.0,0.0,0.0,0.0,-2.0,0.0,1.0,0.0,0.0
synthext0050aaaaaaaaaaaaaaaaaaaaaa:1.4.2->1.4.3,synthext0050aaaaaaaaaaaaaaaaaaaaaa,Contacts Tool 050,contacts,2026-03-21,synthetic,benign,,False,0.0,-1.0,0.0,0.0,-1.0,0.0,0.0,0.0,0.0,0.0,1.0,0.0,2.0,0.0,0.0,0.0,0.0,1.0,0.0,0.0,0.0,0.0,0.0,0.0,0.0,1.0,0.0,0.0,0.0,0.0
synthext0050aaaaaaaaaaaaaaaaaaaaaa:1.4.3->1.4.4,synthext0050aaaaaaaaaaaaaaaaaaaaaa,Contacts Tool 050,contacts,2026-02-14,synthetic,benign,,False,0.25,1.0,1.0,1.0,1.0,0.0,0.0,0.0,0.0,0.0,0.0,0.0,-1.0,1.0,0.0,0.0,0.0,1.0,0.0,0.0,0.0,0.0,0.0,0.0,0.0,1.0,0.0,0.0,0.0,0.0
synthext0051aaaaaaaaaaaaaaaaaaaaaa:1.6.0->1.6.1,synthext0051aaaaaaaaaaaaaaaaaaaaaa,Passmgr Tool 051,passmgr,2026-10-16,synthetic,malicious,cookie_theft,False,0.9912,1.0,1.0,1.0,1.0,1.0,993.0,993.0,0.0,1.0,0.0,1.0,0.0,0.0,1.0,1.0,1.0,-1.0,1.0,1.0,0.0,0.0,0.0,1.0,1.0,-2.0,1.0,0.0,0.0,0.0
synthext0051aaaaaaaaaaaaaaaaaaaaaa:1.6.1->1.6.2,synthext0051aaaaaaaaaaaaaaaaaaaaaa,Passmgr Tool 051,passmgr,2026-04-30,synthetic,malicious,form_jacking,True,0.97,3.0,3.0,3.0,3.0,2.0,379.0,285.0,0.0,0.0,3.0,1.0,0.0,2.0,0.0,0.0,0.0,0.0,0.0,0.0,0.0,0.0,0.0,2.0,2.0,0.0,2.0,0.0,0.0,0.0
synthext0051aaaaaaaaaaaaaaaaaaaaaa:1.6.2->1.6.3,synthext0051aaaaaaaaaaaaaaaaaaaaaa,Passmgr Tool 051,passmgr,2026-09-01,synthetic,malicious,keylogger,True,0.92,4.0,2.0,2.0,4.0,2.0,95.0,49.0,0.0,0.0,10.0,0.0,0.0,0.0,0.0,0.0,0.0,0.0,0.0,0.0,0.0,0.0,0.0,2.0,2.0,0.0,2.0,0.0,0.0,0.0
synthext0051aaaaaaaaaaaaaaaaaaaaaa:1.6.3->1.6.4,synthext0051aaaaaaaaaaaaaaaaaaaaaa,Passmgr Tool 051,passmgr,2026-08-22,synthetic,benign,,False,0.9,1.0,1.0,1.0,1.0,1.0,101.0,101.0,0.0,0.0,1.0,0.0,0.0,0.0,0.0,0.0,0.0,0.0,0.0,0.0,0.0,0.0,0.0,1.0,1.0,0.0,1.0,0.0,0.0,0.0
synthext0052aaaaaaaaaaaaaaaaaaaaaa:1.4.0->1.4.1,synthext0052aaaaaaaaaaaaaaaaaaaaaa,Weather Tool 052,weather,2026-04-06,synthetic,benign,,False,0.6,4.0,1.0,1.0,4.0,1.0,86.0,86.0,0.0,0.0,-1.0,0.0,0.0,-1.0,0.0,0.0,0.0,3.0,0.0,0.0,0.0,0.0,0.0,0.0,0.0,3.0,1.0,0.0,0.0,0.0
synthext0052aaaaaaaaaaaaaaaaaaaaaa:1.4.1->1.4.2,synthext0052aaaaaaaaaaaaaaaaaaaaaa,Weather Tool 052,weather,2026-02-18,synthetic,malicious,sw_beacon,True,0.9064,2.0,2.0,2.0,2.0,1.0,195.0,195.0,0.0,1.0,0.0,0.0,0.0,1.0,1.0,0.0,0.0,1.0,1.0,1.0,1.0,0.0,0.0,0.0,0.0,0.0,1.0,0.0,0.0,0.0
synthext0052aaaaaaaaaaaaaaaaaaaaaa:1.4.2->1.4.3,synthext0052aaaaaaaaaaaaaaaaaaaaaa,Weather Tool 052,weather,2026-03-24,synthetic,benign,,False,0.6,5.0,1.0,1.0,5.0,1.0,70.0,70.0,0.0,0.0,0.0,0.0,0.0,0.0,0.0,0.0,0.0,0.0,0.0,0.0,0.0,0.0,0.0,0.0,0.0,0.0,1.0,0.0,0.0,0.0
synthext0052aaaaaaaaaaaaaaaaaaaaaa:1.4.3->1.4.4,synthext0052aaaaaaaaaaaaaaaaaaaaaa,Weather Tool 052,weather,2026-07-20,synthetic,malicious,keylogger,True,0.6,2.0,1.0,1.0,2.0,1.0,79.0,79.0,0.0,0.0,6.0,0.0,0.0,-1.0,0.0,0.0,0.0,1.0,0.0,0.0,0.0,0.0,0.0,0.0,0.0,1.0,1.0,0.0,0.0,0.0
synthext0053aaaaaaaaaaaaaaaaaaaaaa:1.0.0->1.0.1,synthext0053aaaaaaaaaaaaaaaaaaaaaa,Translate Tool 053,translate,2026-08-30,synthetic,benign,,False,0.6,1.0,1.0,1.0,1.0,1.0,108.0,108.0,0.0,0.0,-2.0,0.0,0.0,-1.0,0.0,0.0,0.0,3.0,0.0,0.0,0.0,0.0,0.0,0.0,0.0,3.0,0.0,0.0,0.0,0.0
synthext0053aaaaaaaaaaaaaaaaaaaaaa:1.0.1->1.0.2,synthext0053aaaaaaaaaaaaaaaaaaaaaa,Translate Tool 053,translate,2026-10-20,synthetic,malicious,sw_beacon,True,0.9251,4.0,2.0,2.0,4.0,1.0,183.0,183.0,0.0,1.0,2.0,0.0,0.0,0.0,1.0,0.0,0.0,1.0,1.0,1.0,1.0,1.0,0.0,0.0,0.0,0.0,1.0,1.0,0.0,0.0
synthext0053aaaaaaaaaaaaaaaaaaaaaa:1.0.2->1.0.3,synthext0053aaaaaaaaaaaaaaaaaaaaaa,Translate Tool 053,translate,2026-08-24,synthetic,malicious,credential_theft,False,0.96,1.0,2.0,2.0,1.0,2.0,373.0,270.0,0.0,0.0,4.0,1.0,1.0,-1.0,0.0,0.0,0.0,2.0,0.0,0.0,0.0,0.0,0.0,1.0,1.0,2.0,1.0,0.0,0.0,0.0
synthext0053aaaaaaaaaaaaaaaaaaaaaa:1.0.3->1.0.4,synthext0053aaaaaaaaaaaaaaaaaaaaaa,Translate Tool 053,translate,2026-09-03,synthetic,benign,,False,0.55,1.0,1.0,1.0,1.0,0.0,0.0,0.0,0.0,0.0,0.0,0.0,0.0,1.0,0.0,0.0,0.0,1.0,0.0,0.0,1.0,1.0,0.0,0.0,0.0,1.0,0.0,1.0,0.0,0.0
synthext0054aaaaaaaaaaaaaaaaaaaaaa:1.5.0->1.5.1,synthext0054aaaaaaaaaaaaaaaaaaaaaa,Adblocker Tool 054,adblocker,2026-01-22,synthetic,benign,,False,0.6,4.0,1.0,1.0,4.0,1.0,53.0,53.0,0.0,0.0,1.0,0.0,0.0,0.0,0.0,0.0,0.0,2.0,0.0,0.0,0.0,0.0,0.0,0.0,0.0,2.0,1.0,0.0,0.0,0.0
synthext0054aaaaaaaaaaaaaaaaaaaaaa:1.5.1->1.5.2,synthext0054aaaaaaaaaaaaaaaaaaaaaa,Adblocker Tool 054,adblocker,2026-03-02,synthetic,benign,,False,0.6,1.0,1.0,1.0,1.0,1.0,48.0,48.0,0.0,0.0,0.0,0.0,0.0,-1.0,0.0,0.0,0.0,0.0,0.0,0.0,0.0,0.0,0.0,0.0,0.0,0.0,1.0,0.0,0.0,0.0
synthext0054aaaaaaaaaaaaaaaaaaaaaa:1.5.2->1.5.3,synthext0054aaaaaaaaaaaaaaaaaaaaaa,Adblocker Tool 054,adblocker,2026-09-15,synthetic,malicious,ad_affiliate,True,0.76,2.0,2.0,2.0,2.0,1.0,39.0,39.0,0.0,0.0,-1.0,0.0,0.0,4.0,0.0,0.0,0.0,-2.0,0.0,0.0,0.0,0.0,0.0,0.0,0.0,-2.0,1.0,0.0,0.0,0.0
synthext0054aaaaaaaaaaaaaaaaaaaaaa:1.5.3->1.5.4,synthext0054aaaaaaaaaaaaaaaaaaaaaa,Adblocker Tool 054,adblocker,2026-06-29,synthetic,benign,,False,0.7,2.0,1.0,1.0,2.0,1.0,36.0,36.0,0.0,0.0,-2.0,0.0,0.0,1.0,0.0,0.0,0.0,0.0,0.0,0.0,0.0,0.0,0.0,0.0,0.0,0.0,1.0,0.0,0.0,0.0
synthext0055aaaaaaaaaaaaaaaaaaaaaa:1.0.0->1.0.1,synthext0055aaaaaaaaaaaaaaaaaaaaaa,Coupon Tool 055,coupon,2026-09-21,synthetic,benign,,False,0.0,1.0,0.0,0.0,1.0,0.0,0.0,0.0,0.0,0.0,0.0,0.0,0.0,0.0,0.0,0.0,0.0,0.0,0.0,0.0,1.0,0.0,0.0,0.0,0.0,0.0,0.0,0.0,0.0,0.0
synthext0055aaaaaaaaaaaaaaaaaaaaaa:1.0.1->1.0.2,synthext0055aaaaaaaaaaaaaaaaaaaaaa,Coupon Tool 055,coupon,2026-05-16,synthetic,benign,,False,0.0,0.0,0.0,0.0,0.0,0.0,0.0,0.0,0.0,0.0,0.0,0.0,0.0,0.0,0.0,0.0,0.0,2.0,0.0,0.0,1.0,0.0,0.0,0.0,0.0,2.0,0.0,0.0,0.0,0.0
synthext0055aaaaaaaaaaaaaaaaaaaaaa:1.0.2->1.0.3,synthext0055aaaaaaaaaaaaaaaaaaaaaa,Coupon Tool 055,coupon,2026-02-14,synthetic,benign,,False,0.68,3.0,2.0,2.0,3.0,1.0,85.0,85.0,0.0,0.0,0.0,0.0,0.0,0.0,0.0,0.0,0.0,0.0,0.0,0.0,0.0,0.0,0.0,0.0,0.0,0.0,0.0,0.0,0.0,0.0
synthext0055aaaaaaaaaaaaaaaaaaaaaa:1.0.3->1.0.4,synthext0055aaaaaaaaaaaaaaaaaaaaaa,Coupon Tool 055,coupon,2026-08-21,synthetic,benign,,False,0.68,1.0,2.0,2.0,1.0,1.0,133.0,133.0,0.0,0.0,1.0,0.0,0.0,-1.0,0.0,0.0,0.0,-2.0,0.0,0.0,0.0,0.0,0.0,0.0,0.0,-2.0,0.0,0.0,0.0,0.0
synthext0056aaaaaaaaaaaaaaaaaaaaaa:1.0.0->1.0.1,synthext0056aaaaaaaaaaaaaaaaaaaaaa,Screenshot Tool 056,screenshot,2026-02-04,synthetic,benign,,False,0.25,0.0,1.0,1.0,0.0,0.0,0.0,0.0,0.0,0.0,2.0,0.0,0.0,3.0,0.0,0.0,0.0,2.0,0.0,0.0,0.0,0.0,0.0,0.0,0.0,2.0,0.0,0.0,0.0,0.0
synthext0056aaaaaaaaaaaaaaaaaaaaaa:1.0.1->1.0.2,synthext0056aaaaaaaaaaaaaaaaaaaaaa,Screenshot Tool 056,screenshot,2026-06-03,synthetic,malicious,credential_theft,True,0.96,1.0,2.0,2.0,1.0,2.0,324.0,250.0,0.0,0.0,3.0,1.0,1.0,0.0,0.0,0.0,0.0,-1.0,0.0,0.0,0.0,0.0,0.0,1.0,1.0,-1.0,0.0,0.0,0.0,0.0
synthext0056aaaaaaaaaaaaaaaaaaaaaa:1.0.2->1.0.3,synthext0056aaaaaaaaaaaaaaaaaaaaaa,Screenshot Tool 056,screenshot,2026-10-25,synthetic,benign,,False,0.68,2.0,2.0,2.0,2.0,1.0,174.0,174.0,0.0,0.0,-1.0,0.0,0.0,0.0,0.0,0.0,0.0,0.0,0.0,0.0,0.0,0.0,0.0,0.0,0.0,0.0,0.0,0.0,0.0,0.0
synthext0056aaaaaaaaaaaaaaaaaaaaaa:1.0.3->1.0.4,synthext0056aaaaaaaaaaaaaaaaaaaaaa,Screenshot Tool 056,screenshot,2026-07-17,synthetic,benign,,False,0.6,0.0,1.0,1.0,0.0,1.0,33.0,33.0,0.0,0.0,-1.0,0.0,0.0,0.0,0.0,0.0,0.0,-2.0,0.0,0.0,0.0,0.0,0.0,0.0,0.0,-2.0,1.0,0.0,0.0,0.0
synthext0057aaaaaaaaaaaaaaaaaaaaaa:1.4.0->1.4.1,synthext0057aaaaaaaaaaaaaaaaaaaaaa,Notes Tool 057,notes,2026-03-22,synthetic,benign,,False,0.76,3.0,2.0,2.0,3.0,2.0,312.0,202.0,0.0,0.0,-1.0,0.0,0.0,3.0,0.0,0.0,0.0,0.0,0.0,0.0,0.0,0.0,0.0,0.0,0.0,0.0,1.0,0.0,0.0,0.0
synthext0057aaaaaaaaaaaaaaaaaaaaaa:1.4.1->1.4.2,synthext0057aaaaaaaaaaaaaaaaaaaaaa,Notes Tool 057,notes,2026-05-08,synthetic,benign,,False,0.25,2.0,0.0,0.0,2.0,0.0,0.0,0.0,0.0,0.0,0.0,0.0,0.0,2.0,0.0,0.0,0.0,0.0,0.0,0.0,0.0,0.0,0.0,0.0,0.0,0.0,0.0,0.0,0.0,0.0
synthext0057aaaaaaaaaaaaaaaaaaaaaa:1.4.2->1.4.3,synthext0057aaaaaaaaaaaaaaaaaaaaaa,Notes Tool 057,notes,2026-10-31,synthetic,benign,,False,0.82,0.0,1.0,1.0,0.0,1.0,104.0,104.0,0.0,0.0,2.0,0.0,0.0,2.0,0.0,0.0,0.0,0.0,0.0,0.0,1.0,1.0,0.0,0.0,0.0,0.0,0.0,1.0,0.0,0.0
synthext0057aaaaaaaaaaaaaaaaaaaaaa:1.4.3->1.4.4,synthext0057aaaaaaaaaaaaaaaaaaaaaa,Notes Tool 057,notes,2026-03-10,synthetic,malicious,form_jacking,True,0.97,5.0,2.0,2.0,5.0,2.0,625.0,480.0,0.0,0.0,3.0,1.0,0.0,1.0,0.0,0.0,0.0,3.0,0.0,0.0,0.0,0.0,0.0,1.0,1.0,3.0,1.0,0.0,0.0,0.0
synthext0058aaaaaaaaaaaaaaaaaaaaaa:1.4.0->1.4.1,synthext0058aaaaaaaaaaaaaaaaaaaaaa,Dictionary Tool 058,dictionary,2026-11-22,synthetic,benign,,False,0.7,0.0,1.0,1.0,0.0,1.0,68.0,68.0,0.0,0.0,0.0,0.0,0.0,1.0,0.0,0.0,0.0,0.0,0.0,0.0,0.0,0.0,0.0,0.0,0.0,0.0,1.0,0.0,0.0,0.0
synthext0058aaaaaaaaaaaaaaaaaaaaaa:1.4.1->1.4.2,synthext0058aaaaaaaaaaaaaaaaaaaaaa,Dictionary Tool 058,dictionary,2026-06-13,synthetic,benign,,False,0.6,0.0,1.0,1.0,0.0,1.0,43.0,43.0,0.0,0.0,1.0,0.0,0.0,0.0,0.0,0.0,0.0,0.0,0.0,0.0,0.0,0.0,0.0,0.0,0.0,0.0,1.0,0.0,0.0,0.0
synthext0058aaaaaaaaaaaaaaaaaaaaaa:1.4.2->1.4.3,synthext0058aaaaaaaaaaaaaaaaaaaaaa,Dictionary Tool 058,dictionary,2026-11-08,synthetic,malicious,credential_theft,False,0.96,3.0,2.0,2.0,3.0,1.0,586.0,586.0,0.0,0.0,1.0,1.0,1.0,0.0,0.0,0.0,0.0,2.0,0.0,0.0,0.0,0.0,0.0,1.0,1.0,2.0,1.0,0.0,0.0,0.0
synthext0058aaaaaaaaaaaaaaaaaaaaaa:1.4.3->1.4.4,synthext0058aaaaaaaaaaaaaaaaaaaaaa,Dictionary Tool 058,dictionary,2026-03-24,synthetic,malicious,credential_theft,True,0.96,3.0,2.0,2.0,3.0,1.0,553.0,553.0,0.0,0.0,3.0,1.0,1.0,0.0,0.0,0.0,0.0,3.0,0.0,0.0,0.0,0.0,0.0,1.0,1.0,3.0,1.0,0.0,0.0,0.0
synthext0059aaaaaaaaaaaaaaaaaaaaaa:1.0.0->1.0.1,synthext0059aaaaaaaaaaaaaaaaaaaaaa,Videohelper Tool 059,videohelper,2026-06-11,synthetic,benign,,False,0.76,1.0,1.0,1.0,1.0,1.0,93.0,93.0,0.0,0.0,-1.0,0.0,0.0,-1.0,0.0,0.0,0.0,1.0,0.0,0.0,1.0,1.0,0.0,0.0,0.0,1.0,1.0,1.0,0.0,0.0
synthext0059aaaaaaaaaaaaaaaaaaaaaa:1.0.1->1.0.2,synthext0059aaaaaaaaaaaaaaaaaaaaaa,Videohelper Tool 059,videohelper,2026-07-19,synthetic,benign,,False,0.0,-1.0,0.0,0.0,-1.0,0.0,0.0,0.0,0.0,0.0,-1.0,0.0,0.0,-1.0,0.0,0.0,0.0,1.0,0.0,0.0,0.0,0.0,0.0,0.0,0.0,1.0,0.0,0.0,0.0,0.0
synthext0059aaaaaaaaaaaaaaaaaaaaaa:1.0.2->1.0.3,synthext0059aaaaaaaaaaaaaaaaaaaaaa,Videohelper Tool 059,videohelper,2026-10-10,synthetic,benign,,False,0.25,2.0,0.0,0.0,2.0,0.0,0.0,0.0,0.0,0.0,1.0,0.0,0.0,1.0,0.0,0.0,0.0,0.0,0.0,0.0,0.0,0.0,0.0,0.0,0.0,0.0,0.0,0.0,0.0,0.0
synthext0059aaaaaaaaaaaaaaaaaaaaaa:1.0.3->1.0.4,synthext0059aaaaaaaaaaaaaaaaaaaaaa,Videohelper Tool 059,videohelper,2026-04-13,synthetic,benign,,False,0.6,0.0,1.0,1.0,0.0,1.0,89.0,89.0,0.0,0.0,-2.0,0.0,0.0,-1.0,0.0,0.0,0.0,0.0,0.0,0.0,1.0,0.0,0.0,0.0,0.0,0.0,1.0,0.0,0.0,0.0
synthext0060aaaaaaaaaaaaaaaaaaaaaa:1.0.0->1.0.1,synthext0060aaaaaaaaaaaaaaaaaaaaaa,Reader Tool 060,reader,2026-01-21,synthetic,benign,,False,0.76,1.0,1.0,1.0,1.0,1.0,93.0,93.0,0.0,0.0,1.0,0.0,0.0,-1.0,0.0,0.0,0.0,-2.0,0.0,0.0,1.0,1.0,0.0,0.0,0.0,-2.0,1.0,1.0,0.0,0.0
synthext0060aaaaaaaaaaaaaaaaaaaaaa:1.0.1->1.0.2,synthext0060aaaaaaaaaaaaaaaaaaaaaa,Reader Tool 060,reader,2026-06-24,synthetic,benign,,False,0.0,1.0,1.0,1.0,1.0,0.0,0.0,0.0,0.0,0.0,0.0,0.0,0.0,0.0,0.0,0.0,0.0,-2.0,0.0,0.0,1.0,0.0,0.0,0.0,0.0,-2.0,0.0,0.0,0.0,0.0
synthext0060aaaaaaaaaaaaaaaaaaaaaa:1.0.2->1.0.3,synthext0060aaaaaaaaaaaaaaaaaaaaaa,Reader Tool 060,reader,2026-09-06,synthetic,malicious,ad_affiliate,False,0.4,3.0,2.0,2.0,3.0,0.0,0.0,0.0,0.0,0.0,0.0,0.0,0.0,2.0,0.0,0.0,0.0,2.0,0.0,0.0,0.0,0.0,0.0,0.0,0.0,2.0,0.0,0.0,0.0,0.0
synthext0060aaaaaaaaaaaaaaaaaaaaaa:1.0.3->1.0.4,synthext0060aaaaaaaaaaaaaaaaaaaaaa,Reader Tool 060,reader,2026-02-13,synthetic,malicious,sw_beacon,True,0.9064,2.0,2.0,2.0,2.0,2.0,506.0,431.0,0.0,1.0,1.0,0.0,0.0,2.0,1.0,0.0,0.0,-1.0,1.0,1.0,0.0,0.0,0.0,0.0,0.0,-2.0,2.0,0.0,0.0,0.0
synthext0061aaaaaaaaaaaaaaaaaaaaaa:1.2.0->1.2.1,synthext0061aaaaaaaaaaaaaaaaaaaaaa,Shopper Tool 061,shopper,2026-05-26,synthetic,benign,,False,0.6,2.0,1.0,1.0,2.0,1.0,51.0,51.0,0.0,0.0,-1.0,0.0,0.0,0.0,0.0,0.0,0.0,0.0,0.0,0.0,0.0,0.0,0.0,0.0,0.0,0.0,1.0,0.0,0.0,0.0
synthext0061aaaaaaaaaaaaaaaaaaaaaa:1.2.1->1.2.2,synthext0061aaaaaaaaaaaaaaaaaaaaaa,Shopper Tool 061,shopper,2026-01-11,synthetic,malicious,clipboard_steal,True,0.68,4.0,3.0,3.0,4.0,2.0,287.0,227.0,0.0,0.0,3.0,0.0,0.0,0.0,0.0,0.0,0.0,3.0,0.0,0.0,0.0,0.0,0.0,0.0,0.0,3.0,0.0,0.0,0.0,0.0
synthext0061aaaaaaaaaaaaaaaaaaaaaa:1.2.2->1.2.3,synthext0061aaaaaaaaaaaaaaaaaaaaaa,Shopper Tool 061,shopper,2026-06-23,synthetic,malicious,keylogger,True,0.7,3.0,1.0,1.0,3.0,1.0,61.0,61.0,0.0,0.0,6.0,0.0,0.0,3.0,0.0,0.0,0.0,3.0,0.0,0.0,0.0,0.0,0.0,0.0,0.0,3.0,0.0,0.0,0.0,0.0
synthext0061aaaaaaaaaaaaaaaaaaaaaa:1.2.3->1.2.4,synthext0061aaaaaaaaaaaaaaaaaaaaaa,Shopper Tool 061,shopper,2026-09-07,synthetic,benign,,False,0.25,1.0,1.0,1.0,1.0,0.0,0.0,0.0,0.0,0.0,2.0,0.0,0.0,2.0,0.0,0.0,0.0,-2.0,0.0,0.0,0.0,0.0,0.0,0.0,0.0,-2.0,0.0,0.0,0.0,0.0
synthext0062aaaaaaaaaaaaaaaaaaaaaa:1.2.0->1.2.1,synthext0062aaaaaaaaaaaaaaaaaaaaaa,Contacts Tool 062,contacts,2026-01-23,synthetic,benign,,False,0.25,4.0,0.0,0.0,4.0,0.0,0.0,0.0,0.0,0.0,-1.0,0.0,-1.0,1.0,0.0,0.0,0.0,2.0,0.0,0.0,0.0,0.0,0.0,0.0,0.0,2.0,0.0,0.0,0.0,0.0
synthext0062aaaaaaaaaaaaaaaaaaaaaa:1.2.1->1.2.2,synthext0062aaaaaaaaaaaaaaaaaaaaaa,Contacts Tool 062,contacts,2026-04-17,synthetic,benign,,False,0.4,2.0,0.0,0.0,2.0,0.0,0.0,0.0,0.0,0.0,1.0,0.0,1.0,0.0,0.0,0.0,0.0,-1.0,0.0,0.0,1.0,1.0,0.0,0.0,0.0,-1.0,0.0,1.0,0.0,0.0
synthext0062aaaaaaaaaaaaaaaaaaaaaa:1.2.2->1.2.3,synthext0062aaaaaaaaaaaaaaaaaaaaaa,Contacts Tool 062,contacts,2026-11-14,synthetic,benign,,False,0.7,1.0,1.0,1.0,1.0,1.0,85.0,85.0,0.0,0.0,1.0,0.0,1.0,1.0,0.0,0.0,0.0,-2.0,0.0,0.0,1.0,0.0,0.0,0.0,0.0,-2.0,1.0,0.0,0.0,0.0
synthext0062aaaaaaaaaaaaaaaaaaaaaa:1.2.3->1.2.4,synthext0062aaaaaaaaaaaaaaaaaaaaaa,Contacts Tool 062,contacts,2026-03-02,synthetic,benign,,False,0.25,0.0,0.0,0.0,0.0,0.0,0.0,0.0,0.0,0.0,1.0,0.0,0.0,1.0,0.0,0.0,0.0,2.0,0.0,0.0,0.0,0.0,0.0,0.0,0.0,2.0,0.0,0.0,0.0,0.0
synthext0063aaaaaaaaaaaaaaaaaaaaaa:1.3.0->1.3.1,synthext0063aaaaaaaaaaaaaaaaaaaaaa,Passmgr Tool 063,passmgr,2026-06-02,synthetic,malicious,credential_theft,True,0.9625,1.0,1.0,1.0,1.0,1.0,90.0,90.0,0.0,0.0,2.0,1.0,1.0,4.0,0.0,0.0,0.0,-2.0,0.0,0.0,1.0,0.0,0.0,1.0,1.0,-2.0,0.0,0.0,0.0,0.0
synthext0063aaaaaaaaaaaaaaaaaaaaaa:1.3.1->1.3.2,synthext0063aaaaaaaaaaaaaaaaaaaaaa,Passmgr Tool 063,passmgr,2026-07-26,synthetic,benign,,False,0.925,2.0,1.0,1.0,2.0,1.0,150.0,150.0,0.0,0.0,0.0,0.0,0.0,1.0,0.0,0.0,0.0,0.0,0.0,0.0,0.0,0.0,0.0,1.0,1.0,0.0,1.0,0.0,0.0,0.0
synthext0063aaaaaaaaaaaaaaaaaaaaaa:1.3.2->1.3.3,synthext0063aaaaaaaaaaaaaaaaaaaaaa,Passmgr Tool 063,passmgr,2026-10-22,synthetic,malicious,credential_theft,True,0.97,3.0,2.0,2.0,3.0,1.0,248.0,248.0,0.0,0.0,2.0,1.0,1.0,4.0,0.0,0.0,0.0,-2.0,0.0,0.0,0.0,0.0,0.0,1.0,1.0,-2.0,1.0,0.0,0.0,0.0
synthext0063aaaaaaaaaaaaaaaaaaaaaa:1.3.3->1.3.4,synthext0063aaaaaaaaaaaaaaaaaaaaaa,Passmgr Tool 063,passmgr,2026-10-22,synthetic,benign,,False,0.25,1.0,1.0,1.0,1.0,0.0,0.0,0.0,0.0,0.0,0.0,0.0,0.0,1.0,0.0,0.0,0.0,2.0,0.0,0.0,0.0,0.0,0.0,0.0,0.0,2.0,0.0,0.0,0.0,0.0
synthext0064aaaaaaaaaaaaaaaaaaaaaa:1.2.0->1.2.1,synthext0064aaaaaaaaaaaaaaaaaaaaaa,Weather Tool 064,weather,2026-02-09,synthetic,benign,,False,0.76,2.0,2.0,2.0,2.0,2.0,235.0,177.0,0.0,0.0,2.0,0.0,0.0,1.0,0.0,0.0,0.0,0.0,0.0,0.0,0.0,0.0,0.0,0.0,0.0,0.0,1.0,0.0,0.0,0.0
synthext0064aaaaaaaaaaaaaaaaaaaaaa:1.2.1->1.2.2,synthext0064aaaaaaaaaaaaaaaaaaaaaa,Weather Tool 064,weather,2026-04-25,synthetic,benign,,False,0.6,3.0,1.0,1.0,3.0,1.0,104.0,104.0,0.0,0.0,2.0,0.0,0.0,-1.0,0.0,0.0,0.0,0.0,0.0,0.0,0.0,0.0,0.0,0.0,0.0,0.0,1.0,0.0,0.0,0.0
synthext0064aaaaaaaaaaaaaaaaaaaaaa:1.2.2->1.2.3,synthext0064aaaaaaaaaaaaaaaaaaaaaa,Weather Tool 064,weather,2026-06-22,synthetic,benign,,False,0.25,2.0,0.0,0.0,2.0,0.0,0.0,0.0,0.0,0.0,2.0,0.0,0.0,1.0,0.0,0.0,0.0,0.0,0.0,0.0,1.0,0.0,0.0,0.0,0.0,0.0,0.0,0.0,0.0,0.0
synthext0064aaaaaaaaaaaaaaaaaaaaaa:1.2.3->1.2.4,synthext0064aaaaaaaaaaaaaaaaaaaaaa,Weather Tool 064,weather,2026-11-11,synthetic,malicious,redirect_hijack,False,0.9064,1.0,2.0,2.0,1.0,1.0,241.0,241.0,0.0,0.0,1.0,0.0,0.0,2.0,0.0,0.0,0.0,1.0,1.0,1.0,1.0,1.0,0.0,0.0,0.0,0.0,0.0,1.0,0.0,0.0
synthext0065aaaaaaaaaaaaaaaaaaaaaa:1.4.0->1.4.1,synthext0065aaaaaaaaaaaaaaaaaaaaaa,Translate Tool 065,translate,2026-11-26,synthetic,benign,,False,0.7,2.0,1.0,1.0,2.0,1.0,91.0,91.0,0.0,0.0,2.0,0.0,0.0,3.0,0.0,0.0,0.0,1.0,0.0,0.0,0.0,0.0,0.0,0.0,0.0,1.0,1.0,0.0,0.0,0.0
synthext0065aaaaaaaaaaaaaaaaaaaaaa:1.4.1->1.4.2,synthext0065aaaaaaaaaaaaaaaaaaaaaa,Translate Tool 065,translate,2026-07-10,synthetic,malicious,keylogger,False,0.7,1.0,1.0,1.0,1.0,1.0,80.0,80.0,0.0,0.0,7.0,0.0,0.0,1.0,0.0,0.0,0.0,2.0,0.0,0.0,0.0,0.0,0.0,0.0,0.0,2.0,1.0,0.0,0.0,0.0
synthext0065aaaaaaaaaaaaaaaaaaaaaa:1.4.2->1.4.3,synthext0065aaaaaaaaaaaaaaaaaaaaaa,Translate Tool 065,translate,2026-09-18,synthetic,malicious,sw_beacon,True,0.8752,2.0,3.0,3.0,2.0,3.0,539.0,239.0,0.0,1.0,-1.0,0.0,0.0,0.0,1.0,0.0,0.0,-1.0,1.0,1.0,1.0,0.0,0.0,0.0,0.0,-2.0,2.0,0.0,0.0,0.0
synthext0065aaaaaaaaaaaaaaaaaaaaaa:1.4.3->1.4.4,synthext0065aaaaaaaaaaaaaaaaaaaaaa,Translate Tool 065,translate,2026-01-19,synthetic,benign,,False,0.6,3.0,1.0,1.0,3.0,1.0,48.0,48.0,0.0,0.0,0.0,0.0,0.0,0.0,0.0,0.0,0.0,0.0,0.0,0.0,0.0,0.0,0.0,0.0,0.0,0.0,1.0,0.0,0.0,0.0
synthext0066aaaaaaaaaaaaaaaaaaaaaa:1.6.0->1.6.1,synthext0066aaaaaaaaaaaaaaaaaaaaaa,Adblocker Tool 066,adblocker,2026-07-24,synthetic,malicious,keylogger,False,0.76,2.0,2.0,2.0,2.0,1.0,64.0,64.0,0.0,0.0,8.0,0.0,0.0,4.0,0.0,0.0,0.0,3.0,0.0,0.0,0.0,0.0,0.0,0.0,0.0,3.0,1.0,0.0,0.0,0.0
synthext0066aaaaaaaaaaaaaaaaaaaaaa:1.6.1->1.6.2,synthext0066aaaaaaaaaaaaaaaaaaaaaa,Adblocker Tool 066,adblocker,2026-02-28,synthetic,malicious,form_jacking,False,0.9625,2.0,1.0,1.0,2.0,1.0,180.0,180.0,0.0,0.0,3.0,1.0,0.0,1.0,0.0,0.0,0.0,0.0,0.0,0.0,1.0,0.0,0.0,1.0,1.0,0.0,1.0,0.0,0.0,0.0
synthext0066aaaaaaaaaaaaaaaaaaaaaa:1.6.2->1.6.3,synthext0066aaaaaaaaaaaaaaaaaaaaaa,Adblocker Tool 066,adblocker,2026-10-24,synthetic,benign,,False,0.0,0.0,0.0,0.0,0.0,0.0,0.0,0.0,0.0,0.0,-1.0,0.0,0.0,0.0,0.0,0.0,0.0,1.0,0.0,0.0,1.0,0.0,0.0,0.0,0.0,1.0,0.0,0.0,0.0,0.0
synthext0066aaaaaaaaaaaaaaaaaaaaaa:1.6.3->1.6.4,synthext0066aaaaaaaaaaaaaaaaaaaaaa,Adblocker Tool 066,adblocker,2026-11-22,synthetic,malicious,sw_beacon,True,0.883,1.0,1.0,1.0,1.0,1.0,240.0,240.0,0.0,1.0,2.0,0.0,0.0,1.0,1.0,0.0,0.0,1.0,1.0,1.0,0.0,0.0,0.0,0.0,0.0,0.0,1.0,0.0,0.0,0.0
synthext0067aaaaaaaaaaaaaaaaaaaaaa:1.6.0->1.6.1,synthext0067aaaaaaaaaaaaaaaaaaaaaa,Coupon Tool 067,coupon,2026-09-22,synthetic,malicious,clipboard_steal,True,0.6,3.0,1.0,1.0,3.0,1.0,85.0,85.0,0.0,0.0,2.0,0.0,0.0,0.0,0.0,0.0,0.0,0.0,0.0,0.0,0.0,0.0,0.0,0.0,0.0,0.0,0.0,0.0,0.0,0.0
synthext0067aaaaaaaaaaaaaaaaaaaaaa:1.6.1->1.6.2,synthext0067aaaaaaaaaaaaaaaaaaaaaa,Coupon Tool 067,coupon,2026-07-06,synthetic,benign,,False,0.76,2.0,2.0,2.0,2.0,1.0,110.0,110.0,0.0,0.0,-1.0,0.0,0.0,2.0,0.0,0.0,0.0,-2.0,0.0,0.0,0.0,0.0,0.0,0.0,0.0,-2.0,1.0,0.0,0.0,0.0
synthext0067aaaaaaaaaaaaaaaaaaaaaa:1.6.2->1.6.3,synthext0067aaaaaaaaaaaaaaaaaaaaaa,Coupon Tool 067,coupon,2026-05-12,synthetic,benign,,False,0.0,2.0,0.0,0.0,2.0,0.0,0.0,0.0,0.0,0.0,2.0,0.0,0.0,-1.0,0.0,0.0,0.0,0.0,0.0,0.0,0.0,0.0,0.0,0.0,0.0,0.0,0.0,0.0,0.0,0.0
synthext0067aaaaaaaaaaaaaaaaaaaaaa:1.6.3->1.6.4,synthext0067aaaaaaaaaaaaaaaaaaaaaa,Coupon Tool 067,coupon,2026-01-28,synthetic,malicious,redirect_hijack,False,0.8752,3.0,2.0,2.0,3.0,1.0,122.0,122.0,0.0,0.0,0.0,0.0,0.0,0.0,0.0,0.0,0.0,3.0,1.0,1.0,1.0,1.0,0.0,0.0,0.0,2.0,0.0,1.0,0.0,0.0
synthext0068aaaaaaaaaaaaaaaaaaaaaa:1.6.0->1.6.1,synthext0068aaaaaaaaaaaaaaaaaaaaaa,Screenshot Tool 068,screenshot,2026-09-29,synthetic,malicious,history_exfil,True,0.844,2.0,1.0,1.0,2.0,1.0,463.0,463.0,0.0,1.0,0.0,0.0,0.0,0.0,0.0,0.0,0.0,3.0,1.0,1.0,0.0,0.0,0.0,0.0,0.0,2.0,0.0,0.0,0.0,0.0
synthext0068aaaaaaaaaaaaaaaaaaaaaa:1.6.1->1.6.2,synthext0068aaaaaaaaaaaaaaaaaaaaaa,Screenshot Tool 068,screenshot,2026-08-30,synthetic,benign,,False,0.7,0.0,1.0,1.0,0.0,1.0,46.0,46.0,0.0,0.0,0.0,0.0,0.0,1.0,0.0,0.0,0.0,-2.0,0.0,0.0,0.0,0.0,0.0,0.0,0.0,-2.0,1.0,0.0,0.0,0.0
synthext0068aaaaaaaaaaaaaaaaaaaaaa:1.6.2->1.6.3,synthext0068aaaaaaaaaaaaaaaaaaaaaa,Screenshot Tool 068,screenshot,2026-03-12,synthetic,benign,,False,0.0,-1.0,0.0,0.0,-1.0,0.0,0.0,0.0,0.0,0.0,0.0,0.0,0.0,0.0,0.0,0.0,0.0,0.0,0.0,0.0,1.0,0.0,0.0,0.0,0.0,0.0,0.0,0.0,0.0,0.0
synthext0068aaaaaaaaaaaaaaaaaaaaaa:1.6.3->1.6.4,synthext0068aaaaaaaaaaaaaaaaaaaaaa,Screenshot Tool 068,screenshot,2026-03-14,synthetic,benign,,False,0.25,1.0,0.0,0.0,1.0,0.0,0.0,0.0,0.0,0.0,0.0,0.0,0.0,1.0,0.0,0.0,0.0,0.0,0.0,0.0,1.0,0.0,0.0,0.0,0.0,0.0,0.0,0.0,0.0,0.0
synthext0069aaaaaaaaaaaaaaaaaaaaaa:1.6.0->1.6.1,synthext0069aaaaaaaaaaaaaaaaaaaaaa,Notes Tool 069,notes,2026-03-03,synthetic,benign,,False,0.0,2.0,1.0,1.0,2.0,0.0,0.0,0.0,0.0,0.0,1.0,0.0,0.0,0.0,0.0,0.0,0.0,3.0,0.0,0.0,0.0,0.0,0.0,0.0,0.0,3.0,0.0,0.0,0.0,0.0
synthext0069aaaaaaaaaaaaaaaaaaaaaa:1.6.1->1.6.2,synthext0069aaaaaaaaaaaaaaaaaaaaaa,Notes Tool 069,notes,2026-01-16,synthetic,benign,,False,0.0,3.0,1.0,1.0,3.0,0.0,0.0,0.0,0.0,0.0,0.0,0.0,0.0,0.0,0.0,0.0,0.0,0.0,0.0,0.0,0.0,0.0,0.0,0.0,0.0,0.0,0.0,0.0,0.0,0.0
synthext0069aaaaaaaaaaaaaaaaaaaaaa:1.6.2->1.6.3,synthext0069aaaaaaaaaaaaaaaaaaaaaa,Notes Tool 069,notes,2026-04-26,synthetic,malicious,ad_affiliate,False,0.25,1.0,1.0,1.0,1.0,0.0,0.0,0.0,0.0,0.0,1.0,0.0,0.0,1.0,0.0,0.0,0.0,0.0,0.0,0.0,0.0,0.0,0.0,0.0,0.0,0.0,0.0,0.0,0.0,0.0
synthext0069aaaaaaaaaaaaaaaaaaaaaa:1.6.3->1.6.4,synthext0069aaaaaaaaaaaaaaaaaaaaaa,Notes Tool 069,notes,2026-04-02,synthetic,benign,,False,0.6,4.0,1.0,1.0,4.0,1.0,56.0,56.0,0.0,0.0,-2.0,0.0,0.0,-1.0,0.0,0.0,0.0,0.0,0.0,0.0,0.0,0.0,0.0,0.0,0.0,0.0,1.0,0.0,0.0,0.0
synthext0070aaaaaaaaaaaaaaaaaaaaaa:1.6.0->1.6.1,synthext0070aaaaaaaaaaaaaaaaaaaaaa,Dictionary Tool 070,dictionary,2026-03-14,synthetic,benign,,False,0.6,1.0,1.0,1.0,1.0,1.0,187.0,187.0,0.0,0.0,1.0,0.0,0.0,0.0,0.0,0.0,0.0,-2.0,0.0,0.0,1.0,0.0,0.0,0.0,0.0,-2.0,1.0,0.0,0.0,0.0
synthext0070aaaaaaaaaaaaaaaaaaaaaa:1.6.1->1.6.2,synthext0070aaaaaaaaaaaaaaaaaaaaaa,Dictionary Tool 070,dictionary,2026-04-02,synthetic,benign,,False,0.55,0.0,0.0,0.0,0.0,0.0,0.0,0.0,0.0,0.0,-1.0,0.0,0.0,1.0,0.0,0.0,0.0,0.0,0.0,0.0,1.0,1.0,0.0,0.0,0.0,0.0,0.0,1.0,0.0,0.0
synthext0070aaaaaaaaaaaaaaaaaaaaaa:1.6.2->1.6.3,synthext0070aaaaaaaaaaaaaaaaaaaaaa,Dictionary Tool 070,dictionary,2026-05-03,synthetic,benign,,False,0.6,1.0,1.0,1.0,1.0,1.0,70.0,70.0,0.0,0.0,1.0,0.0,0.0,-1.0,0.0,0.0,0.0,2.0,0.0,0.0,0.0,0.0,0.0,0.0,0.0,2.0,1.0,0.0,0.0,0.0
synthext0070aaaaaaaaaaaaaaaaaaaaaa:1.6.3->1.6.4,synthext0070aaaaaaaaaaaaaaaaaaaaaa,Dictionary Tool 070,dictionary,2026-09-24,synthetic,malicious,history_exfil,True,0.9345,2.0,1.0,1.0,2.0,1.0,1263.0,1263.0,0.0,1.0,0.0,0.0,0.0,0.0,0.0,0.0,0.0,3.0,1.0,1.0,1.0,1.0,0.0,0.0,0.0,2.0,1.0,1.0,0.0,0.0
synthext0071aaaaaaaaaaaaaaaaaaaaaa:1.3.0->1.3.1,synthext0071aaaaaaaaaaaaaaaaaaaaaa,Videohelper Tool 071,videohelper,2026-03-09,synthetic,malicious,credential_theft,True,0.95,1.0,1.0,1.0,1.0,1.0,484.0,484.0,0.0,0.0,4.0,1.0,1.0,0.0,0.0,0.0,0.0,0.0,0.0,0.0,0.0,0.0,0.0,1.0,1.0,0.0,0.0,0.0,0.0,0.0
synthext0071aaaaaaaaaaaaaaaaaaaaaa:1.3.1->1.3.2,synthext0071aaaaaaaaaaaaaaaaaaaaaa,Videohelper Tool 071,videohelper,2026-03-29,synthetic,benign,,False,0.0,1.0,0.0,0.0,1.0,0.0,0.0,0.0,0.0,0.0,2.0,0.0,0.0,0.0,0.0,0.0,0.0,0.0,0.0,0.0,0.0,0.0,0.0,0.0,0.0,0.0,0.0,0.0,0.0,0.0
synthext0071aaaaaaaaaaaaaaaaaaaaaa:1.3.2->1.3.3,synthext0071aaaaaaaaaaaaaaaaaaaaaa,Videohelper Tool 071,videohelper,2026-11-09,synthetic,malicious,redirect_hijack,False,0.8752,2.0,2.0,2.0,2.0,1.0,33.0,33.0,0.0,0.0,-2.0,0.0,0.0,-1.0,0.0,0.0,0.0,6.0,1.0,1.0,2.0,1.0,0.0,0.0,0.0,5.0,1.0,1.0,0.0,0.0
synthext0071aaaaaaaaaaaaaaaaaaaaaa:1.3.3->1.3.4,synthext0071aaaaaaaaaaaaaaaaaaaaaa,Videohelper Tool 071,videohelper,2026-11-14,synthetic,benign,,False,0.0,0.0,0.0,0.0,0.0,0.0,0.0,0.0,0.0,0.0,-2.0,0.0,0.0,-1.0,0.0,0.0,0.0,0.0,0.0,0.0,0.0,0.0,0.0,0.0,0.0,0.0,0.0,0.0,0.0,0.0
synthext0072aaaaaaaaaaaaaaaaaaaaaa:1.4.0->1.4.1,synthext0072aaaaaaaaaaaaaaaaaaaaaa,Reader Tool 072,reader,2026-11-17,synthetic,malicious,clipboard_steal,False,0.6,0.0,1.0,1.0,0.0,1.0,122.0,122.0,0.0,0.0,3.0,0.0,0.0,-1.0,0.0,0.0,0.0,0.0,0.0,0.0,1.0,0.0,0.0,0.0,0.0,0.0,0.0,0.0,0.0,0.0
synthext0072aaaaaaaaaaaaaaaaaaaaaa:1.4.1->1.4.2,synthext0072aaaaaaaaaaaaaaaaaaaaaa,Reader Tool 072,reader,2026-11-19,synthetic,benign,,False,0.0,3.0,0.0,0.0,3.0,0.0,0.0,0.0,0.0,0.0,1.0,0.0,0.0,-1.0,0.0,0.0,0.0,-2.0,0.0,0.0,0.0,0.0,0.0,0.0,0.0,-2.0,0.0,0.0,0.0,0.0
synthext0072aaaaaaaaaaaaaaaaaaaaaa:1.4.2->1.4.3,synthext0072aaaaaaaaaaaaaaaaaaaaaa,Reader Tool 072,reader,2026-09-19,synthetic,malicious,history_exfil,False,0.9298,2.0,1.0,1.0,2.0,1.0,694.0,694.0,0.0,1.0,2.0,0.0,0.0,1.0,0.0,0.0,0.0,-1.0,1.0,1.0,1.0,1.0,0.0,0.0,0.0,-2.0,1.0,1.0,0.0,0.0
synthext0072aaaaaaaaaaaaaaaaaaaaaa:1.4.3->1.4.4,synthext0072aaaaaaaaaaaaaaaaaaaaaa,Reader Tool 072,reader,2026-02-02,synthetic,benign,,False,0.25,3.0,0.0,0.0,3.0,0.0,0.0,0.0,0.0,0.0,-2.0,0.0,0.0,1.0,0.0,0.0,0.0,2.0,0.0,0.0,1.0,0.0,0.0,0.0,0.0,2.0,0.0,0.0,0.0,0.0
synthext0073aaaaaaaaaaaaaaaaaaaaaa:1.0.0->1.0.1,synthext0073aaaaaaaaaaaaaaaaaaaaaa,Shopper Tool 073,shopper,2026-07-16,synthetic,benign,,False,0.25,0.0,0.0,0.0,0.0,0.0,0.0,0.0,0.0,0.0,0.0,0.0,0.0,2.0,0.0,0.0,0.0,-2.0,0.0,0.0,0.0,0.0,0.0,0.0,0.0,-2.0,0.0,0.0,0.0,0.0
synthext0073aaaaaaaaaaaaaaaaaaaaaa:1.0.1->1.0.2,synthext0073aaaaaaaaaaaaaaaaaaaaaa,Shopper Tool 073,shopper,2026-01-16,synthetic,malicious,keylogger,True,0.7,2.0,1.0,1.0,2.0,1.0,129.0,129.0,0.0,0.0,6.0,0.0,0.0,1.0,0.0,0.0,0.0,4.0,0.0,0.0,0.0,0.0,0.0,0.0,0.0,4.0,0.0,0.0,0.0,0.0
synthext0073aaaaaaaaaaaaaaaaaaaaaa:1.0.2->1.0.3,synthext0073aaaaaaaaaaaaaaaaaaaaaa,Shopper Tool 073,shopper,2026-07-27,synthetic,benign,,False,0.6,1.0,1.0,1.0,1.0,1.0,73.0,73.0,0.0,0.0,-1.0,0.0,0.0,0.0,0.0,0.0,0.0,0.0,0.0,0.0,0.0,0.0,0.0,0.0,0.0,0.0,1.0,0.0,0.0,0.0
synthext0073aaaaaaaaaaaaaaaaaaaaaa:1.0.3->1.0.4,synthext0073aaaaaaaaaaaaaaaaaaaaaa,Shopper Tool 073,shopper,2026-08-23,synthetic,benign,,False,0.25,0.0,0.0,0.0,0.0,0.0,0.0,0.0,0.0,0.0,0.0,0.0,0.0,1.0,0.0,0.0,0.0,-2.0,0.0,0.0,0.0,0.0,0.0,0.0,0.0,-2.0,0.0,0.0,0.0,0.0
synthext0074aaaaaaaaaaaaaaaaaaaaaa:1.2.0->1.2.1,synthext0074aaaaaaaaaaaaaaaaaaaaaa,Contacts Tool 074,contacts,2026-01-09,synthetic,benign,,False,0.25,2.0,0.0,0.0,2.0,0.0,0.0,0.0,0.0,0.0,0.0,0.0,1.0,2.0,0.0,0.0,0.0,0.0,0.0,0.0,0.0,0.0,0.0,0.0,0.0,0.0,0.0,0.0,0.0,0.0
synthext0074aaaaaaaaaaaaaaaaaaaaaa:1.2.1->1.2.2,synthext0074aaaaaaaaaaaaaaaaaaaaaa,Contacts Tool 074,contacts,2026-11-17,synthetic,benign,,False,0.0,1.0,1.0,1.0,1.0,0.0,0.0,0.0,0.0,0.0,0.0,0.0,0.0,0.0,0.0,0.0,0.0,3.0,0.0,0.0,0.0,0.0,0.0,0.0,0.0,3.0,0.0,0.0,0.0,0.0
synthext0074aaaaaaaaaaaaaaaaaaaaaa:1.2.2->1.2.3,synthext0074aaaaaaaaaaaaaaaaaaaaaa,Contacts Tool 074,contacts,2026-07-05,synthetic,malicious,ad_affiliate,True,0.25,2.0,1.0,1.0,2.0,0.0,0.0,0.0,0.0,0.0,2.0,0.0,2.0,5.0,0.0,0.0,0.0,2.0,0.0,0.0,1.0,0.0,0.0,0.0,0.0,2.0,0.0,0.0,0.0,0.0
synthext0074aaaaaaaaaaaaaaaaaaaaaa:1.2.3->1.2.4,synthext0074aaaaaaaaaaaaaaaaaaaaaa,Contacts Tool 074,contacts,2026-09-15,synthetic,malicious,clipboard_steal,False,0.6,1.0,1.0,1.0,1.0,1.0,232.0,232.0,0.0,0.0,0.0,0.0,0.0,0.0,0.0,0.0,0.0,0.0,0.0,0.0,0.0,0.0,0.0,0.0,0.0,0.0,1.0,0.0,0.0,0.0
synthext0075aaaaaaaaaaaaaaaaaaaaaa:1.0.0->1.0.1,synthext0075aaaaaaaaaaaaaaaaaaaaaa,Passmgr Tool 075,passmgr,2026-10-30,synthetic,benign,,False,0.0,2.0,1.0,1.0,2.0,0.0,0.0,0.0,0.0,0.0,0.0,0.0,0.0,0.0,0.0,0.0,0.0,3.0,0.0,0.0,0.0,0.0,0.0,0.0,0.0,3.0,0.0,0.0,0.0,0.0
synthext0075aaaaaaaaaaaaaaaaaaaaaa:1.0.1->1.0.2,synthext0075aaaaaaaaaaaaaaaaaaaaaa,Passmgr Tool 075,passmgr,2026-09-14,synthetic,malicious,sw_beacon,False,0.9813,3.0,2.0,2.0,3.0,1.0,403.0,403.0,0.0,1.0,-1.0,0.0,0.0,0.0,1.0,0.0,0.0,-1.0,1.0,1.0,1.0,1.0,0.0,1.0,1.0,-2.0,1.0,1.0,0.0,0.0
synthext0075aaaaaaaaaaaaaaaaaaaaaa:1.0.2->1.0.3,synthext0075aaaaaaaaaaaaaaaaaaaaaa,Passmgr Tool 075,passmgr,2026-02-02,synthetic,malicious,clipboard_steal,True,0.92,2.0,2.0,2.0,2.0,1.0,124.0,124.0,0.0,0.0,1.0,0.0,0.0,0.0,0.0,0.0,0.0,-1.0,0.0,0.0,0.0,0.0,0.0,1.0,1.0,-1.0,1.0,0.0,0.0,0.0
synthext0075aaaaaaaaaaaaaaaaaaaaaa:1.0.3->1.0.4,synthext0075aaaaaaaaaaaaaaaaaaaaaa,Passmgr Tool 075,passmgr,2026-01-31,synthetic,malicious,sw_beacon,False,0.9766,3.0,3.0,3.0,3.0,2.0,276.0,192.0,0.0,1.0,-1.0,0.0,0.0,1.0,1.0,0.0,0.0,1.0,1.0,1.0,0.0,0.0,0.0,2.0,2.0,0.0,1.0,0.0,0.0,0.0
synthext0076aaaaaaaaaaaaaaaaaaaaaa:1.3.0->1.3.1,synthext0076aaaaaaaaaaaaaaaaaaaaaa,Weather Tool 076,weather,2026-05-17,synthetic,benign,,False,0.0,2.0,1.0,1.0,2.0,0.0,0.0,0.0,0.0,0.0,1.0,0.0,0.0,-1.0,0.0,0.0,0.0,0.0,0.0,0.0,0.0,0.0,0.0,0.0,0.0,0.0,0.0,0.0,0.0,0.0
synthext0076aaaaaaaaaaaaaaaaaaaaaa:1.3.1->1.3.2,synthext0076aaaaaaaaaaaaaaaaaaaaaa,Weather Tool 076,weather,2026-11-08,synthetic,benign,,False,0.25,0.0,0.0,0.0,0.0,0.0,0.0,0.0,0.0,0.0,0.0,0.0,0.0,2.0,0.0,0.0,0.0,-2.0,0.0,0.0,0.0,0.0,0.0,0.0,0.0,-2.0,0.0,0.0,0.0,0.0
synthext0076aaaaaaaaaaaaaaaaaaaaaa:1.3.2->1.3.3,synthext0076aaaaaaaaaaaaaaaaaaaaaa,Weather Tool 076,weather,2026-02-23,synthetic,benign,,False,0.0,0.0,0.0,0.0,0.0,0.0,0.0,0.0,0.0,0.0,0.0,0.0,0.0,0.0,0.0,0.0,0.0,2.0,0.0,0.0,0.0,0.0,0.0,0.0,0.0,2.0,0.0,0.0,0.0,0.0
synthext0076aaaaaaaaaaaaaaaaaaaaaa:1.3.3->1.3.4,synthext0076aaaaaaaaaaaaaaaaaaaaaa,Weather Tool 076,weather,2026-09-28,synthetic,benign,,False,0.0,-1.0,0.0,0.0,-1.0,0.0,0.0,0.0,0.0,0.0,0.0,0.0,0.0,0.0,0.0,0.0,0.0,-2.0,0.0,0.0,1.0,0.0,0.0,0.0,0.0,-2.0,0.0,0.0,0.0,0.0
synthext0077aaaaaaaaaaaaaaaaaaaaaa:1.4.0->1.4.1,synthext0077aaaaaaaaaaaaaaaaaaaaaa,Translate Tool 077,translate,2026-06-03,synthetic,benign,,False,0.0,0.0,1.0,1.0,0.0,0.0,0.0,0.0,0.0,0.0,2.0,0.0,0.0,0.0,0.0,0.0,0.0,0.0,0.0,0.0,0.0,0.0,0.0,0.0,0.0,0.0,0.0,0.0,0.0,0.0
synthext0077aaaaaaaaaaaaaaaaaaaaaa:1.4.1->1.4.2,synthext0077aaaaaaaaaaaaaaaaaaaaaa,Translate Tool 077,translate,2026-10-23,synthetic,benign,,False,0.25,1.0,0.0,0.0,1.0,0.0,0.0,0.0,0.0,0.0,-1.0,0.0,0.0,1.0,0.0,0.0,0.0,-2.0,0.0,0.0,0.0,0.0,0.0,0.0,0.0,-2.0,0.0,0.0,0.0,0.0
synthext0077aaaaaaaaaaaaaaaaaaaaaa:1.4.2->1.4.3,synthext0077aaaaaaaaaaaaaaaaaaaaaa,Translate Tool 077,translate,2026-04-24,synthetic,benign,,False,0.4,1.0,0.0,0.0,1.0,0.0,0.0,0.0,0.0,0.0,0.0,0.0,0.0,0.0,0.0,0.0,0.0,0.0,0.0,0.0,1.0,1.0,0.0,0.0,0.0,0.0,0.0,1.0,0.0,0.0
synthext0077aaaaaaaaaaaaaaaaaaaaaa:1.4.3->1.4.4,synthext0077aaaaaaaaaaaaaaaaaaaaaa,Translate Tool 077,translate,2026-04-08,synthetic,benign,,False,0.76,2.0,1.0,1.0,2.0,1.0,65.0,65.0,0.0,0.0,1.0,0.0,0.0,-1.0,0.0,0.0,0.0,2.0,0.0,0.0,1.0,1.0,0.0,0.0,0.0,2.0,1.0,1.0,0.0,0.0
synthext0078aaaaaaaaaaaaaaaaaaaaaa:1.6.0->1.6.1,synthext0078aaaaaaaaaaaaaaaaaaaaaa,Adblocker Tool 078,adblocker,2026-02-28,synthetic,benign,,False,0.6,0.0,1.0,1.0,0.0,1.0,61.0,61.0,0.0,0.0,1.0,0.0,0.0,0.0,0.0,0.0,0.0,2.0,0.0,0.0,0.0,0.0,0.0,0.0,0.0,2.0,1.0,0.0,0.0,0.0
synthext0078aaaaaaaaaaaaaaaaaaaaaa:1.6.1->1.6.2,synthext0078aaaaaaaaaaaaaaaaaaaaaa,Adblocker Tool 078,adblocker,2026-11-11,synthetic,malicious,history_exfil,False,0.9064,1.0,1.0,1.0,1.0,1.0,773.0,773.0,0.0,1.0,1.0,0.0,0.0,-1.0,0.0,0.0,0.0,-1.0,1.0,1.0,1.0,1.0,0.0,0.0,0.0,-2.0,1.0,1.0,0.0,0.0
synthext0078aaaaaaaaaaaaaaaaaaaaaa:1.6.2->1.6.3,synthext0078aaaaaaaaaaaaaaaaaaaaaa,Adblocker Tool 078,adblocker,2026-04-11,synthetic,benign,,False,0.0,1.0,0.0,0.0,1.0,0.0,0.0,0.0,0.0,0.0,0.0,0.0,0.0,0.0,0.0,0.0,0.0,2.0,0.0,0.0,1.0,0.0,0.0,0.0,0.0,2.0,0.0,0.0,0.0,0.0
synthext0078aaaaaaaaaaaaaaaaaaaaaa:1.6.3->1.6.4,synthext0078aaaaaaaaaaaaaaaaaaaaaa,Adblocker Tool 078,adblocker,2026-10-07,synthetic,benign,,False,0.0,2.0,1.0,1.0,2.0,0.0,0.0,0.0,0.0,0.0,-1.0,0.0,0.0,-1.0,0.0,0.0,0.0,-2.0,0.0,0.0,0.0,0.0,0.0,0.0,0.0,-2.0,0.0,0.0,0.0,0.0
synthext0079aaaaaaaaaaaaaaaaaaaaaa:1.0.0->1.0.1,synthext0079aaaaaaaaaaaaaaaaaaaaaa,Coupon Tool 079,coupon,2026-03-18,synthetic,malicious,form_jacking,True,0.97,2.0,2.0,2.0,2.0,1.0,493.0,493.0,0.0,0.0,-1.0,1.0,0.0,1.0,0.0,0.0,0.0,2.0,0.0,0.0,0.0,0.0,0.0,1.0,1.0,2.0,0.0,0.0,0.0,0.0
synthext0079aaaaaaaaaaaaaaaaaaaaaa:1.0.1->1.0.2,synthext0079aaaaaaaaaaaaaaaaaaaaaa,Coupon Tool 079,coupon,2026-04-15,synthetic,benign,,False,0.0,1.0,1.0,1.0,1.0,0.0,0.0,0.0,0.0,0.0,2.0,0.0,0.0,0.0,0.0,0.0,0.0,0.0,0.0,0.0,0.0,0.0,0.0,0.0,0.0,0.0,0.0,0.0,0.0,0.0
synthext0079aaaaaaaaaaaaaaaaaaaaaa:1.0.2->1.0.3,synthext0079aaaaaaaaaaaaaaaaaaaaaa,Coupon Tool 079,coupon,2026-07-20,synthetic,benign,,False,0.25,1.0,0.0,0.0,1.0,0.0,0.0,0.0,0.0,0.0,0.0,0.0,0.0,4.0,0.0,0.0,0.0,0.0,0.0,0.0,0.0,0.0,0.0,0.0,0.0,0.0,0.0,0.0,0.0,0.0
synthext0079aaaaaaaaaaaaaaaaaaaaaa:1.0.3->1.0.4,synthext0079aaaaaaaaaaaaaaaaaaaaaa,Coupon Tool 079,coupon,2026-01-20,synthetic,malicious,history_exfil,False,0.8752,2.0,3.0,3.0,2.0,2.0,512.0,480.0,0.0,1.0,-1.0,0.0,0.0,-1.0,0.0,0.0,0.0,1.0,1.0,1.0,0.0,0.0,0.0,0.0,0.0,0.0,2.0,0.0,0.0,0.0
synthext0080aaaaaaaaaaaaaaaaaaaaaa:1.3.0->1.3.1,synthext0080aaaaaaaaaaaaaaaaaaaaaa,Screenshot Tool 080,screenshot,2026-08-11,synthetic,benign,,False,0.25,2.0,1.0,1.0,2.0,0.0,0.0,0.0,0.0,0.0,0.0,0.0,0.0,1.0,0.0,0.0,0.0,1.0,0.0,0.0,0.0,0.0,0.0,0.0,0.0,1.0,0.0,0.0,0.0,0.0
synthext0080aaaaaaaaaaaaaaaaaaaaaa:1.3.1->1.3.2,synthext0080aaaaaaaaaaaaaaaaaaaaaa,Screenshot Tool 080,screenshot,2026-03-09,synthetic,benign,,False,0.25,3.0,0.0,0.0,3.0,0.0,0.0,0.0,0.0,0.0,-1.0,0.0,0.0,1.0,0.0,0.0,0.0,2.0,0.0,0.0,0.0,0.0,0.0,0.0,0.0,2.0,0.0,0.0,0.0,0.0
synthext0080aaaaaaaaaaaaaaaaaaaaaa:1.3.2->1.3.3,synthext0080aaaaaaaaaaaaaaaaaaaaaa,Screenshot Tool 080,screenshot,2026-02-09,synthetic,benign,,False,0.0,0.0,0.0,0.0,0.0,0.0,0.0,0.0,0.0,0.0,0.0,0.0,0.0,0.0,0.0,0.0,0.0,2.0,0.0,0.0,0.0,0.0,0.0,0.0,0.0,2.0,0.0,0.0,0.0,0.0
synthext0080aaaaaaaaaaaaaaaaaaaaaa:1.3.3->1.3.4,synthext0080aaaaaaaaaaaaaaaaaaaaaa,Screenshot Tool 080,screenshot,2026-02-23,synthetic,benign,,False,0.76,3.0,2.0,2.0,3.0,1.0,36.0,36.0,0.0,0.0,0.0,0.0,0.0,2.0,0.0,0.0,0.0,2.0,0.0,0.0,0.0,0.0,0.0,0.0,0.0,2.0,1.0,0.0,0.0,0.0
synthext0081aaaaaaaaaaaaaaaaaaaaaa:1.4.0->1.4.1,synthext0081aaaaaaaaaaaaaaaaaaaaaa,Notes Tool 081,notes,2026-01-30,synthetic,benign,,False,0.68,1.0,2.0,2.0,1.0,1.0,63.0,63.0,0.0,0.0,1.0,0.0,0.0,-1.0,0.0,0.0,0.0,0.0,0.0,0.0,0.0,0.0,0.0,0.0,0.0,0.0,1.0,0.0,0.0,0.0
synthext0081aaaaaaaaaaaaaaaaaaaaaa:1.4.1->1.4.2,synthext0081aaaaaaaaaaaaaaaaaaaaaa,Notes Tool 081,notes,2026-10-23,synthetic,benign,,False,0.856,2.0,2.0,2.0,2.0,1.0,49.0,49.0,0.0,0.0,2.0,0.0,0.0,1.0,0.0,0.0,0.0,0.0,0.0,0.0,1.0,1.0,0.0,0.0,0.0,0.0,1.0,1.0,0.0,0.0
synthext0081aaaaaaaaaaaaaaaaaaaaaa:1.4.2->1.4.3,synthext0081aaaaaaaaaaaaaaaaaaaaaa,Notes Tool 081,notes,2026-03-17,synthetic,benign,,False,0.0,1.0,0.0,0.0,1.0,0.0,0.0,0.0,0.0,0.0,1.0,0.0,0.0,0.0,0.0,0.0,0.0,2.0,0.0,0.0,0.0,0.0,0.0,0.0,0.0,2.0,0.0,0.0,0.0,0.0
synthext0081aaaaaaaaaaaaaaaaaaaaaa:1.4.3->1.4.4,synthext0081aaaaaaaaaaaaaaaaaaaaaa,Notes Tool 081,notes,2026-03-06,synthetic,benign,,False,0.76,2.0,2.0,2.0,2.0,1.0,70.0,70.0,0.0,0.0,-1.0,0.0,0.0,2.0,0.0,0.0,0.0,-2.0,0.0,0.0,0.0,0.0,0.0,0.0,0.0,-2.0,0.0,0.0,0.0,0.0
synthext0082aaaaaaaaaaaaaaaaaaaaaa:1.3.0->1.3.1,synthext0082aaaaaaaaaaaaaaaaaaaaaa,Dictionary Tool 082,dictionary,2026-09-28,synthetic,benign,,False,0.0,-1.0,0.0,0.0,-1.0,0.0,0.0,0.0,0.0,0.0,-1.0,0.0,0.0,0.0,0.0,0.0,0.0,2.0,0.0,0.0,1.0,0.0,0.0,0.0,0.0,2.0,0.0,0.0,0.0,0.0
synthext0082aaaaaaaaaaaaaaaaaaaaaa:1.3.1->1.3.2,synthext0082aaaaaaaaaaaaaaaaaaaaaa,Dictionary Tool 082,dictionary,2026-09-29,synthetic,malicious,sw_beacon,False,0.883,1.0,1.0,1.0,1.0,1.0,347.0,347.0,0.0,1.0,0.0,0.0,0.0,1.0,1.0,0.0,0.0,-1.0,1.0,1.0,0.0,0.0,0.0,0.0,0.0,-2.0,1.0,0.0,0.0,0.0
synthext0082aaaaaaaaaaaaaaaaaaaaaa:1.3.2->1.3.3,synthext0082aaaaaaaaaaaaaaaaaaaaaa,Dictionary Tool 082,dictionary,2026-06-14,synthetic,malicious,redirect_hijack,True,0.792,6.0,2.0,2.0,6.0,1.0,133.0,133.0,0.0,0.0,-2.0,0.0,0.0,-1.0,0.0,0.0,0.0,1.0,1.0,1.0,0.0,0.0,0.0,0.0,0.0,0.0,1.0,0.0,0.0,0.0
synthext0082aaaaaaaaaaaaaaaaaaaaaa:1.3.3->1.3.4,synthext0082aaaaaaaaaaaaaaaaaaaaaa,Dictionary Tool 082,dictionary,2026-01-17,synthetic,malicious,history_exfil,False,0.9476,2.0,3.0,3.0,2.0,2.0,1292.0,1195.0,0.0,1.0,-1.0,0.0,0.0,0.0,0.0,0.0,0.0,-1.0,1.0,1.0,1.0,1.0,0.0,0.0,0.0,-2.0,2.0,1.0,0.0,0.0
synthext0083aaaaaaaaaaaaaaaaaaaaaa:1.2.0->1.2.1,synthext0083aaaaaaaaaaaaaaaaaaaaaa,Videohelper Tool 083,videohelper,2026-03-24,synthetic,malicious,sw_beacon,False,0.844,0.0,1.0,1.0,0.0,1.0,289.0,289.0,0.0,1.0,2.0,0.0,0.0,0.0,1.0,0.0,0.0,-1.0,1.0,1.0,0.0,0.0,0.0,0.0,0.0,-2.0,1.0,0.0,0.0,0.0
synthext0083aaaaaaaaaaaaaaaaaaaaaa:1.2.1->1.2.2,synthext0083aaaaaaaaaaaaaaaaaaaaaa,Videohelper Tool 083,videohelper,2026-04-18,synthetic,malicious,ad_affiliate,True,0.76,4.0,3.0,3.0,4.0,1.0,99.0,99.0,0.0,0.0,-1.0,0.0,0.0,3.0,0.0,0.0,0.0,2.0,0.0,0.0,0.0,0.0,0.0,0.0,0.0,2.0,1.0,0.0,0.0,0.0
synthext0083aaaaaaaaaaaaaaaaaaaaaa:1.2.2->1.2.3,synthext0083aaaaaaaaaaaaaaaaaaaaaa,Videohelper Tool 083,videohelper,2026-04-23,synthetic,malicious,form_jacking,True,0.97,1.0,2.0,2.0,1.0,2.0,440.0,235.0,0.0,0.0,0.0,1.0,0.0,2.0,0.0,0.0,0.0,0.0,0.0,0.0,0.0,0.0,0.0,1.0,1.0,0.0,2.0,0.0,0.0,0.0
synthext0083aaaaaaaaaaaaaaaaaaaaaa:1.2.3->1.2.4,synthext0083aaaaaaaaaaaaaaaaaaaaaa,Videohelper Tool 083,videohelper,2026-08-19,synthetic,benign,,False,0.25,1.0,0.0,0.0,1.0,0.0,0.0,0.0,0.0,0.0,4.0,0.0,0.0,1.0,0.0,0.0,0.0,-1.0,0.0,0.0,0.0,0.0,0.0,0.0,0.0,-1.0,0.0,0.0,0.0,0.0
synthext0084aaaaaaaaaaaaaaaaaaaaaa:1.4.0->1.4.1,synthext0084aaaaaaaaaaaaaaaaaaaaaa,Reader Tool 084,reader,2026-09-27,synthetic,benign,,False,0.25,0.0,0.0,0.0,0.0,0.0,0.0,0.0,0.0,0.0,1.0,0.0,0.0,1.0,0.0,0.0,0.0,2.0,0.0,0.0,1.0,0.0,0.0,0.0,0.0,2.0,0.0,0.0,0.0,0.0
synthext0084aaaaaaaaaaaaaaaaaaaaaa:1.4.1->1.4.2,synthext0084aaaaaaaaaaaaaaaaaaaaaa,Reader Tool 084,reader,2026-05-23,synthetic,malicious,cookie_theft,False,0.9947,2.0,1.0,1.0,2.0,1.0,982.0,982.0,0.0,1.0,0.0,1.0,0.0,0.0,1.0,1.0,1.0,4.0,1.0,1.0,1.0,1.0,0.0,1.0,1.0,3.0,1.0,1.0,0.0,0.0
synthext0084aaaaaaaaaaaaaaaaaaaaaa:1.4.2->1.4.3,synthext0084aaaaaaaaaaaaaaaaaaaaaa,Reader Tool 084,reader,2026-03-07,synthetic,benign,,False,0.7,1.0,1.0,1.0,1.0,1.0,83.0,83.0,0.0,0.0,0.0,0.0,0.0,4.0,0.0,0.0,0.0,0.0,0.0,0.0,0.0,0.0,0.0,0.0,0.0,0.0,1.0,0.0,0.0,0.0
synthext0084aaaaaaaaaaaaaaaaaaaaaa:1.4.3->1.4.4,synthext0084aaaaaaaaaaaaaaaaaaaaaa,Reader Tool 084,reader,2026-02-02,synthetic,malicious,ad_affiliate,False,0.25,2.0,1.0,1.0,2.0,0.0,0.0,0.0,0.0,0.0,-1.0,0.0,0.0,4.0,0.0,0.0,0.0,0.0,0.0,0.0,1.0,0.0,0.0,0.0,0.0,0.0,0.0,0.0,0.0,0.0
synthext0085aaaaaaaaaaaaaaaaaaaaaa:1.0.0->1.0.1,synthext0085aaaaaaaaaaaaaaaaaaaaaa,Shopper Tool 085,shopper,2026-02-07,synthetic,malicious,ad_affiliate,True,0.76,4.0,3.0,3.0,4.0,1.0,98.0,98.0,0.0,0.0,-1.0,0.0,0.0,3.0,0.0,0.0,0.0,0.0,0.0,0.0,1.0,0.0,0.0,0.0,0.0,0.0,1.0,0.0,0.0,0.0
synthext0085aaaaaaaaaaaaaaaaaaaaaa:1.0.1->1.0.2,synthext0085aaaaaaaaaaaaaaaaaaaaaa,Shopper Tool 085,shopper,2026-11-12,synthetic,benign,,False,0.25,2.0,0.0,0.0,2.0,0.0,0.0,0.0,0.0,0.0,-1.0,0.0,0.0,2.0,0.0,0.0,0.0,-2.0,0.0,0.0,0.0,0.0,0.0,0.0,0.0,-2.0,0.0,0.0,0.0,0.0
synthext0085aaaaaaaaaaaaaaaaaaaaaa:1.0.2->1.0.3,synthext0085aaaaaaaaaaaaaaaaaaaaaa,Shopper Tool 085,shopper,2026-02-09,synthetic,benign,,False,0.25,1.0,0.0,0.0,1.0,0.0,0.0,0.0,0.0,0.0,1.0,0.0,0.0,1.0,0.0,0.0,0.0,2.0,0.0,0.0,0.0,0.0,0.0,0.0,0.0,2.0,0.0,0.0,0.0,0.0
synthext0085aaaaaaaaaaaaaaaaaaaaaa:1.0.3->1.0.4,synthext0085aaaaaaaaaaaaaaaaaaaaaa,Shopper Tool 085,shopper,2026-02-17,synthetic,malicious,credential_theft,False,0.96,2.0,2.0,2.0,2.0,1.0,202.0,202.0,0.0,0.0,0.0,1.0,1.0,-1.0,0.0,0.0,0.0,2.0,0.0,0.0,0.0,0.0,0.0,1.0,1.0,2.0,1.0,0.0,0.0,0.0
synthext0086aaaaaaaaaaaaaaaaaaaaaa:1.5.0->1.5.1,synthext0086aaaaaaaaaaaaaaaaaaaaaa,Contacts Tool 086,contacts,2026-06-15,synthetic,benign,,False,0.6,1.0,1.0,1.0,1.0,1.0,250.0,250.0,0.0,0.0,-1.0,0.0,1.0,0.0,0.0,0.0,0.0,0.0,0.0,0.0,0.0,0.0,0.0,0.0,0.0,0.0,0.0,0.0,0.0,0.0
synthext0086aaaaaaaaaaaaaaaaaaaaaa:1.5.1->1.5.2,synthext0086aaaaaaaaaaaaaaaaaaaaaa,Contacts Tool 086,contacts,2026-06-15,synthetic,malicious,form_jacking,True,0.97,1.0,2.0,2.0,1.0,2.0,805.0,693.0,0.0,0.0,-1.0,1.0,-2.0,1.0,0.0,0.0,0.0,-1.0,0.0,0.0,0.0,0.0,0.0,1.0,1.0,-1.0,1.0,0.0,0.0,0.0
synthext0086aaaaaaaaaaaaaaaaaaaaaa:1.5.2->1.5.3,synthext0086aaaaaaaaaaaaaaaaaaaaaa,Contacts Tool 086,contacts,2026-05-22,synthetic,malicious,clipboard_steal,True,0.7,0.0,1.0,1.0,0.0,1.0,97.0,97.0,0.0,0.0,2.0,0.0,1.0,1.0,0.0,0.0,0.0,-2.0,0.0,0.0,0.0,0.0,0.0,0.0,0.0,-2.0,1.0,0.0,0.0,0.0
synthext0086aaaaaaaaaaaaaaaaaaaaaa:1.5.3->1.5.4,synthext0086aaaaaaaaaaaaaaaaaaaaaa,Contacts Tool 086,contacts,2026-10-05,synthetic,benign,,False,0.68,2.0,2.0,2.0,2.0,2.0,125.0,74.0,0.0,0.0,-1.0,0.0,0.0,-1.0,0.0,0.0,0.0,0.0,0.0,0.0,0.0,0.0,0.0,0.0,0.0,0.0,1.0,0.0,0.0,0.0
synthext0087aaaaaaaaaaaaaaaaaaaaaa:1.0.0->1.0.1,synthext0087aaaaaaaaaaaaaaaaaaaaaa,Passmgr Tool 087,passmgr,2026-11-19,synthetic,malicious,sw_beacon,False,0.9688,1.0,2.0,2.0,1.0,2.0,698.0,500.0,0.0,1.0,0.0,0.0,0.0,-1.0,1.0,0.0,0.0,1.0,1.0,1.0,0.0,0.0,0.0,2.0,2.0,0.0,1.0,0.0,0.0,0.0
synthext0087aaaaaaaaaaaaaaaaaaaaaa:1.0.1->1.0.2,synthext0087aaaaaaaaaaaaaaaaaaaaaa,Passmgr Tool 087,passmgr,2026-05-07,synthetic,benign,,False,0.0,3.0,1.0,1.0,3.0,0.0,0.0,0.0,0.0,0.0,0.0,0.0,0.0,0.0,0.0,0.0,0.0,-2.0,0.0,0.0,0.0,0.0,0.0,0.0,0.0,-2.0,0.0,0.0,0.0,0.0
synthext0087aaaaaaaaaaaaaaaaaaaaaa:1.0.2->1.0.3,synthext0087aaaaaaaaaaaaaaaaaaaaaa,Passmgr Tool 087,passmgr,2026-03-30,synthetic,malicious,cookie_theft,True,0.9963,2.0,1.0,1.0,2.0,1.0,1737.0,1737.0,0.0,1.0,3.0,1.0,0.0,0.0,1.0,1.0,1.0,1.0,1.0,1.0,1.0,1.0,0.0,1.0,1.0,0.0,0.0,1.0,0.0,0.0
synthext0087aaaaaaaaaaaaaaaaaaaaaa:1.0.3->1.0.4,synthext0087aaaaaaaaaaaaaaaaaaaaaa,Passmgr Tool 087,passmgr,2026-07-25,synthetic,benign,,False,0.925,1.0,1.0,1.0,1.0,1.0,120.0,120.0,0.0,0.0,2.0,0.0,0.0,4.0,0.0,0.0,0.0,2.0,0.0,0.0,0.0,0.0,0.0,1.0,1.0,2.0,0.0,0.0,0.0,0.0
synthext0088aaaaaaaaaaaaaaaaaaaaaa:1.3.0->1.3.1,synthext0088aaaaaaaaaaaaaaaaaaaaaa,Weather Tool 088,weather,2026-08-31,synthetic,benign,,False,0.25,2.0,0.0,0.0,2.0,0.0,0.0,0.0,0.0,0.0,-1.0,0.0,0.0,2.0,0.0,0.0,0.0,0.0,0.0,0.0,0.0,0.0,0.0,0.0,0.0,0.0,0.0,0.0,0.0,0.0
synthext0088aaaaaaaaaaaaaaaaaaaaaa:1.3.1->1.3.2,synthext0088aaaaaaaaaaaaaaaaaaaaaa,Weather Tool 088,weather,2026-08-15,synthetic,malicious,history_exfil,True,0.9438,1.0,2.0,2.0,1.0,2.0,785.0,735.0,0.0,1.0,1.0,0.0,0.0,1.0,0.0,0.0,0.0,3.0,1.0,1.0,1.0,1.0,0.0,0.0,0.0,2.0,2.0,1.0,0.0,0.0
synthext0088aaaaaaaaaaaaaaaaaaaaaa:1.3.2->1.3.3,synthext0088aaaaaaaaaaaaaaaaaaaaaa,Weather Tool 088,weather,2026-01-31,synthetic,benign,,False,0.25,0.0,0.0,0.0,0.0,0.0,0.0,0.0,0.0,0.0,-1.0,0.0,0.0,2.0,0.0,0.0,0.0,2.0,0.0,0.0,0.0,0.0,0.0,0.0,0.0,2.0,0.0,0.0,0.0,0.0
synthext0088aaaaaaaaaaaaaaaaaaaaaa:1.3.3->1.3.4,synthext0088aaaaaaaaaaaaaaaaaaaaaa,Weather Tool 088,weather,2026-11-09,synthetic,benign,,False,0.0,-1.0,0.0,0.0,-1.0,0.0,0.0,0.0,0.0,0.0,1.0,0.0,0.0,-1.0,0.0,0.0,0.0,0.0,0.0,0.0,0.0,0.0,0.0,0.0,0.0,0.0,0.0,0.0,0.0,0.0
synthext0089aaaaaaaaaaaaaaaaaaaaaa:1.2.0->1.2.1,synthext0089aaaaaaaaaaaaaaaaaaaaaa,Translate Tool 089,translate,2026-11-07,synthetic,malicious,ad_affiliate,False,0.25,0.0,1.0,1.0,0.0,0.0,0.0,0.0,0.0,0.0,0.0,0.0,0.0,7.0,0.0,0.0,0.0,1.0,0.0,0.0,0.0,0.0,0.0,0.0,0.0,1.0,0.0,0.0,0.0,0.0
synthext0089aaaaaaaaaaaaaaaaaaaaaa:1.2.1->1.2.2,synthext0089aaaaaaaaaaaaaaaaaaaaaa,Translate Tool 089,translate,2026-01-31,synthetic,benign,,False,0.25,1.0,1.0,1.0,1.0,0.0,0.0,0.0,0.0,0.0,-2.0,0.0,0.0,1.0,0.0,0.0,0.0,2.0,0.0,0.0,0.0,0.0,0.0,0.0,0.0,2.0,0.0,0.0,0.0,0.0
synthext0089aaaaaaaaaaaaaaaaaaaaaa:1.2.2->1.2.3,synthext0089aaaaaaaaaaaaaaaaaaaaaa,Translate Tool 089,translate,2026-10-07,synthetic,malicious,form_jacking,True,0.9625,2.0,1.0,1.0,2.0,1.0,157.0,157.0,0.0,0.0,0.0,1.0,0.0,1.0,0.0,0.0,0.0,-2.0,0.0,0.0,0.0,0.0,0.0,1.0,1.0,-2.0,1.0,0.0,0.0,0.0
synthext0089aaaaaaaaaaaaaaaaaaaaaa:1.2.3->1.2.4,synthext0089aaaaaaaaaaaaaaaaaaaaaa,Translate Tool 089,translate,2026-05-09,synthetic,malicious,credential_theft,False,0.9625,1.0,1.0,1.0,1.0,1.0,260.0,260.0,0.0,0.0,3.0,1.0,1.0,2.0,0.0,0.0,0.0,0.0,0.0,0.0,0.0,0.0,0.0,1.0,1.0,0.0,1.0,0.0,0.0,0.0
synthext0090aaaaaaaaaaaaaaaaaaaaaa:1.1.0->1.1.1,synthext0090aaaaaaaaaaaaaaaaaaaaaa,Adblocker Tool 090,adblocker,2026-05-30,synthetic,benign,,False,0.68,1.0,2.0,2.0,1.0,1.0,207.0,207.0,0.0,0.0,1.0,0.0,0.0,-1.0,0.0,0.0,0.0,0.0,0.0,0.0,0.0,0.0,0.0,0.0,0.0,0.0,1.0,0.0,0.0,0.0
synthext0090aaaaaaaaaaaaaaaaaaaaaa:1.1.1->1.1.2,synthext0090aaaaaaaaaaaaaaaaaaaaaa,Adblocker Tool 090,adblocker,2026-03-08,synthetic,benign,,False,0.25,2.0,0.0,0.0,2.0,0.0,0.0,0.0,0.0,0.0,0.0,0.0,0.0,1.0,0.0,0.0,0.0,2.0,0.0,0.0,0.0,0.0,0.0,0.0,0.0,2.0,0.0,0.0,0.0,0.0
synthext0090aaaaaaaaaaaaaaaaaaaaaa:1.1.2->1.1.3,synthext0090aaaaaaaaaaaaaaaaaaaaaa,Adblocker Tool 090,adblocker,2026-09-19,synthetic,malicious,redirect_hijack,True,0.35,0.0,1.0,1.0,0.0,0.0,0.0,0.0,0.0,0.0,0.0,0.0,0.0,0.0,0.0,0.0,0.0,1.0,1.0,1.0,0.0,0.0,0.0,0.0,0.0,0.0,0.0,0.0,0.0,0.0
synthext0090aaaaaaaaaaaaaaaaaaaaaa:1.1.3->1.1.4,synthext0090aaaaaaaaaaaaaaaaaaaaaa,Adblocker Tool 090,adblocker,2026-07-08,synthetic,malicious,ad_affiliate,True,0.856,3.0,2.0,2.0,3.0,1.0,66.0,66.0,0.0,0.0,-1.0,0.0,0.0,4.0,0.0,0.0,0.0,-2.0,0.0,0.0,1.0,1.0,0.0,0.0,0.0,-2.0,1.0,1.0,0.0,0.0
synthext0091aaaaaaaaaaaaaaaaaaaaaa:1.5.0->1.5.1,synthext0091aaaaaaaaaaaaaaaaaaaaaa,Coupon Tool 091,coupon,2026-06-27,synthetic,malicious,clipboard_steal,False,0.68,1.0,2.0,2.0,1.0,2.0,516.0,319.0,0.0,0.0,2.0,0.0,0.0,0.0,0.0,0.0,0.0,0.0,0.0,0.0,0.0,0.0,0.0,0.0,0.0,0.0,1.0,0.0,0.0,0.0
synthext0091aaaaaaaaaaaaaaaaaaaaaa:1.5.1->1.5.2,synthext0091aaaaaaaaaaaaaaaaaaaaaa,Coupon Tool 091,coupon,2026-03-21,synthetic,malicious,ad_affiliate,False,0.4,2.0,2.0,2.0,2.0,0.0,0.0,0.0,0.0,0.0,2.0,0.0,0.0,7.0,0.0,0.0,0.0,0.0,0.0,0.0,0.0,0.0,0.0,0.0,0.0,0.0,0.0,0.0,0.0,0.0
synthext0091aaaaaaaaaaaaaaaaaaaaaa:1.5.2->1.5.3,synthext0091aaaaaaaaaaaaaaaaaaaaaa,Coupon Tool 091,coupon,2026-03-18,synthetic,malicious,history_exfil,True,0.8752,5.0,2.0,2.0,5.0,2.0,310.0,266.0,0.0,1.0,0.0,0.0,0.0,-1.0,0.0,0.0,0.0,1.0,1.0,1.0,0.0,0.0,0.0,0.0,0.0,0.0,2.0,0.0,0.0,0.0
synthext0091aaaaaaaaaaaaaaaaaaaaaa:1.5.3->1.5.4,synthext0091aaaaaaaaaaaaaaaaaaaaaa,Coupon Tool 091,coupon,2026-03-03,synthetic,benign,,False,0.25,0.0,0.0,0.0,0.0,0.0,0.0,0.0,0.0,0.0,0.0,0.0,0.0,1.0,0.0,0.0,0.0,-2.0,0.0,0.0,0.0,0.0,0.0,0.0,0.0,-2.0,0.0,0.0,0.0,0.0
synthext0092aaaaaaaaaaaaaaaaaaaaaa:1.1.0->1.1.1,synthext0092aaaaaaaaaaaaaaaaaaaaaa,Screenshot Tool 092,screenshot,2026-10-26,synthetic,benign,,False,0.856,2.0,2.0,2.0,2.0,2.0,310.0,202.0,0.0,0.0,0.0,0.0,0.0,1.0,0.0,0.0,0.0,0.0,0.0,0.0,1.0,1.0,0.0,0.0,0.0,0.0,1.0,1.0,0.0,0.0
synthext0092aaaaaaaaaaaaaaaaaaaaaa:1.1.1->1.1.2,synthext0092aaaaaaaaaaaaaaaaaaaaaa,Screenshot Tool 092,screenshot,2026-03-20,synthetic,benign,,False,0.7,1.0,1.0,1.0,1.0,1.0,99.0,99.0,0.0,0.0,2.0,0.0,0.0,1.0,0.0,0.0,0.0,4.0,0.0,0.0,1.0,0.0,0.0,0.0,0.0,4.0,1.0,0.0,0.0,0.0
synthext0092aaaaaaaaaaaaaaaaaaaaaa:1.1.2->1.1.3,synthext0092aaaaaaaaaaaaaaaaaaaaaa,Screenshot Tool 092,screenshot,2026-09-27,synthetic,benign,,False,0.68,2.0,2.0,2.0,2.0,1.0,54.0,54.0,0.0,0.0,1.0,0.0,0.0,-1.0,0.0,0.0,0.0,2.0,0.0,0.0,0.0,0.0,0.0,0.0,0.0,2.0,1.0,0.0,0.0,0.0
synthext0092aaaaaaaaaaaaaaaaaaaaaa:1.1.3->1.1.4,synthext0092aaaaaaaaaaaaaaaaaaaaaa,Screenshot Tool 092,screenshot,2026-07-31,synthetic,malicious,clipboard_steal,False,0.76,1.0,2.0,2.0,1.0,2.0,430.0,250.0,0.0,0.0,3.0,0.0,0.0,3.0,0.0,0.0,0.0,6.0,0.0,0.0,0.0,0.0,0.0,0.0,0.0,6.0,1.0,0.0,0.0,0.0
synthext0093aaaaaaaaaaaaaaaaaaaaaa:1.3.0->1.3.1,synthext0093aaaaaaaaaaaaaaaaaaaaaa,Notes Tool 093,notes,2026-10-18,synthetic,benign,,False,0.0,2.0,1.0,1.0,2.0,0.0,0.0,0.0,0.0,0.0,0.0,0.0,0.0,0.0,0.0,0.0,0.0,2.0,0.0,0.0,0.0,0.0,0.0,0.0,0.0,2.0,0.0,0.0,0.0,0.0
synthext0093aaaaaaaaaaaaaaaaaaaaaa:1.3.1->1.3.2,synthext0093aaaaaaaaaaaaaaaaaaaaaa,Notes Tool 093,notes,2026-07-10,synthetic,benign,,False,0.6,2.0,1.0,1.0,2.0,1.0,49.0,49.0,0.0,0.0,0.0,0.0,0.0,-1.0,0.0,0.0,0.0,0.0,0.0,0.0,0.0,0.0,0.0,0.0,0.0,0.0,1.0,0.0,0.0,0.0
synthext0093aaaaaaaaaaaaaaaaaaaaaa:1.3.2->1.3.3,synthext0093aaaaaaaaaaaaaaaaaaaaaa,Notes Tool 093,notes,2026-03-23,synthetic,benign,,False,0.0,-1.0,0.0,0.0,-1.0,0.0,0.0,0.0,0.0,0.0,-1.0,0.0,0.0,0.0,0.0,0.0,0.0,2.0,0.0,0.0,0.0,0.0,0.0,0.0,0.0,2.0,0.0,0.0,0.0,0.0
synthext0093aaaaaaaaaaaaaaaaaaaaaa:1.3.3->1.3.4,synthext0093aaaaaaaaaaaaaaaaaaaaaa,Notes Tool 093,notes,2026-01-09,synthetic,benign,,False,0.7,2.0,1.0,1.0,2.0,1.0,31.0,31.0,0.0,0.0,1.0,0.0,0.0,2.0,0.0,0.0,0.0,0.0,0.0,0.0,0.0,0.0,0.0,0.0,0.0,0.0,1.0,0.0,0.0,0.0
synthext0094aaaaaaaaaaaaaaaaaaaaaa:1.6.0->1.6.1,synthext0094aaaaaaaaaaaaaaaaaaaaaa,Dictionary Tool 094,dictionary,2026-10-29,synthetic,malicious,sw_beacon,False,0.844,2.0,1.0,1.0,2.0,1.0,683.0,683.0,0.0,1.0,1.0,0.0,0.0,0.0,1.0,0.0,0.0,1.0,1.0,1.0,1.0,0.0,0.0,0.0,0.0,0.0,1.0,0.0,0.0,0.0
synthext0094aaaaaaaaaaaaaaaaaaaaaa:1.6.1->1.6.2,synthext0094aaaaaaaaaaaaaaaaaaaaaa,Dictionary Tool 094,dictionary,2026-05-21,synthetic,benign,,False,0.6,1.0,1.0,1.0,1.0,1.0,78.0,78.0,0.0,0.0,0.0,0.0,0.0,0.0,0.0,0.0,0.0,0.0,0.0,0.0,0.0,0.0,0.0,0.0,0.0,0.0,0.0,0.0,0.0,0.0
synthext0094aaaaaaaaaaaaaaaaaaaaaa:1.6.2->1.6.3,synthext0094aaaaaaaaaaaaaaaaaaaaaa,Dictionary Tool 094,dictionary,2026-08-24,synthetic,benign,,False,0.7,0.0,1.0,1.0,0.0,1.0,162.0,162.0,0.0,0.0,1.0,0.0,0.0,4.0,0.0,0.0,0.0,2.0,0.0,0.0,1.0,0.0,0.0,0.0,0.0,2.0,1.0,0.0,0.0,0.0
synthext0094aaaaaaaaaaaaaaaaaaaaaa:1.6.3->1.6.4,synthext0094aaaaaaaaaaaaaaaaaaaaaa,Dictionary Tool 094,dictionary,2026-09-28,synthetic,malicious,sw_beacon,True,0.883,0.0,1.0,1.0,0.0,1.0,278.0,278.0,0.0,1.0,1.0,0.0,0.0,1.0,1.0,0.0,0.0,1.0,1.0,1.0,0.0,0.0,0.0,0.0,0.0,0.0,1.0,0.0,0.0,0.0
synthext0095aaaaaaaaaaaaaaaaaaaaaa:1.5.0->1.5.1,synthext0095aaaaaaaaaaaaaaaaaaaaaa,Videohelper Tool 095,videohelper,2026-07-09,synthetic,malicious,ad_affiliate,True,0.76,4.0,2.0,2.0,4.0,1.0,98.0,98.0,0.0,0.0,2.0,0.0,0.0,1.0,0.0,0.0,0.0,0.0,0.0,0.0,0.0,0.0,0.0,0.0,0.0,0.0,1.0,0.0,0.0,0.0
synthext0095aaaaaaaaaaaaaaaaaaaaaa:1.5.1->1.5.2,synthext0095aaaaaaaaaaaaaaaaaaaaaa,Videohelper Tool 095,videohelper,2026-06-28,synthetic,benign,,False,0.7,1.0,1.0,1.0,1.0,1.0,56.0,56.0,0.0,0.0,-2.0,0.0,0.0,1.0,0.0,0.0,0.0,0.0,0.0,0.0,0.0,0.0,0.0,0.0,0.0,0.0,1.0,0.0,0.0,0.0
synthext0095aaaaaaaaaaaaaaaaaaaaaa:1.5.2->1.5.3,synthext0095aaaaaaaaaaaaaaaaaaaaaa,Videohelper Tool 095,videohelper,2026-07-30,synthetic,benign,,False,0.0,0.0,0.0,0.0,0.0,0.0,0.0,0.0,0.0,0.0,0.0,0.0,0.0,0.0,0.0,0.0,0.0,0.0,0.0,0.0,1.0,0.0,0.0,0.0,0.0,0.0,0.0,0.0,0.0,0.0
synthext0095aaaaaaaaaaaaaaaaaaaaaa:1.5.3->1.5.4,synthext0095aaaaaaaaaaaaaaaaaaaaaa,Videohelper Tool 095,videohelper,2026-05-24,synthetic,malicious,redirect_hijack,True,0.61,0.0,1.0,1.0,0.0,0.0,0.0,0.0,0.0,0.0,-1.0,0.0,0.0,-1.0,0.0,0.0,0.0,3.0,1.0,1.0,2.0,1.0,0.0,0.0,0.0,2.0,0.0,1.0,0.0,0.0
synthext0096aaaaaaaaaaaaaaaaaaaaaa:1.5.0->1.5.1,synthext0096aaaaaaaaaaaaaaaaaaaaaa,Reader Tool 096,reader,2026-03-22,synthetic,malicious,clipboard_steal,True,0.7,0.0,1.0,1.0,0.0,1.0,380.0,380.0,0.0,0.0,4.0,0.0,0.0,1.0,0.0,0.0,0.0,6.0,0.0,0.0,0.0,0.0,0.0,0.0,0.0,6.0,1.0,0.0,0.0,0.0
synthext0096aaaaaaaaaaaaaaaaaaaaaa:1.5.1->1.5.2,synthext0096aaaaaaaaaaaaaaaaaaaaaa,Reader Tool 096,reader,2026-06-17,synthetic,benign,,False,0.76,2.0,2.0,2.0,2.0,1.0,73.0,73.0,0.0,0.0,-4.0,0.0,0.0,2.0,0.0,0.0,0.0,-2.0,0.0,0.0,0.0,0.0,0.0,0.0,0.0,-2.0,1.0,0.0,0.0,0.0
synthext0096aaaaaaaaaaaaaaaaaaaaaa:1.5.2->1.5.3,synthext0096aaaaaaaaaaaaaaaaaaaaaa,Reader Tool 096,reader,2026-08-23,synthetic,malicious,cookie_theft,False,0.9963,1.0,1.0,1.0,1.0,1.0,2962.0,2962.0,0.0,1.0,-1.0,1.0,0.0,0.0,1.0,1.0,1.0,5.0,1.0,1.0,1.0,1.0,0.0,1.0,1.0,4.0,1.0,1.0,0.0,0.0
synthext0096aaaaaaaaaaaaaaaaaaaaaa:1.5.3->1.5.4,synthext0096aaaaaaaaaaaaaaaaaaaaaa,Reader Tool 096,reader,2026-03-13,synthetic,malicious,redirect_hijack,True,0.792,4.0,2.0,2.0,4.0,1.0,38.0,38.0,0.0,0.0,1.0,0.0,0.0,0.0,0.0,0.0,0.0,3.0,1.0,1.0,0.0,0.0,0.0,0.0,0.0,2.0,1.0,0.0,0.0,0.0
synthext0097aaaaaaaaaaaaaaaaaaaaaa:1.4.0->1.4.1,synthext0097aaaaaaaaaaaaaaaaaaaaaa,Shopper Tool 097,shopper,2026-11-13,synthetic,benign,,False,0.25,4.0,0.0,0.0,4.0,0.0,0.0,0.0,0.0,0.0,-1.0,0.0,0.0,1.0,0.0,0.0,0.0,5.0,0.0,0.0,0.0,0.0,0.0,0.0,0.0,5.0,0.0,0.0,0.0,0.0
synthext0097aaaaaaaaaaaaaaaaaaaaaa:1.4.1->1.4.2,synthext0097aaaaaaaaaaaaaaaaaaaaaa,Shopper Tool 097,shopper,2026-05-07,synthetic,benign,,False,0.0,3.0,0.0,0.0,3.0,0.0,0.0,0.0,0.0,0.0,-1.0,0.0,0.0,0.0,0.0,0.0,0.0,0.0,0.0,0.0,0.0,0.0,0.0,0.0,0.0,0.0,0.0,0.0,0.0,0.0
synthext0097aaaaaaaaaaaaaaaaaaaaaa:1.4.2->1.4.3,synthext0097aaaaaaaaaaaaaaaaaaaaaa,Shopper Tool 097,shopper,2026-02-17,synthetic,benign,,False,0.76,3.0,2.0,2.0,3.0,2.0,273.0,233.0,0.0,0.0,1.0,0.0,0.0,1.0,0.0,0.0,0.0,0.0,0.0,0.0,0.0,0.0,0.0,0.0,0.0,0.0,1.0,0.0,0.0,0.0
synthext0097aaaaaaaaaaaaaaaaaaaaaa:1.4.3->1.4.4,synthext0097aaaaaaaaaaaaaaaaaaaaaa,Shopper Tool 097,shopper,2026-11-23,synthetic,malicious,sw_beacon,False,0.844,1.0,1.0,1.0,1.0,1.0,88.0,88.0,0.0,1.0,1.0,0.0,0.0,0.0,1.0,0.0,0.0,3.0,1.0,1.0,0.0,0.0,0.0,0.0,0.0,2.0,0.0,0.0,0.0,0.0
synthext0098aaaaaaaaaaaaaaaaaaaaaa:1.4.0->1.4.1,synthext0098aaaaaaaaaaaaaaaaaaaaaa,Contacts Tool 098,contacts,2026-01-05,synthetic,malicious,keylogger,True,0.6,2.0,1.0,1.0,2.0,1.0,88.0,88.0,0.0,0.0,5.0,0.0,-1.0,0.0,0.0,0.0,0.0,1.0,0.0,0.0,0.0,0.0,0.0,0.0,0.0,1.0,1.0,0.0,0.0,0.0
synthext0098aaaaaaaaaaaaaaaaaaaaaa:1.4.1->1.4.2,synthext0098aaaaaaaaaaaaaaaaaaaaaa,Contacts Tool 098,contacts,2026-05-30,synthetic,malicious,history_exfil,False,0.9064,2.0,1.0,1.0,2.0,1.0,428.0,428.0,0.0,1.0,1.0,0.0,0.0,0.0,0.0,0.0,0.0,1.0,1.0,1.0,1.0,1.0,0.0,0.0,0.0,0.0,1.0,1.0,0.0,0.0
synthext0098aaaaaaaaaaaaaaaaaaaaaa:1.4.2->1.4.3,synthext0098aaaaaaaaaaaaaaaaaaaaaa,Contacts Tool 098,contacts,2026-10-19,synthetic,malicious,ad_affiliate,False,0.76,5.0,2.0,2.0,5.0,1.0,90.0,90.0,0.0,0.0,-2.0,0.0,-2.0,5.0,0.0,0.0,0.0,-2.0,0.0,0.0,0.0,0.0,0.0,0.0,0.0,-2.0,1.0,0.0,0.0,0.0
synthext0098aaaaaaaaaaaaaaaaaaaaaa:1.4.3->1.4.4,synthext0098aaaaaaaaaaaaaaaaaaaaaa,Contacts Tool 098,contacts,2026-04-24,synthetic,benign,,False,0.25,1.0,1.0,1.0,1.0,0.0,0.0,0.0,0.0,0.0,-1.0,0.0,1.0,1.0,0.0,0.0,0.0,-2.0,0.0,0.0,0.0,0.0,0.0,0.0,0.0,-2.0,0.0,0.0,0.0,0.0
synthext0099aaaaaaaaaaaaaaaaaaaaaa:1.5.0->1.5.1,synthext0099aaaaaaaaaaaaaaaaaaaaaa,Passmgr Tool 099,passmgr,2026-06-03,synthetic,benign,,False,0.0,-1.0,0.0,0.0,-1.0,0.0,0.0,0.0,0.0,0.0,-1.0,0.0,0.0,0.0,0.0,0.0,0.0,2.0,0.0,0.0,1.0,0.0,0.0,0.0,0.0,2.0,0.0,0.0,0.0,0.0
synthext0099aaaaaaaaaaaaaaaaaaaaaa:1.5.1->1.5.2,synthext0099aaaaaaaaaaaaaaaaaaaaaa,Passmgr Tool 099,passmgr,2026-09-18,synthetic,benign,,False,0.25,1.0,0.0,0.0,1.0,0.0,0.0,0.0,0.0,0.0,1.0,0.0,0.0,1.0,0.0,0.0,0.0,2.0,0.0,0.0,0.0,0.0,0.0,0.0,0.0,2.0,0.0,0.0,0.0,0.0
synthext0099aaaaaaaaaaaaaaaaaaaaaa:1.5.2->1.5.3,synthext0099aaaaaaaaaaaaaaaaaaaaaa,Passmgr Tool 099,passmgr,2026-07-11,synthetic,benign,,False,0.0,-1.0,0.0,0.0,-1.0,0.0,0.0,0.0,0.0,0.0,1.0,0.0,0.0,-1.0,0.0,0.0,0.0,0.0,0.0,0.0,0.0,0.0,0.0,0.0,0.0,0.0,0.0,0.0,0.0,0.0
synthext0099aaaaaaaaaaaaaaaaaaaaaa:1.5.3->1.5.4,synthext0099aaaaaaaaaaaaaaaaaaaaaa,Passmgr Tool 099,passmgr,2026-03-20,synthetic,malicious,cookie_theft,False,0.9912,1.0,1.0,1.0,1.0,1.0,252.0,252.0,0.0,1.0,0.0,1.0,0.0,0.0,1.0,1.0,1.0,3.0,1.0,1.0,0.0,0.0,0.0,1.0,1.0,2.0,0.0,0.0,0.0,0.0
synthext0100aaaaaaaaaaaaaaaaaaaaaa:1.3.0->1.3.1,synthext0100aaaaaaaaaaaaaaaaaaaaaa,Weather Tool 100,weather,2026-09-26,synthetic,malicious,clipboard_steal,True,0.7,2.0,1.0,1.0,2.0,1.0,265.0,265.0,0.0,0.0,1.0,0.0,0.0,1.0,0.0,0.0,0.0,1.0,0.0,0.0,0.0,0.0,0.0,0.0,0.0,1.0,1.0,0.0,0.0,0.0
synthext0100aaaaaaaaaaaaaaaaaaaaaa:1.3.1->1.3.2,synthext0100aaaaaaaaaaaaaaaaaaaaaa,Weather Tool 100,weather,2026-07-07,synthetic,benign,,False,0.6,2.0,1.0,1.0,2.0,1.0,106.0,106.0,0.0,0.0,0.0,0.0,0.0,-1.0,0.0,0.0,0.0,2.0,0.0,0.0,0.0,0.0,0.0,0.0,0.0,2.0,1.0,0.0,0.0,0.0
synthext0100aaaaaaaaaaaaaaaaaaaaaa:1.3.2->1.3.3,synthext0100aaaaaaaaaaaaaaaaaaaaaa,Weather Tool 100,weather,2026-01-03,synthetic,malicious,clipboard_steal,True,0.6,2.0,1.0,1.0,2.0,1.0,61.0,61.0,0.0,0.0,0.0,0.0,0.0,0.0,0.0,0.0,0.0,2.0,0.0,0.0,0.0,0.0,0.0,0.0,0.0,2.0,0.0,0.0,0.0,0.0
synthext0100aaaaaaaaaaaaaaaaaaaaaa:1.3.3->1.3.4,synthext0100aaaaaaaaaaaaaaaaaaaaaa,Weather Tool 100,weather,2026-09-23,synthetic,malicious,redirect_hijack,True,0.61,1.0,1.0,1.0,1.0,0.0,0.0,0.0,0.0,0.0,0.0,0.0,0.0,0.0,0.0,0.0,0.0,1.0,1.0,1.0,1.0,1.0,0.0,0.0,0.0,0.0,0.0,1.0,0.0,0.0
synthext0101aaaaaaaaaaaaaaaaaaaaaa:1.0.0->1.0.1,synthext0101aaaaaaaaaaaaaaaaaaaaaa,Translate Tool 101,translate,2026-09-25,synthetic,benign,,False,0.0,4.0,0.0,0.0,4.0,0.0,0.0,0.0,0.0,0.0,-2.0,0.0,0.0,0.0,0.0,0.0,0.0,0.0,0.0,0.0,0.0,0.0,0.0,0.0,0.0,0.0,0.0,0.0,0.0,0.0
synthext0101aaaaaaaaaaaaaaaaaaaaaa:1.0.1->1.0.2,synthext0101aaaaaaaaaaaaaaaaaaaaaa,Translate Tool 101,translate,2026-08-10,synthetic,benign,,False,0.25,0.0,1.0,1.0,0.0,0.0,0.0,0.0,0.0,0.0,-1.0,0.0,0.0,2.0,0.0,0.0,0.0,0.0,0.0,0.0,0.0,0.0,0.0,0.0,0.0,0.0,0.0,0.0,0.0,0.0
synthext0101aaaaaaaaaaaaaaaaaaaaaa:1.0.2->1.0.3,synthext0101aaaaaaaaaaaaaaaaaaaaaa,Translate Tool 101,translate,2026-11-06,synthetic,malicious,form_jacking,False,0.9625,1.0,1.0,1.0,1.0,1.0,458.0,458.0,0.0,0.0,-2.0,1.0,0.0,1.0,0.0,0.0,0.0,4.0,0.0,0.0,1.0,0.0,0.0,1.0,1.0,4.0,1.0,0.0,0.0,0.0
synthext0101aaaaaaaaaaaaaaaaaaaaaa:1.0.3->1.0.4,synthext0101aaaaaaaaaaaaaaaaaaaaaa,Translate Tool 101,translate,2026-08-11,synthetic,malicious,redirect_hijack,True,0.5125,3.0,1.0,1.0,3.0,0.0,0.0,0.0,0.0,0.0,0.0,0.0,0.0,2.0,0.0,0.0,0.0,3.0,1.0,1.0,0.0,0.0,0.0,0.0,0.0,2.0,0.0,0.0,0.0,0.0
synthext0102aaaaaaaaaaaaaaaaaaaaaa:1.4.0->1.4.1,synthext0102aaaaaaaaaaaaaaaaaaaaaa,Adblocker Tool 102,adblocker,2026-04-19,synthetic,benign,,False,0.7,2.0,1.0,1.0,2.0,1.0,55.0,55.0,0.0,0.0,0.0,0.0,0.0,1.0,0.0,0.0,0.0,0.0,0.0,0.0,0.0,0.0,0.0,0.0,0.0,0.0,1.0,0.0,0.0,0.0
synthext0102aaaaaaaaaaaaaaaaaaaaaa:1.4.1->1.4.2,synthext0102aaaaaaaaaaaaaaaaaaaaaa,Adblocker Tool 102,adblocker,2026-08-27,synthetic,benign,,False,0.0,1.0,1.0,1.0,1.0,0.0,0.0,0.0,0.0,0.0,-1.0,0.0,0.0,0.0,0.0,0.0,0.0,0.0,0.0,0.0,0.0,0.0,0.0,0.0,0.0,0.0,0.0,0.0,0.0,0.0
synthext0102aaaaaaaaaaaaaaaaaaaaaa:1.4.2->1.4.3,synthext0102aaaaaaaaaaaaaaaaaaaaaa,Adblocker Tool 102,adblocker,2026-03-08,synthetic,benign,,False,0.82,1.0,1.0,1.0,1.0,1.0,100.0,100.0,0.0,0.0,-2.0,0.0,0.0,1.0,0.0,0.0,0.0,3.0,0.0,0.0,1.0,1.0,0.0,0.0,0.0,3.0,1.0,1.0,0.0,0.0
synthext0102aaaaaaaaaaaaaaaaaaaaaa:1.4.3->1.4.4,synthext0102aaaaaaaaaaaaaaaaaaaaaa,Adblocker Tool 102,adblocker,2026-03-04,synthetic,benign,,False,0.25,2.0,1.0,1.0,2.0,0.0,0.0,0.0,0.0,0.0,2.0,0.0,0.0,1.0,0.0,0.0,0.0,0.0,0.0,0.0,0.0,0.0,0.0,0.0,0.0,0.0,0.0,0.0,0.0,0.0
synthext0103aaaaaaaaaaaaaaaaaaaaaa:1.0.0->1.0.1,synthext0103aaaaaaaaaaaaaaaaaaaaaa,Coupon Tool 103,coupon,2026-06-16,synthetic,benign,,False,0.6,2.0,1.0,1.0,2.0,1.0,175.0,175.0,0.0,0.0,0.0,0.0,0.0,0.0,0.0,0.0,0.0,-2.0,0.0,0.0,0.0,0.0,0.0,0.0,0.0,-2.0,1.0,0.0,0.0,0.0
synthext0103aaaaaaaaaaaaaaaaaaaaaa:1.0.1->1.0.2,synthext0103aaaaaaaaaaaaaaaaaaaaaa,Coupon Tool 103,coupon,2026-04-23,synthetic,malicious,cookie_theft,True,0.9971,1.0,2.0,2.0,1.0,2.0,1728.0,1651.0,0.0,1.0,2.0,1.0,0.0,-1.0,1.0,1.0,1.0,5.0,1.0,1.0,1.0,1.0,0.0,1.0,1.0,4.0,2.0,1.0,0.0,0.0
synthext0103aaaaaaaaaaaaaaaaaaaaaa:1.0.2->1.0.3,synthext0103aaaaaaaaaaaaaaaaaaaaaa,Coupon Tool 103,coupon,2026-01-13,synthetic,benign,,False,0.7,2.0,1.0,1.0,2.0,1.0,66.0,66.0,0.0,0.0,-1.0,0.0,0.0,2.0,0.0,0.0,0.0,-2.0,0.0,0.0,0.0,0.0,0.0,0.0,0.0,-2.0,1.0,0.0,0.0,0.0
synthext0103aaaaaaaaaaaaaaaaaaaaaa:1.0.3->1.0.4,synthext0103aaaaaaaaaaaaaaaaaaaaaa,Coupon Tool 103,coupon,2026-04-20,synthetic,malicious,keylogger,True,0.6,1.0,1.0,1.0,1.0,1.0,95.0,95.0,0.0,0.0,5.0,0.0,0.0,0.0,0.0,0.0,0.0,3.0,0.0,0.0,0.0,0.0,0.0,0.0,0.0,3.0,1.0,0.0,0.0,0.0
synthext0104aaaaaaaaaaaaaaaaaaaaaa:1.6.0->1.6.1,synthext0104aaaaaaaaaaaaaaaaaaaaaa,Screenshot Tool 104,screenshot,2026-09-26,synthetic,malicious,history_exfil,False,0.9064,1.0,1.0,1.0,1.0,1.0,865.0,865.0,0.0,1.0,0.0,0.0,0.0,-1.0,0.0,0.0,0.0,3.0,1.0,1.0,1.0,1.0,0.0,0.0,0.0,2.0,0.0,1.0,0.0,0.0
synthext0104aaaaaaaaaaaaaaaaaaaaaa:1.6.1->1.6.2,synthext0104aaaaaaaaaaaaaaaaaaaaaa,Screenshot Tool 104,screenshot,2026-04-21,synthetic,malicious,sw_beacon,False,0.844,2.0,1.0,1.0,2.0,1.0,419.0,419.0,0.0,1.0,0.0,0.0,0.0,-1.0,1.0,0.0,0.0,-1.0,1.0,1.0,0.0,0.0,0.0,0.0,0.0,-2.0,0.0,0.0,0.0,0.0
synthext0104aaaaaaaaaaaaaaaaaaaaaa:1.6.2->1.6.3,synthext0104aaaaaaaaaaaaaaaaaaaaaa,Screenshot Tool 104,screenshot,2026-03-09,synthetic,benign,,False,0.76,1.0,1.0,1.0,1.0,1.0,205.0,205.0,0.0,0.0,0.0,0.0,0.0,0.0,0.0,0.0,0.0,0.0,0.0,0.0,1.0,1.0,0.0,0.0,0.0,0.0,0.0,1.0,0.0,0.0
synthext0104aaaaaaaaaaaaaaaaaaaaaa:1.6.3->1.6.4,synthext0104aaaaaaaaaaaaaaaaaaaaaa,Screenshot Tool 104,screenshot,2026-01-01,synthetic,benign,,False,0.0,2.0,1.0,1.0,2.0,0.0,0.0,0.0,0.0,0.0,0.0,0.0,0.0,-1.0,0.0,0.0,0.0,0.0,0.0,0.0,0.0,0.0,0.0,0.0,0.0,0.0,0.0,0.0,0.0,0.0
synthext0105aaaaaaaaaaaaaaaaaaaaaa:1.4.0->1.4.1,synthext0105aaaaaaaaaaaaaaaaaaaaaa,Notes Tool 105,notes,2026-09-26,synthetic,malicious,clipboard_steal,True,0.6,0.0,1.0,1.0,0.0,1.0,122.0,122.0,0.0,0.0,-1.0,0.0,0.0,-1.0,0.0,0.0,0.0,0.0,0.0,0.0,0.0,0.0,0.0,0.0,0.0,0.0,1.0,0.0,0.0,0.0
synthext0105aaaaaaaaaaaaaaaaaaaaaa:1.4.1->1.4.2,synthext0105aaaaaaaaaaaaaaaaaaaaaa,Notes Tool 105,notes,2026-11-18,synthetic,malicious,form_jacking,True,0.95,2.0,1.0,1.0,2.0,1.0,191.0,191.0,0.0,0.0,2.0,1.0,0.0,0.0,0.0,0.0,0.0,3.0,0.0,0.0,0.0,0.0,0.0,1.0,1.0,3.0,0.0,0.0,0.0,0.0
synthext0105aaaaaaaaaaaaaaaaaaaaaa:1.4.2->1.4.3,synthext0105aaaaaaaaaaaaaaaaaaaaaa,Notes Tool 105,notes,2026-10-16,synthetic,malicious,redirect_hijack,False,0.5125,1.0,1.0,1.0,1.0,0.0,0.0,0.0,0.0,0.0,0.0,0.0,0.0,1.0,0.0,0.0,0.0,2.0,1.0,1.0,0.0,0.0,0.0,0.0,0.0,1.0,0.0,0.0,0.0,0.0
synthext0105aaaaaaaaaaaaaaaaaaaaaa:1.4.3->1.4.4,synthext0105aaaaaaaaaaaaaaaaaaaaaa,Notes Tool 105,notes,2026-03-03,synthetic,malicious,credential_theft,True,0.95,2.0,1.0,1.0,2.0,1.0,661.0,661.0,0.0,0.0,1.0,1.0,1.0,-1.0,0.0,0.0,0.0,0.0,0.0,0.0,0.0,0.0,0.0,1.0,1.0,0.0,1.0,0.0,0.0,0.0
synthext0106aaaaaaaaaaaaaaaaaaaaaa:1.4.0->1.4.1,synthext0106aaaaaaaaaaaaaaaaaaaaaa,Dictionary Tool 106,dictionary,2026-08-14,synthetic,malicious,form_jacking,False,0.95,1.0,1.0,1.0,1.0,1.0,497.0,497.0,0.0,0.0,-1.0,1.0,0.0,0.0,0.0,0.0,0.0,2.0,0.0,0.0,0.0,0.0,0.0,1.0,1.0,2.0,1.0,0.0,0.0,0.0
synthext0106aaaaaaaaaaaaaaaaaaaaaa:1.4.1->1.4.2,synthext0106aaaaaaaaaaaaaaaaaaaaaa,Dictionary Tool 106,dictionary,2026-10-30,synthetic,malicious,credential_theft,True,0.95,1.0,1.0,1.0,1.0,1.0,211.0,211.0,0.0,0.0,4.0,1.0,1.0,0.0,0.0,0.0,0.0,0.0,0.0,0.0,0.0,0.0,0.0,1.0,1.0,0.0,0.0,0.0,0.0,0.0
synthext0106aaaaaaaaaaaaaaaaaaaaaa:1.4.2->1.4.3,synthext0106aaaaaaaaaaaaaaaaaaaaaa,Dictionary Tool 106,dictionary,2026-05-03,synthetic,benign,,False,0.0,1.0,1.0,1.0,1.0,0.0,0.0,0.0,0.0,0.0,2.0,0.0,0.0,0.0,0.0,0.0,0.0,0.0,0.0,0.0,1.0,0.0,0.0,0.0,0.0,0.0,0.0,0.0,0.0,0.0
synthext0106aaaaaaaaaaaaaaaaaaaaaa:1.4.3->1.4.4,synthext0106aaaaaaaaaaaaaaaaaaaaaa,Dictionary Tool 106,dictionary,2026-03-29,synthetic,benign,,False,0.68,2.0,2.0,2.0,2.0,1.0,93.0,93.0,0.0,0.0,0.0,0.0,0.0,0.0,0.0,0.0,0.0,0.0,0.0,0.0,0.0,0.0,0.0,0.0,0.0,0.0,0.0,0.0,0.0,0.0
synthext0107aaaaaaaaaaaaaaaaaaaaaa:1.2.0->1.2.1,synthext0107aaaaaaaaaaaaaaaaaaaaaa,Videohelper Tool 107,videohelper,2026-07-06,synthetic,malicious,ad_affiliate,False,0.25,1.0,1.0,1.0,1.0,0.0,0.0,0.0,0.0,0.0,-2.0,0.0,0.0,4.0,0.0,0.0,0.0,2.0,0.0,0.0,0.0,0.0,0.0,0.0,0.0,2.0,0.0,0.0,0.0,0.0
synthext0107aaaaaaaaaaaaaaaaaaaaaa:1.2.1->1.2.2,synthext0107aaaaaaaaaaaaaaaaaaaaaa,Videohelper Tool 107,videohelper,2026-02-04,synthetic,malicious,credential_theft,True,0.96,2.0,2.0,2.0,2.0,2.0,406.0,326.0,0.0,0.0,1.0,1.0,1.0,-1.0,0.0,0.0,0.0,0.0,0.0,0.0,0.0,0.0,0.0,1.0,1.0,0.0,2.0,0.0,0.0,0.0
synthext0107aaaaaaaaaaaaaaaaaaaaaa:1.2.2->1.2.3,synthext0107aaaaaaaaaaaaaaaaaaaaaa,Videohelper Tool 107,videohelper,2026-08-19,synthetic,benign,,False,0.25,-1.0,0.0,0.0,-1.0,0.0,0.0,0.0,0.0,0.0,1.0,0.0,0.0,2.0,0.0,0.0,0.0,0.0,0.0,0.0,1.0,0.0,0.0,0.0,0.0,0.0,0.0,0.0,0.0,0.0
synthext0107aaaaaaaaaaaaaaaaaaaaaa:1.2.3->1.2.4,synthext0107aaaaaaaaaaaaaaaaaaaaaa,Videohelper Tool 107,videohelper,2026-08-10,synthetic,benign,,False,0.25,2.0,0.0,0.0,2.0,0.0,0.0,0.0,0.0,0.0,1.0,0.0,0.0,3.0,0.0,0.0,0.0,1.0,0.0,0.0,0.0,0.0,0.0,0.0,0.0,1.0,0.0,0.0,0.0,0.0
synthext0108aaaaaaaaaaaaaaaaaaaaaa:1.2.0->1.2.1,synthext0108aaaaaaaaaaaaaaaaaaaaaa,Reader Tool 108,reader,2026-10-28,synthetic,malicious,credential_theft,True,0.96,2.0,2.0,2.0,2.0,1.0,617.0,617.0,0.0,0.0,0.0,1.0,1.0,0.0,0.0,0.0,0.0,1.0,0.0,0.0,0.0,0.0,0.0,1.0,1.0,1.0,1.0,0.0,0.0,0.0
synthext0108aaaaaaaaaaaaaaaaaaaaaa:1.2.1->1.2.2,synthext0108aaaaaaaaaaaaaaaaaaaaaa,Reader Tool 108,reader,2026-09-21,synthetic,benign,,False,0.25,2.0,0.0,0.0,2.0,0.0,0.0,0.0,0.0,0.0,0.0,0.0,0.0,3.0,0.0,0.0,0.0,0.0,0.0,0.0,0.0,0.0,0.0,0.0,0.0,0.0,0.0,0.0,0.0,0.0
synthext0108aaaaaaaaaaaaaaaaaaaaaa:1.2.2->1.2.3,synthext0108aaaaaaaaaaaaaaaaaaaaaa,Reader Tool 108,reader,2026-10-21,synthetic,benign,,False,0.25,1.0,0.0,0.0,1.0,0.0,0.0,0.0,0.0,0.0,-1.0,0.0,0.0,2.0,0.0,0.0,0.0,-1.0,0.0,0.0,0.0,0.0,0.0,0.0,0.0,-1.0,0.0,0.0,0.0,0.0
synthext0108aaaaaaaaaaaaaaaaaaaaaa:1.2.3->1.2.4,synthext0108aaaaaaaaaaaaaaaaaaaaaa,Reader Tool 108,reader,2026-05-30,synthetic,benign,,False,0.25,1.0,0.0,0.0,1.0,0.0,0.0,0.0,0.0,0.0,-4.0,0.0,0.0,1.0,0.0,0.0,0.0,-2.0,0.0,0.0,0.0,0.0,0.0,0.0,0.0,-2.0,0.0,0.0,0.0,0.0
synthext0109aaaaaaaaaaaaaaaaaaaaaa:1.0.0->1.0.1,synthext0109aaaaaaaaaaaaaaaaaaaaaa,Shopper Tool 109,shopper,2026-04-05,synthetic,benign,,False,0.6,1.0,1.0,1.0,1.0,1.0,214.0,214.0,0.0,0.0,-1.0,0.0,0.0,0.0,0.0,0.0,0.0,0.0,0.0,0.0,0.0,0.0,0.0,0.0,0.0,0.0,1.0,0.0,0.0,0.0
synthext0109aaaaaaaaaaaaaaaaaaaaaa:1.0.1->1.0.2,synthext0109aaaaaaaaaaaaaaaaaaaaaa,Shopper Tool 109,shopper,2026-07-08,synthetic,benign,,False,0.25,5.0,1.0,1.0,5.0,0.0,0.0,0.0,0.0,0.0,-1.0,0.0,0.0,1.0,0.0,0.0,0.0,-2.0,0.0,0.0,1.0,0.0,0.0,0.0,0.0,-2.0,0.0,0.0,0.0,0.0
synthext0109aaaaaaaaaaaaaaaaaaaaaa:1.0.2->1.0.3,synthext0109aaaaaaaaaaaaaaaaaaaaaa,Shopper Tool 109,shopper,2026-10-18,synthetic,benign,,False,0.6,0.0,1.0,1.0,0.0,1.0,30.0,30.0,0.0,0.0,0.0,0.0,0.0,0.0,0.0,0.0,0.0,3.0,0.0,0.0,1.0,0.0,0.0,0.0,0.0,3.0,1.0,0.0,0.0,0.0
synthext0109aaaaaaaaaaaaaaaaaaaaaa:1.0.3->1.0.4,synthext0109aaaaaaaaaaaaaaaaaaaaaa,Shopper Tool 109,shopper,2026-06-18,synthetic,benign,,False,0.4,2.0,1.0,1.0,2.0,0.0,0.0,0.0,0.0,0.0,0.0,0.0,0.0,0.0,0.0,0.0,0.0,0.0,0.0,0.0,1.0,1.0,0.0,0.0,0.0,0.0,0.0,1.0,0.0,0.0
synthext0110aaaaaaaaaaaaaaaaaaaaaa:1.2.0->1.2.1,synthext0110aaaaaaaaaaaaaaaaaaaaaa,Contacts Tool 110,contacts,2026-10-11,synthetic,benign,,False,0.76,1.0,1.0,1.0,1.0,1.0,35.0,35.0,0.0,0.0,1.0,0.0,0.0,0.0,0.0,0.0,0.0,0.0,0.0,0.0,1.0,1.0,0.0,0.0,0.0,0.0,1.0,1.0,0.0,0.0
synthext0110aaaaaaaaaaaaaaaaaaaaaa:1.2.1->1.2.2,synthext0110aaaaaaaaaaaaaaaaaaaaaa,Contacts Tool 110,contacts,2026-10-07,synthetic,benign,,False,0.0,1.0,1.0,1.0,1.0,0.0,0.0,0.0,0.0,0.0,-1.0,0.0,0.0,-1.0,0.0,0.0,0.0,0.0,0.0,0.0,0.0,0.0,0.0,0.0,0.0,0.0,0.0,0.0,0.0,0.0
synthext0110aaaaaaaaaaaaaaaaaaaaaa:1.2.2->1.2.3,synthext0110aaaaaaaaaaaaaaaaaaaaaa,Contacts Tool 110,contacts,2026-10-01,synthetic,malicious,keylogger,True,0.68,2.0,2.0,2.0,2.0,2.0,242.0,125.0,0.0,0.0,6.0,0.0,0.0,0.0,0.0,0.0,0.0,-1.0,0.0,0.0,0.0,0.0,0.0,0.0,0.0,-1.0,1.0,0.0,0.0,0.0
synthext0110aaaaaaaaaaaaaaaaaaaaaa:1.2.3->1.2.4,synthext0110aaaaaaaaaaaaaaaaaaaaaa,Contacts Tool 110,contacts,2026-05-23,synthetic,benign,,False,0.6,1.0,1.0,1.0,1.0,1.0,31.0,31.0,0.0,0.0,0.0,0.0,0.0,0.0,0.0,0.0,0.0,-2.0,0.0,0.0,0.0,0.0,0.0,0.0,0.0,-2.0,1.0,0.0,0.0,0.0
synthext0111aaaaaaaaaaaaaaaaaaaaaa:1.1.0->1.1.1,synthext0111aaaaaaaaaaaaaaaaaaaaaa,Passmgr Tool 111,passmgr,2026-04-07,synthetic,malicious,credential_theft,True,0.9625,1.0,1.0,1.0,1.0,1.0,750.0,750.0,0.0,0.0,2.0,1.0,1.0,1.0,0.0,0.0,0.0,0.0,0.0,0.0,0.0,0.0,0.0,1.0,1.0,0.0,1.0,0.0,0.0,0.0
synthext0111aaaaaaaaaaaaaaaaaaaaaa:1.1.1->1.1.2,synthext0111aaaaaaaaaaaaaaaaaaaaaa,Passmgr Tool 111,passmgr,2026-01-28,synthetic,malicious,cookie_theft,False,0.9972,1.0,1.0,1.0,1.0,1.0,1826.0,1826.0,0.0,1.0,1.0,1.0,0.0,1.0,1.0,1.0,1.0,4.0,1.0,1.0,1.0,1.0,0.0,1.0,1.0,3.0,1.0,1.0,0.0,0.0
synthext0111aaaaaaaaaaaaaaaaaaaaaa:1.1.2->1.1.3,synthext0111aaaaaaaaaaaaaaaaaaaaaa,Passmgr Tool 111,passmgr,2026-10-09,synthetic,benign,,False,0.0,3.0,0.0,0.0,3.0,0.0,0.0,0.0,0.0,0.0,-1.0,0.0,0.0,0.0,0.0,0.0,0.0,2.0,0.0,0.0,0.0,0.0,0.0,0.0,0.0,2.0,0.0,0.0,0.0,0.0
synthext0111aaaaaaaaaaaaaaaaaaaaaa:1.1.3->1.1.4,synthext0111aaaaaaaaaaaaaaaaaaaaaa,Passmgr Tool 111,passmgr,2026-09-12,synthetic,benign,,False,0.9,5.0,1.0,1.0,5.0,1.0,30.0,30.0,0.0,0.0,0.0,0.0,0.0,0.0,0.0,0.0,0.0,2.0,0.0,0.0,0.0,0.0,0.0,1.0,1.0,2.0,1.0,0.0,0.0,0.0
synthext0112aaaaaaaaaaaaaaaaaaaaaa:1.5.0->1.5.1,synthext0112aaaaaaaaaaaaaaaaaaaaaa,Weather Tool 112,weather,2026-04-24,synthetic,malicious,form_jacking,True,0.9625,1.0,1.0,1.0,1.0,1.0,40.0,40.0,0.0,0.0,1.0,1.0,0.0,1.0,0.0,0.0,0.0,2.0,0.0,0.0,0.0,0.0,0.0,1.0,1.0,2.0,1.0,0.0,0.0,0.0
synthext0112aaaaaaaaaaaaaaaaaaaaaa:1.5.1->1.5.2,synthext0112aaaaaaaaaaaaaaaaaaaaaa,Weather Tool 112,weather,2026-04-05,synthetic,malicious,ad_affiliate,False,0.25,4.0,1.0,1.0,4.0,0.0,0.0,0.0,0.0,0.0,-1.0,0.0,0.0,5.0,0.0,0.0,0.0,5.0,0.0,0.0,0.0,0.0,0.0,0.0,0.0,5.0,0.0,0.0,0.0,0.0
synthext0112aaaaaaaaaaaaaaaaaaaaaa:1.5.2->1.5.3,synthext0112aaaaaaaaaaaaaaaaaaaaaa,Weather Tool 112,weather,2026-08-08,synthetic,benign,,False,0.0,2.0,1.0,1.0,2.0,0.0,0.0,0.0,0.0,0.0,1.0,0.0,0.0,-1.0,0.0,0.0,0.0,0.0,0.0,0.0,0.0,0.0,0.0,0.0,0.0,0.0,0.0,0.0,0.0,0.0
synthext0112aaaaaaaaaaaaaaaaaaaaaa:1.5.3->1.5.4,synthext0112aaaaaaaaaaaaaaaaaaaaaa,Weather Tool 112,weather,2026-02-01,synthetic,benign,,False,0.0,0.0,0.0,0.0,0.0,0.0,0.0,0.0,0.0,0.0,-1.0,0.0,0.0,0.0,0.0,0.0,0.0,2.0,0.0,0.0,0.0,0.0,0.0,0.0,0.0,2.0,0.0,0.0,0.0,0.0
synthext0113aaaaaaaaaaaaaaaaaaaaaa:1.3.0->1.3.1,synthext0113aaaaaaaaaaaaaaaaaaaaaa,Translate Tool 113,translate,2026-01-26,synthetic,benign,,False,0.6,0.0,1.0,1.0,0.0,1.0,110.0,110.0,0.0,0.0,-2.0,0.0,0.0,0.0,0.0,0.0,0.0,1.0,0.0,0.0,1.0,0.0,0.0,0.0,0.0,1.0,1.0,0.0,0.0,0.0
synthext0113aaaaaaaaaaaaaaaaaaaaaa:1.3.1->1.3.2,synthext0113aaaaaaaaaaaaaaaaaaaaaa,Translate Tool 113,translate,2026-04-28,synthetic,malicious,clipboard_steal,True,0.7,4.0,1.0,1.0,4.0,1.0,248.0,248.0,0.0,0.0,0.0,0.0,0.0,1.0,0.0,0.0,0.0,0.0,0.0,0.0,0.0,0.0,0.0,0.0,0.0,0.0,1.0,0.0,0.0,0.0
synthext0113aaaaaaaaaaaaaaaaaaaaaa:1.3.2->1.3.3,synthext0113aaaaaaaaaaaaaaaaaaaaaa,Translate Tool 113,translate,2026-07-13,synthetic,malicious,form_jacking,True,0.9625,1.0,1.0,1.0,1.0,1.0,168.0,168.0,0.0,0.0,3.0,1.0,0.0,2.0,0.0,0.0,0.0,2.0,0.0,0.0,0.0,0.0,0.0,1.0,1.0,2.0,1.0,0.0,0.0,0.0
synthext0113aaaaaaaaaaaaaaaaaaaaaa:1.3.3->1.3.4,synthext0113aaaaaaaaaaaaaaaaaaaaaa,Translate Tool 113,translate,2026-03-20,synthetic,benign,,False,0.7,2.0,1.0,1.0,2.0,1.0,109.0,109.0,0.0,0.0,-1.0,0.0,0.0,1.0,0.0,0.0,0.0,2.0,0.0,0.0,0.0,0.0,0.0,0.0,0.0,2.0,1.0,0.0,0.0,0.0
synthext0114aaaaaaaaaaaaaaaaaaaaaa:1.2.0->1.2.1,synthext0114aaaaaaaaaaaaaaaaaaaaaa,Adblocker Tool 114,adblocker,2026-10-17,synthetic,malicious,sw_beacon,False,0.9064,1.0,2.0,2.0,1.0,2.0,335.0,240.0,0.0,1.0,0.0,0.0,0.0,1.0,1.0,0.0,0.0,1.0,1.0,1.0,0.0,0.0,0.0,0.0,0.0,0.0,2.0,0.0,0.0,0.0
synthext0114aaaaaaaaaaaaaaaaaaaaaa:1.2.1->1.2.2,synthext0114aaaaaaaaaaaaaaaaaaaaaa,Adblocker Tool 114,adblocker,2026-04-14,synthetic,malicious,redirect_hijack,False,0.844,3.0,3.0,3.0,3.0,1.0,167.0,167.0,0.0,0.0,-2.0,0.0,0.0,2.0,0.0,0.0,0.0,1.0,1.0,1.0,0.0,0.0,0.0,0.0,0.0,0.0,0.0,0.0,0.0,0.0
synthext0114aaaaaaaaaaaaaaaaaaaaaa:1.2.2->1.2.3,synthext0114aaaaaaaaaaaaaaaaaaaaaa,Adblocker Tool 114,adblocker,2026-03-27,synthetic,malicious,credential_theft,False,0.95,0.0,1.0,1.0,0.0,1.0,577.0,577.0,0.0,0.0,1.0,1.0,1.0,-1.0,0.0,0.0,0.0,-2.0,0.0,0.0,0.0,0.0,0.0,1.0,1.0,-2.0,1.0,0.0,0.0,0.0
synthext0114aaaaaaaaaaaaaaaaaaaaaa:1.2.3->1.2.4,synthext0114aaaaaaaaaaaaaaaaaaaaaa,Adblocker Tool 114,adblocker,2026-02-16,synthetic,malicious,credential_theft,False,0.95,1.0,1.0,1.0,1.0,1.0,330.0,330.0,0.0,0.0,2.0,1.0,1.0,0.0,0.0,0.0,0.0,2.0,0.0,0.0,0.0,0.0,0.0,1.0,1.0,2.0,1.0,0.0,0.0,0.0
synthext0115aaaaaaaaaaaaaaaaaaaaaa:1.4.0->1.4.1,synthext0115aaaaaaaaaaaaaaaaaaaaaa,Coupon Tool 115,coupon,2026-01-05,synthetic,malicious,history_exfil,True,0.9509,2.0,1.0,1.0,2.0,1.0,1417.0,1417.0,0.0,1.0,-1.0,0.0,0.0,1.0,0.0,0.0,0.0,1.0,1.0,1.0,1.0,1.0,0.0,0.0,0.0,0.0,0.0,1.0,0.0,0.0
synthext0115aaaaaaaaaaaaaaaaaaaaaa:1.4.1->1.4.2,synthext0115aaaaaaaaaaaaaaaaaaaaaa,Coupon Tool 115,coupon,2026-04-07,synthetic,benign,,False,0.7,4.0,1.0,1.0,4.0,1.0,111.0,111.0,0.0,0.0,1.0,0.0,0.0,1.0,0.0,0.0,0.0,-2.0,0.0,0.0,0.0,0.0,0.0,0.0,0.0,-2.0,0.0,0.0,0.0,0.0
synthext0115aaaaaaaaaaaaaaaaaaaaaa:1.4.2->1.4.3,synthext0115aaaaaaaaaaaaaaaaaaaaaa,Coupon Tool 115,coupon,2026-01-15,synthetic,benign,,False,0.0,-1.0,0.0,0.0,-1.0,0.0,0.0,0.0,0.0,0.0,-1.0,0.0,0.0,0.0,0.0,0.0,0.0,2.0,0.0,0.0,1.0,0.0,0.0,0.0,0.0,2.0,0.0,0.0,0.0,0.0
synthext0115aaaaaaaaaaaaaaaaaaaaaa:1.4.3->1.4.4,synthext0115aaaaaaaaaaaaaaaaaaaaaa,Coupon Tool 115,coupon,2026-05-06,synthetic,benign,,False,0.25,-1.0,0.0,0.0,-1.0,0.0,0.0,0.0,0.0,0.0,-1.0,0.0,0.0,1.0,0.0,0.0,0.0,1.0,0.0,0.0,0.0,0.0,0.0,0.0,0.0,1.0,0.0,0.0,0.0,0.0
synthext0116aaaaaaaaaaaaaaaaaaaaaa:1.1.0->1.1.1,synthext0116aaaaaaaaaaaaaaaaaaaaaa,Screenshot Tool 116,screenshot,2026-09-21,synthetic,benign,,False,0.7,2.0,1.0,1.0,2.0,1.0,53.0,53.0,0.0,0.0,0.0,0.0,0.0,1.0,0.0,0.0,0.0,-2.0,0.0,0.0,1.0,0.0,0.0,0.0,0.0,-2.0,1.0,0.0,0.0,0.0
synthext0116aaaaaaaaaaaaaaaaaaaaaa:1.1.1->1.1.2,synthext0116aaaaaaaaaaaaaaaaaaaaaa,Screenshot Tool 116,screenshot,2026-04-14,synthetic,malicious,history_exfil,True,0.9438,2.0,2.0,2.0,2.0,1.0,1022.0,1022.0,0.0,1.0,-2.0,0.0,0.0,1.0,0.0,0.0,0.0,3.0,1.0,1.0,1.0,1.0,0.0,0.0,0.0,2.0,1.0,1.0,0.0,0.0
synthext0116aaaaaaaaaaaaaaaaaaaaaa:1.1.2->1.1.3,synthext0116aaaaaaaaaaaaaaaaaaaaaa,Screenshot Tool 116,screenshot,2026-11-12,synthetic,benign,,False,0.0,0.0,1.0,1.0,0.0,0.0,0.0,0.0,0.0,0.0,-1.0,0.0,0.0,0.0,0.0,0.0,0.0,2.0,0.0,0.0,0.0,0.0,0.0,0.0,0.0,2.0,0.0,0.0,0.0,0.0
synthext0116aaaaaaaaaaaaaaaaaaaaaa:1.1.3->1.1.4,synthext0116aaaaaaaaaaaaaaaaaaaaaa,Screenshot Tool 116,screenshot,2026-09-07,synthetic,malicious,history_exfil,True,0.9509,4.0,1.0,1.0,4.0,1.0,1390.0,1390.0,0.0,1.0,1.0,0.0,0.0,1.0,0.0,0.0,0.0,1.0,1.0,1.0,1.0,1.0,0.0,0.0,0.0,0.0,1.0,1.0,0.0,0.0
synthext0117aaaaaaaaaaaaaaaaaaaaaa:1.5.0->1.5.1,synthext0117aaaaaaaaaaaaaaaaaaaaaa,Notes Tool 117,notes,2026-10-11,synthetic,benign,,False,0.7,0.0,1.0,1.0,0.0,1.0,77.0,77.0,0.0,0.0,-1.0,0.0,0.0,1.0,0.0,0.0,0.0,1.0,0.0,0.0,0.0,0.0,0.0,0.0,0.0,1.0,1.0,0.0,0.0,0.0
synthext0117aaaaaaaaaaaaaaaaaaaaaa:1.5.1->1.5.2,synthext0117aaaaaaaaaaaaaaaaaaaaaa,Notes Tool 117,notes,2026-03-02,synthetic,benign,,False,0.0,-1.0,0.0,0.0,-1.0,0.0,0.0,0.0,0.0,0.0,-2.0,0.0,0.0,-1.0,0.0,0.0,0.0,0.0,0.0,0.0,1.0,0.0,0.0,0.0,0.0,0.0,0.0,0.0,0.0,0.0
synthext0117aaaaaaaaaaaaaaaaaaaaaa:1.5.2->1.5.3,synthext0117aaaaaaaaaaaaaaaaaaaaaa,Notes Tool 117,notes,2026-01-20,synthetic,benign,,False,0.6,2.0,1.0,1.0,2.0,1.0,69.0,69.0,0.0,0.0,-1.0,0.0,0.0,-1.0,0.0,0.0,0.0,-2.0,0.0,0.0,0.0,0.0,0.0,0.0,0.0,-2.0,1.0,0.0,0.0,0.0
synthext0117aaaaaaaaaaaaaaaaaaaaaa:1.5.3->1.5.4,synthext0117aaaaaaaaaaaaaaaaaaaaaa,Notes Tool 117,notes,2026-10-27,synthetic,benign,,False,0.0,4.0,0.0,0.0,4.0,0.0,0.0,0.0,0.0,0.0,0.0,0.0,0.0,0.0,0.0,0.0,0.0,0.0,0.0,0.0,1.0,0.0,0.0,0.0,0.0,0.0,0.0,0.0,0.0,0.0
synthext0118aaaaaaaaaaaaaaaaaaaaaa:1.1.0->1.1.1,synthext0118aaaaaaaaaaaaaaaaaaaaaa,Dictionary Tool 118,dictionary,2026-11-11,synthetic,benign,,False,0.7,1.0,1.0,1.0,1.0,1.0,85.0,85.0,0.0,0.0,-1.0,0.0,0.0,1.0,0.0,0.0,0.0,0.0,0.0,0.0,0.0,0.0,0.0,0.0,0.0,0.0,1.0,0.0,0.0,0.0
synthext0118aaaaaaaaaaaaaaaaaaaaaa:1.1.1->1.1.2,synthext0118aaaaaaaaaaaaaaaaaaaaaa,Dictionary Tool 118,dictionary,2026-02-13,synthetic,benign,,False,0.0,0.0,1.0,1.0,0.0,0.0,0.0,0.0,0.0,0.0,-1.0,0.0,0.0,0.0,0.0,0.0,0.0,2.0,0.0,0.0,0.0,0.0,0.0,0.0,0.0,2.0,0.0,0.0,0.0,0.0
synthext0118aaaaaaaaaaaaaaaaaaaaaa:1.1.2->1.1.3,synthext0118aaaaaaaaaaaaaaaaaaaaaa,Dictionary Tool 118,dictionary,2026-08-23,synthetic,malicious,cookie_theft,False,0.9912,1.0,1.0,1.0,1.0,1.0,374.0,374.0,0.0,1.0,3.0,1.0,0.0,0.0,1.0,1.0,1.0,3.0,1.0,1.0,1.0,0.0,0.0,1.0,1.0,2.0,1.0,0.0,0.0,0.0
synthext0118aaaaaaaaaaaaaaaaaaaaaa:1.1.3->1.1.4,synthext0118aaaaaaaaaaaaaaaaaaaaaa,Dictionary Tool 118,dictionary,2026-06-22,synthetic,malicious,keylogger,True,0.76,2.0,2.0,2.0,2.0,1.0,288.0,288.0,0.0,0.0,4.0,0.0,0.0,1.0,0.0,0.0,0.0,2.0,0.0,0.0,0.0,0.0,0.0,0.0,0.0,2.0,1.0,0.0,0.0,0.0
synthext0119aaaaaaaaaaaaaaaaaaaaaa:1.4.0->1.4.1,synthext0119aaaaaaaaaaaaaaaaaaaaaa,Videohelper Tool 119,videohelper,2026-06-17,synthetic,malicious,ad_affiliate,False,0.25,0.0,1.0,1.0,0.0,0.0,0.0,0.0,0.0,0.0,-1.0,0.0,0.0,3.0,0.0,0.0,0.0,0.0,0.0,0.0,0.0,0.0,0.0,0.0,0.0,0.0,0.0,0.0,0.0,0.0
synthext0119aaaaaaaaaaaaaaaaaaaaaa:1.4.1->1.4.2,synthext0119aaaaaaaaaaaaaaaaaaaaaa,Videohelper Tool 119,videohelper,2026-03-13,synthetic,benign,,False,0.55,0.0,1.0,1.0,0.0,0.0,0.0,0.0,0.0,0.0,0.0,0.0,0.0,1.0,0.0,0.0,0.0,-2.0,0.0,0.0,1.0,1.0,0.0,0.0,0.0,-2.0,0.0,1.0,0.0,0.0
synthext0119aaaaaaaaaaaaaaaaaaaaaa:1.4.2->1.4.3,synthext0119aaaaaaaaaaaaaaaaaaaaaa,Videohelper Tool 119,videohelper,2026-08-16,synthetic,benign,,False,0.0,0.0,1.0,1.0,0.0,0.0,0.0,0.0,0.0,0.0,2.0,0.0,0.0,-1.0,0.0,0.0,0.0,-2.0,0.0,0.0,0.0,0.0,0.0,0.0,0.0,-2.0,0.0,0.0,0.0,0.0
synthext0119aaaaaaaaaaaaaaaaaaaaaa:1.4.3->1.4.4,synthext0119aaaaaaaaaaaaaaaaaaaaaa,Videohelper Tool 119,videohelper,2026-10-07,synthetic,benign,,False,0.25,0.0,0.0,0.0,0.0,0.0,0.0,0.0,0.0,0.0,-1.0,0.0,0.0,1.0,0.0,0.0,0.0,0.0,0.0,0.0,0.0,0.0,0.0,0.0,0.0,0.0,0.0,0.0,0.0,0.0
synthext0120aaaaaaaaaaaaaaaaaaaaaa:1.3.0->1.3.1,synthext0120aaaaaaaaaaaaaaaaaaaaaa,Reader Tool 120,reader,2026-01-11,synthetic,benign,,False,0.0,3.0,0.0,0.0,3.0,0.0,0.0,0.0,0.0,0.0,-1.0,0.0,0.0,0.0,0.0,0.0,0.0,2.0,0.0,0.0,0.0,0.0,0.0,0.0,0.0,2.0,0.0,0.0,0.0,0.0
synthext0120aaaaaaaaaaaaaaaaaaaaaa:1.3.1->1.3.2,synthext0120aaaaaaaaaaaaaaaaaaaaaa,Reader Tool 120,reader,2026-01-31,synthetic,malicious,history_exfil,False,0.9064,1.0,1.0,1.0,1.0,1.0,812.0,812.0,0.0,1.0,-2.0,0.0,0.0,0.0,0.0,0.0,0.0,3.0,1.0,1.0,1.0,1.0,0.0,0.0,0.0,2.0,1.0,1.0,0.0,0.0
synthext0120aaaaaaaaaaaaaaaaaaaaaa:1.3.2->1.3.3,synthext0120aaaaaaaaaaaaaaaaaaaaaa,Reader Tool 120,reader,2026-10-11,synthetic,benign,,False,0.25,0.0,1.0,1.0,0.0,0.0,0.0,0.0,0.0,0.0,0.0,0.0,0.0,1.0,0.0,0.0,0.0,-2.0,0.0,0.0,1.0,0.0,0.0,0.0,0.0,-2.0,0.0,0.0,0.0,0.0
synthext0120aaaaaaaaaaaaaaaaaaaaaa:1.3.3->1.3.4,synthext0120aaaaaaaaaaaaaaaaaaaaaa,Reader Tool 120,reader,2026-10-31,synthetic,malicious,keylogger,False,0.7,1.0,1.0,1.0,1.0,1.0,149.0,149.0,0.0,0.0,8.0,0.0,0.0,1.0,0.0,0.0,0.0,0.0,0.0,0.0,0.0,0.0,0.0,0.0,0.0,0.0,0.0,0.0,0.0,0.0
synthext0121aaaaaaaaaaaaaaaaaaaaaa:1.1.0->1.1.1,synthext0121aaaaaaaaaaaaaaaaaaaaaa,Shopper Tool 121,shopper,2026-04-16,synthetic,benign,,False,0.4,0.0,0.0,0.0,0.0,0.0,0.0,0.0,0.0,0.0,0.0,0.0,0.0,-1.0,0.0,0.0,0.0,2.0,0.0,0.0,1.0,1.0,0.0,0.0,0.0,2.0,0.0,1.0,0.0,0.0
synthext0121aaaaaaaaaaaaaaaaaaaaaa:1.1.1->1.1.2,synthext0121aaaaaaaaaaaaaaaaaaaaaa,Shopper Tool 121,shopper,2026-01-01,synthetic,benign,,False,0.25,0.0,0.0,0.0,0.0,0.0,0.0,0.0,0.0,0.0,-1.0,0.0,0.0,3.0,0.0,0.0,0.0,0.0,0.0,0.0,0.0,0.0,0.0,0.0,0.0,0.0,0.0,0.0,0.0,0.0
synthext0121aaaaaaaaaaaaaaaaaaaaaa:1.1.2->1.1.3,synthext0121aaaaaaaaaaaaaaaaaaaaaa,Shopper Tool 121,shopper,2026-10-01,synthetic,malicious,redirect_hijack,False,0.7075,1.0,1.0,1.0,1.0,0.0,0.0,0.0,0.0,0.0,1.0,0.0,0.0,1.0,0.0,0.0,0.0,2.0,1.0,1.0,1.0,1.0,0.0,0.0,0.0,1.0,0.0,1.0,0.0,0.0
synthext0121aaaaaaaaaaaaaaaaaaaaaa:1.1.3->1.1.4,synthext0121aaaaaaaaaaaaaaaaaaaaaa,Shopper Tool 121,shopper,2026-10-10,synthetic,malicious,redirect_hijack,False,0.8752,6.0,2.0,2.0,6.0,1.0,256.0,256.0,0.0,0.0,0.0,0.0,0.0,-1.0,0.0,0.0,0.0,-1.0,1.0,1.0,1.0,1.0,0.0,0.0,0.0,-2.0,0.0,1.0,0.0,0.0
synthext0122aaaaaaaaaaaaaaaaaaaaaa:1.0.0->1.0.1,synthext0122aaaaaaaaaaaaaaaaaaaaaa,Contacts Tool 122,contacts,2026-05-19,synthetic,malicious,keylogger,False,0.808,1.0,2.0,2.0,1.0,2.0,379.0,280.0,0.0,0.0,6.0,0.0,-2.0,0.0,0.0,0.0,0.0,4.0,0.0,0.0,1.0,1.0,0.0,0.0,0.0,4.0,2.0,1.0,0.0,0.0
synthext0122aaaaaaaaaaaaaaaaaaaaaa:1.0.1->1.0.2,synthext0122aaaaaaaaaaaaaaaaaaaaaa,Contacts Tool 122,contacts,2026-02-28,synthetic,benign,,False,0.25,1.0,1.0,1.0,1.0,0.0,0.0,0.0,0.0,0.0,0.0,0.0,0.0,1.0,0.0,0.0,0.0,2.0,0.0,0.0,1.0,0.0,0.0,0.0,0.0,2.0,0.0,0.0,0.0,0.0
synthext0122aaaaaaaaaaaaaaaaaaaaaa:1.0.2->1.0.3,synthext0122aaaaaaaaaaaaaaaaaaaaaa,Contacts Tool 122,contacts,2026-09-24,synthetic,malicious,ad_affiliate,True,0.76,3.0,3.0,3.0,3.0,1.0,248.0,248.0,0.0,0.0,3.0,0.0,1.0,6.0,0.0,0.0,0.0,2.0,0.0,0.0,1.0,0.0,0.0,0.0,0.0,2.0,1.0,0.0,0.0,0.0
synthext0122aaaaaaaaaaaaaaaaaaaaaa:1.0.3->1.0.4,synthext0122aaaaaaaaaaaaaaaaaaaaaa,Contacts Tool 122,contacts,2026-10-31,synthetic,malicious,sw_beacon,True,0.8752,2.0,3.0,3.0,2.0,2.0,258.0,164.0,0.0,1.0,1.0,0.0,0.0,0.0,1.0,0.0,0.0,2.0,1.0,1.0,0.0,0.0,0.0,0.0,0.0,1.0,1.0,0.0,0.0,0.0
synthext0123aaaaaaaaaaaaaaaaaaaaaa:1.0.0->1.0.1,synthext0123aaaaaaaaaaaaaaaaaaaaaa,Passmgr Tool 123,passmgr,2026-05-16,synthetic,benign,,False,0.25,1.0,0.0,0.0,1.0,0.0,0.0,0.0,0.0,0.0,1.0,0.0,0.0,1.0,0.0,0.0,0.0,2.0,0.0,0.0,1.0,0.0,0.0,0.0,0.0,2.0,0.0,0.0,0.0,0.0
synthext0123aaaaaaaaaaaaaaaaaaaaaa:1.0.1->1.0.2,synthext0123aaaaaaaaaaaaaaaaaaaaaa,Passmgr Tool 123,passmgr,2026-03-31,synthetic,benign,,False,0.92,4.0,2.0,2.0,4.0,1.0,103.0,103.0,0.0,0.0,-1.0,0.0,0.0,0.0,0.0,0.0,0.0,-2.0,0.0,0.0,0.0,0.0,0.0,1.0,1.0,-2.0,1.0,0.0,0.0,0.0
synthext0123aaaaaaaaaaaaaaaaaaaaaa:1.0.2->1.0.3,synthext0123aaaaaaaaaaaaaaaaaaaaaa,Passmgr Tool 123,passmgr,2026-10-14,synthetic,benign,,False,0.9,2.0,1.0,1.0,2.0,1.0,45.0,45.0,0.0,0.0,-1.0,0.0,0.0,-1.0,0.0,0.0,0.0,0.0,0.0,0.0,0.0,0.0,0.0,1.0,1.0,0.0,1.0,0.0,0.0,0.0
synthext0123aaaaaaaaaaaaaaaaaaaaaa:1.0.3->1.0.4,synthext0123aaaaaaaaaaaaaaaaaaaaaa,Passmgr Tool 123,passmgr,2026-10-11,synthetic,malicious,redirect_hijack,False,0.9766,2.0,2.0,2.0,2.0,1.0,225.0,225.0,0.0,0.0,-1.0,0.0,0.0,3.0,0.0,0.0,0.0,-1.0,1.0,1.0,1.0,1.0,0.0,1.0,1.0,-2.0,0.0,1.0,0.0,0.0
synthext0124aaaaaaaaaaaaaaaaaaaaaa:1.1.0->1.1.1,synthext0124aaaaaaaaaaaaaaaaaaaaaa,Weather Tool 124,weather,2026-04-20,synthetic,malicious,redirect_hijack,False,0.61,2.0,1.0,1.0,2.0,0.0,0.0,0.0,0.0,0.0,-1.0,0.0,0.0,-1.0,0.0,0.0,0.0,-1.0,1.0,1.0,1.0,1.0,0.0,0.0,0.0,-2.0,0.0,1.0,0.0,0.0
synthext0124aaaaaaaaaaaaaaaaaaaaaa:1.1.1->1.1.2,synthext0124aaaaaaaaaaaaaaaaaaaaaa,Weather Tool 124,weather,2026-11-25,synthetic,malicious,redirect_hijack,True,0.48,2.0,2.0,2.0,2.0,0.0,0.0,0.0,0.0,0.0,-2.0,0.0,0.0,-1.0,0.0,0.0,0.0,4.0,1.0,1.0,0.0,0.0,0.0,0.0,0.0,3.0,0.0,0.0,0.0,0.0
synthext0124aaaaaaaaaaaaaaaaaaaaaa:1.1.2->1.1.3,synthext0124aaaaaaaaaaaaaaaaaaaaaa,Weather Tool 124,weather,2026-09-26,synthetic,benign,,False,0.0,0.0,0.0,0.0,0.0,0.0,0.0,0.0,0.0,0.0,0.0,0.0,0.0,-1.0,0.0,0.0,0.0,4.0,0.0,0.0,0.0,0.0,0.0,0.0,0.0,4.0,0.0,0.0,0.0,0.0
synthext0124aaaaaaaaaaaaaaaaaaaaaa:1.1.3->1.1.4,synthext0124aaaaaaaaaaaaaaaaaaaaaa,Weather Tool 124,weather,2026-04-19,synthetic,benign,,False,0.25,0.0,0.0,0.0,0.0,0.0,0.0,0.0,0.0,0.0,1.0,0.0,0.0,1.0,0.0,0.0,0.0,3.0,0.0,0.0,0.0,0.0,0.0,0.0,0.0,3.0,0.0,0.0,0.0,0.0
synthext0125aaaaaaaaaaaaaaaaaaaaaa:1.1.0->1.1.1,synthext0125aaaaaaaaaaaaaaaaaaaaaa,Translate Tool 125,translate,2026-03-22,synthetic,malicious,history_exfil,False,0.9298,0.0,1.0,1.0,0.0,1.0,403.0,403.0,0.0,1.0,0.0,0.0,0.0,1.0,0.0,0.0,0.0,1.0,1.0,1.0,1.0,1.0,0.0,0.0,0.0,0.0,1.0,1.0,0.0,0.0
synthext0125aaaaaaaaaaaaaaaaaaaaaa:1.1.1->1.1.2,synthext0125aaaaaaaaaaaaaaaaaaaaaa,Translate Tool 125,translate,2026-01-06,synthetic,benign,,False,0.7,1.0,1.0,1.0,1.0,1.0,254.0,254.0,0.0,0.0,0.0,0.0,0.0,1.0,0.0,0.0,0.0,2.0,0.0,0.0,0.0,0.0,0.0,0.0,0.0,2.0,0.0,0.0,0.0,0.0
synthext0125aaaaaaaaaaaaaaaaaaaaaa:1.1.2->1.1.3,synthext0125aaaaaaaaaaaaaaaaaaaaaa,Translate Tool 125,translate,2026-08-26,synthetic,benign,,False,0.0,1.0,1.0,1.0,1.0,0.0,0.0,0.0,0.0,0.0,2.0,0.0,0.0,-1.0,0.0,0.0,0.0,0.0,0.0,0.0,0.0,0.0,0.0,0.0,0.0,0.0,0.0,0.0,0.0,0.0
synthext0125aaaaaaaaaaaaaaaaaaaaaa:1.1.3->1.1.4,synthext0125aaaaaaaaaaaaaaaaaaaaaa,Translate Tool 125,translate,2026-02-11,synthetic,benign,,False,0.0,0.0,0.0,0.0,0.0,0.0,0.0,0.0,0.0,0.0,-1.0,0.0,0.0,0.0,0.0,0.0,0.0,0.0,0.0,0.0,1.0,0.0,0.0,0.0,0.0,0.0,0.0,0.0,0.0,0.0
synthext0126aaaaaaaaaaaaaaaaaaaaaa:1.0.0->1.0.1,synthext0126aaaaaaaaaaaaaaaaaaaaaa,Adblocker Tool 126,adblocker,2026-09-15,synthetic,benign,,False,0.0,-1.0,0.0,0.0,-1.0,0.0,0.0,0.0,0.0,0.0,1.0,0.0,0.0,-1.0,0.0,0.0,0.0,0.0,0.0,0.0,1.0,0.0,0.0,0.0,0.0,0.0,0.0,0.0,0.0,0.0
synthext0126aaaaaaaaaaaaaaaaaaaaaa:1.0.1->1.0.2,synthext0126aaaaaaaaaaaaaaaaaaaaaa,Adblocker Tool 126,adblocker,2026-02-19,synthetic,malicious,ad_affiliate,True,0.55,2.0,1.0,1.0,2.0,0.0,0.0,0.0,0.0,0.0,0.0,0.0,0.0,2.0,0.0,0.0,0.0,2.0,0.0,0.0,1.0,1.0,0.0,0.0,0.0,2.0,0.0,1.0,0.0,0.0
synthext0126aaaaaaaaaaaaaaaaaaaaaa:1.0.2->1.0.3,synthext0126aaaaaaaaaaaaaaaaaaaaaa,Adblocker Tool 126,adblocker,2026-05-05,synthetic,malicious,redirect_hijack,False,0.792,3.0,3.0,3.0,3.0,2.0,316.0,233.0,0.0,0.0,1.0,0.0,0.0,-1.0,0.0,0.0,0.0,3.0,1.0,1.0,0.0,0.0,0.0,0.0,0.0,2.0,1.0,0.0,0.0,0.0
synthext0126aaaaaaaaaaaaaaaaaaaaaa:1.0.3->1.0.4,synthext0126aaaaaaaaaaaaaaaaaaaaaa,Adblocker Tool 126,adblocker,2026-04-26,synthetic,benign,,False,0.25,3.0,1.0,1.0,3.0,0.0,0.0,0.0,0.0,0.0,0.0,0.0,0.0,1.0,0.0,0.0,0.0,0.0,0.0,0.0,0.0,0.0,0.0,0.0,0.0,0.0,0.0,0.0,0.0,0.0
synthext0127aaaaaaaaaaaaaaaaaaaaaa:1.6.0->1.6.1,synthext0127aaaaaaaaaaaaaaaaaaaaaa,Coupon Tool 127,coupon,2026-04-21,synthetic,benign,,False,0.0,2.0,0.0,0.0,2.0,0.0,0.0,0.0,0.0,0.0,-1.0,0.0,0.0,0.0,0.0,0.0,0.0,0.0,0.0,0.0,0.0,0.0,0.0,0.0,0.0,0.0,0.0,0.0,0.0,0.0
synthext0127aaaaaaaaaaaaaaaaaaaaaa:1.6.1->1.6.2,synthext0127aaaaaaaaaaaaaaaaaaaaaa,Coupon Tool 127,coupon,2026-03-24,synthetic,malicious,history_exfil,False,0.9345,4.0,1.0,1.0,4.0,1.0,1412.0,1412.0,0.0,1.0,1.0,0.0,0.0,0.0,0.0,0.0,0.0,-1.0,1.0,1.0,1.0,1.0,0.0,0.0,0.0,-2.0,1.0,1.0,0.0,0.0
synthext0127aaaaaaaaaaaaaaaaaaaaaa:1.6.2->1.6.3,synthext0127aaaaaaaaaaaaaaaaaaaaaa,Coupon Tool 127,coupon,2026-06-08,synthetic,benign,,False,0.25,0.0,0.0,0.0,0.0,0.0,0.0,0.0,0.0,0.0,4.0,0.0,0.0,4.0,0.0,0.0,0.0,0.0,0.0,0.0,0.0,0.0,0.0,0.0,0.0,0.0,0.0,0.0,0.0,0.0
synthext0127aaaaaaaaaaaaaaaaaaaaaa:1.6.3->1.6.4,synthext0127aaaaaaaaaaaaaaaaaaaaaa,Coupon Tool 127,coupon,2026-05-16,synthetic,benign,,False,0.0,0.0,0.0,0.0,0.0,0.0,0.0,0.0,0.0,0.0,0.0,0.0,0.0,0.0,0.0,0.0,0.0,0.0,0.0,0.0,0.0,0.0,0.0,0.0,0.0,0.0,0.0,0.0,0.0,0.0
synthext0128aaaaaaaaaaaaaaaaaaaaaa:1.1.0->1.1.1,synthext0128aaaaaaaaaaaaaaaaaaaaaa,Screenshot Tool 128,screenshot,2026-01-14,synthetic,benign,,False,0.76,3.0,2.0,2.0,3.0,1.0,81.0,81.0,0.0,0.0,0.0,0.0,0.0,1.0,0.0,0.0,0.0,-2.0,0.0,0.0,0.0,0.0,0.0,0.0,0.0,-2.0,1.0,0.0,0.0,0.0
synthext0128aaaaaaaaaaaaaaaaaaaaaa:1.1.1->1.1.2,synthext0128aaaaaaaaaaaaaaaaaaaaaa,Screenshot Tool 128,screenshot,2026-05-24,synthetic,benign,,False,0.7,1.0,1.0,1.0,1.0,1.0,91.0,91.0,0.0,0.0,0.0,0.0,0.0,1.0,0.0,0.0,0.0,1.0,0.0,0.0,0.0,0.0,0.0,0.0,0.0,1.0,1.0,0.0,0.0,0.0
synthext0128aaaaaaaaaaaaaaaaaaaaaa:1.1.2->1.1.3,synthext0128aaaaaaaaaaaaaaaaaaaaaa,Screenshot Tool 128,screenshot,2026-02-10,synthetic,benign,,False,0.7,0.0,1.0,1.0,0.0,1.0,68.0,68.0,0.0,0.0,1.0,0.0,0.0,2.0,0.0,0.0,0.0,0.0,0.0,0.0,0.0,0.0,0.0,0.0,0.0,0.0,1.0,0.0,0.0,0.0
synthext0128aaaaaaaaaaaaaaaaaaaaaa:1.1.3->1.1.4,synthext0128aaaaaaaaaaaaaaaaaaaaaa,Screenshot Tool 128,screenshot,2026-05-10,synthetic,malicious,redirect_hijack,True,0.61,2.0,1.0,1.0,2.0,0.0,0.0,0.0,0.0,0.0,2.0,0.0,0.0,0.0,0.0,0.0,0.0,4.0,1.0,1.0,1.0,1.0,0.0,0.0,0.0,3.0,0.0,1.0,0.0,0.0
synthext0129aaaaaaaaaaaaaaaaaaaaaa:1.2.0->1.2.1,synthext0129aaaaaaaaaaaaaaaaaaaaaa,Notes Tool 129,notes,2026-06-12,synthetic,benign,,False,0.0,1.0,1.0,1.0,1.0,0.0,0.0,0.0,0.0,0.0,1.0,0.0,0.0,0.0,0.0,0.0,0.0,3.0,0.0,0.0,0.0,0.0,0.0,0.0,0.0,3.0,0.0,0.0,0.0,0.0
synthext0129aaaaaaaaaaaaaaaaaaaaaa:1.2.1->1.2.2,synthext0129aaaaaaaaaaaaaaaaaaaaaa,Notes Tool 129,notes,2026-11-05,synthetic,benign,,False,0.0,1.0,0.0,0.0,1.0,0.0,0.0,0.0,0.0,0.0,-1.0,0.0,0.0,0.0,0.0,0.0,0.0,3.0,0.0,0.0,0.0,0.0,0.0,0.0,0.0,3.0,0.0,0.0,0.0,0.0
synthext0129aaaaaaaaaaaaaaaaaaaaaa:1.2.2->1.2.3,synthext0129aaaaaaaaaaaaaaaaaaaaaa,Notes Tool 129,notes,2026-08-25,synthetic,malicious,keylogger,False,0.76,2.0,2.0,2.0,2.0,2.0,360.0,258.0,0.0,0.0,9.0,0.0,0.0,1.0,0.0,0.0,0.0,1.0,0.0,0.0,0.0,0.0,0.0,0.0,0.0,1.0,1.0,0.0,0.0,0.0
synthext0129aaaaaaaaaaaaaaaaaaaaaa:1.2.3->1.2.4,synthext0129aaaaaaaaaaaaaaaaaaaaaa,Notes Tool 129,notes,2026-02-27,synthetic,malicious,history_exfil,False,0.8752,2.0,2.0,2.0,2.0,2.0,343.0,277.0,0.0,1.0,1.0,0.0,0.0,0.0,0.0,0.0,0.0,3.0,1.0,1.0,0.0,0.0,0.0,0.0,0.0,2.0,2.0,0.0,0.0,0.0
synthext0130aaaaaaaaaaaaaaaaaaaaaa:1.4.0->1.4.1,synthext0130aaaaaaaaaaaaaaaaaaaaaa,Dictionary Tool 130,dictionary,2026-09-25,synthetic,malicious,redirect_hijack,True,0.61,2.0,1.0,1.0,2.0,0.0,0.0,0.0,0.0,0.0,0.0,0.0,0.0,-1.0,0.0,0.0,0.0,1.0,1.0,1.0,1.0,1.0,0.0,0.0,0.0,0.0,0.0,1.0,0.0,0.0
synthext0130aaaaaaaaaaaaaaaaaaaaaa:1.4.1->1.4.2,synthext0130aaaaaaaaaaaaaaaaaaaaaa,Dictionary Tool 130,dictionary,2026-09-14,synthetic,malicious,keylogger,True,0.6,1.0,1.0,1.0,1.0,1.0,101.0,101.0,0.0,0.0,6.0,0.0,0.0,-1.0,0.0,0.0,0.0,3.0,0.0,0.0,0.0,0.0,0.0,0.0,0.0,3.0,1.0,0.0,0.0,0.0
synthext0130aaaaaaaaaaaaaaaaaaaaaa:1.4.2->1.4.3,synthext0130aaaaaaaaaaaaaaaaaaaaaa,Dictionary Tool 130,dictionary,2026-11-25,synthetic,malicious,credential_theft,True,0.976,1.0,2.0,2.0,1.0,2.0,704.0,643.0,0.0,0.0,2.0,1.0,1.0,0.0,0.0,0.0,0.0,0.0,0.0,0.0,1.0,1.0,0.0,1.0,1.0,0.0,2.0,1.0,0.0,0.0
synthext0130aaaaaaaaaaaaaaaaaaaaaa:1.4.3->1.4.4,synthext0130aaaaaaaaaaaaaaaaaaaaaa,Dictionary Tool 130,dictionary,2026-08-05,synthetic,malicious,credential_theft,False,0.95,1.0,1.0,1.0,1.0,1.0,883.0,883.0,0.0,0.0,2.0,1.0,1.0,-1.0,0.0,0.0,0.0,0.0,0.0,0.0,0.0,0.0,0.0,1.0,1.0,0.0,1.0,0.0,0.0,0.0
synthext0131aaaaaaaaaaaaaaaaaaaaaa:1.1.0->1.1.1,synthext0131aaaaaaaaaaaaaaaaaaaaaa,Videohelper Tool 131,videohelper,2026-08-26,synthetic,malicious,keylogger,False,0.6,0.0,1.0,1.0,0.0,1.0,51.0,51.0,0.0,0.0,3.0,0.0,0.0,0.0,0.0,0.0,0.0,0.0,0.0,0.0,1.0,0.0,0.0,0.0,0.0,0.0,1.0,0.0,0.0,0.0
synthext0131aaaaaaaaaaaaaaaaaaaaaa:1.1.1->1.1.2,synthext0131aaaaaaaaaaaaaaaaaaaaaa,Videohelper Tool 131,videohelper,2026-04-22,synthetic,malicious,form_jacking,True,0.9625,3.0,1.0,1.0,3.0,1.0,190.0,190.0,0.0,0.0,2.0,1.0,0.0,1.0,0.0,0.0,0.0,1.0,0.0,0.0,0.0,0.0,0.0,1.0,1.0,1.0,1.0,0.0,0.0,0.0
synthext0131aaaaaaaaaaaaaaaaaaaaaa:1.1.2->1.1.3,synthext0131aaaaaaaaaaaaaaaaaaaaaa,Videohelper Tool 131,videohelper,2026-07-18,synthetic,malicious,sw_beacon,False,0.844,2.0,1.0,1.0,2.0,1.0,590.0,590.0,0.0,1.0,0.0,0.0,0.0,0.0,1.0,0.0,0.0,1.0,1.0,1.0,0.0,0.0,0.0,0.0,0.0,0.0,0.0,0.0,0.0,0.0
synthext0131aaaaaaaaaaaaaaaaaaaaaa:1.1.3->1.1.4,synthext0131aaaaaaaaaaaaaaaaaaaaaa,Videohelper Tool 131,videohelper,2026-05-01,synthetic,benign,,False,0.7,0.0,1.0,1.0,0.0,1.0,52.0,52.0,0.0,0.0,1.0,0.0,0.0,1.0,0.0,0.0,0.0,0.0,0.0,0.0,1.0,0.0,0.0,0.0,0.0,0.0,1.0,0.0,0.0,0.0
synthext0132aaaaaaaaaaaaaaaaaaaaaa:1.1.0->1.1.1,synthext0132aaaaaaaaaaaaaaaaaaaaaa,Reader Tool 132,reader,2026-11-03,synthetic,benign,,False,0.25,0.0,1.0,1.0,0.0,0.0,0.0,0.0,0.0,0.0,0.0,0.0,0.0,1.0,0.0,0.0,0.0,0.0,0.0,0.0,0.0,0.0,0.0,0.0,0.0,0.0,0.0,0.0,0.0,0.0
synthext0132aaaaaaaaaaaaaaaaaaaaaa:1.1.1->1.1.2,synthext0132aaaaaaaaaaaaaaaaaaaaaa,Reader Tool 132,reader,2026-02-02,synthetic,benign,,False,0.808,2.0,2.0,2.0,2.0,2.0,315.0,229.0,0.0,0.0,1.0,0.0,0.0,-1.0,0.0,0.0,0.0,2.0,0.0,0.0,1.0,1.0,0.0,0.0,0.0,2.0,1.0,1.0,0.0,0.0
synthext0132aaaaaaaaaaaaaaaaaaaaaa:1.1.2->1.1.3,synthext0132aaaaaaaaaaaaaaaaaaaaaa,Reader Tool 132,reader,2026-04-11,synthetic,benign,,False,0.68,3.0,2.0,2.0,3.0,1.0,57.0,57.0,0.0,0.0,0.0,0.0,0.0,-1.0,0.0,0.0,0.0,0.0,0.0,0.0,0.0,0.0,0.0,0.0,0.0,0.0,1.0,0.0,0.0,0.0
synthext0132aaaaaaaaaaaaaaaaaaaaaa:1.1.3->1.1.4,synthext0132aaaaaaaaaaaaaaaaaaaaaa,Reader Tool 132,reader,2026-03-20,synthetic,benign,,False,0.25,0.0,0.0,0.0,0.0,0.0,0.0,0.0,0.0,0.0,0.0,0.0,0.0,1.0,0.0,0.0,0.0,0.0,0.0,0.0,1.0,0.0,0.0,0.0,0.0,0.0,0.0,0.0,0.0,0.0
synthext0133aaaaaaaaaaaaaaaaaaaaaa:1.1.0->1.1.1,synthext0133aaaaaaaaaaaaaaaaaaaaaa,Shopper Tool 133,shopper,2026-04-29,synthetic,malicious,form_jacking,False,0.95,2.0,1.0,1.0,2.0,1.0,263.0,263.0,0.0,0.0,4.0,1.0,0.0,0.0,0.0,0.0,0.0,1.0,0.0,0.0,0.0,0.0,0.0,1.0,1.0,1.0,1.0,0.0,0.0,0.0
synthext0133aaaaaaaaaaaaaaaaaaaaaa:1.1.1->1.1.2,synthext0133aaaaaaaaaaaaaaaaaaaaaa,Shopper Tool 133,shopper,2026-04-28,synthetic,benign,,False,0.0,0.0,0.0,0.0,0.0,0.0,0.0,0.0,0.0,0.0,-2.0,0.0,0.0,0.0,0.0,0.0,0.0,0.0,0.0,0.0,1.0,0.0,0.0,0.0,0.0,0.0,0.0,0.0,0.0,0.0
synthext0133aaaaaaaaaaaaaaaaaaaaaa:1.1.2->1.1.3,synthext0133aaaaaaaaaaaaaaaaaaaaaa,Shopper Tool 133,shopper,2026-10-28,synthetic,malicious,history_exfil,False,0.9345,2.0,1.0,1.0,2.0,1.0,1369.0,1369.0,0.0,1.0,-2.0,0.0,0.0,0.0,0.0,0.0,0.0,-1.0,1.0,1.0,1.0,1.0,0.0,0.0,0.0,-2.0,1.0,1.0,0.0,0.0
synthext0133aaaaaaaaaaaaaaaaaaaaaa:1.1.3->1.1.4,synthext0133aaaaaaaaaaaaaaaaaaaaaa,Shopper Tool 133,shopper,2026-08-16,synthetic,malicious,cookie_theft,True,0.9971,2.0,2.0,2.0,2.0,1.0,2473.0,2473.0,0.0,1.0,-1.0,1.0,0.0,-1.0,1.0,1.0,1.0,4.0,1.0,1.0,2.0,1.0,0.0,1.0,1.0,3.0,1.0,1.0,0.0,0.0
synthext0134aaaaaaaaaaaaaaaaaaaaaa:1.0.0->1.0.1,synthext0134aaaaaaaaaaaaaaaaaaaaaa,Contacts Tool 134,contacts,2026-11-24,synthetic,malicious,history_exfil,True,0.9064,1.0,1.0,1.0,1.0,1.0,853.0,853.0,0.0,1.0,2.0,0.0,0.0,-1.0,0.0,0.0,0.0,3.0,1.0,1.0,1.0,1.0,0.0,0.0,0.0,2.0,1.0,1.0,0.0,0.0
synthext0134aaaaaaaaaaaaaaaaaaaaaa:1.0.1->1.0.2,synthext0134aaaaaaaaaaaaaaaaaaaaaa,Contacts Tool 134,contacts,2026-08-06,synthetic,malicious,redirect_hijack,False,0.5125,1.0,1.0,1.0,1.0,0.0,0.0,0.0,0.0,0.0,-3.0,0.0,-2.0,1.0,0.0,0.0,0.0,1.0,1.0,1.0,0.0,0.0,0.0,0.0,0.0,0.0,0.0,0.0,0.0,0.0
synthext0134aaaaaaaaaaaaaaaaaaaaaa:1.0.2->1.0.3,synthext0134aaaaaaaaaaaaaaaaaaaaaa,Contacts Tool 134,contacts,2026-07-10,synthetic,benign,,False,0.68,3.0,2.0,2.0,3.0,2.0,321.0,230.0,0.0,0.0,2.0,0.0,2.0,-1.0,0.0,0.0,0.0,2.0,0.0,0.0,1.0,0.0,0.0,0.0,0.0,2.0,1.0,0.0,0.0,0.0
synthext0134aaaaaaaaaaaaaaaaaaaaaa:1.0.3->1.0.4,synthext0134aaaaaaaaaaaaaaaaaaaaaa,Contacts Tool 134,contacts,2026-11-24,synthetic,benign,,False,0.0,0.0,0.0,0.0,0.0,0.0,0.0,0.0,0.0,0.0,0.0,0.0,0.0,0.0,0.0,0.0,0.0,-2.0,0.0,0.0,0.0,0.0,0.0,0.0,0.0,-2.0,0.0,0.0,0.0,0.0
synthext0135aaaaaaaaaaaaaaaaaaaaaa:1.3.0->1.3.1,synthext0135aaaaaaaaaaaaaaaaaaaaaa,Passmgr Tool 135,passmgr,2026-03-22,synthetic,malicious,form_jacking,False,0.9625,0.0,1.0,1.0,0.0,1.0,340.0,340.0,0.0,0.0,1.0,1.0,0.0,1.0,0.0,0.0,0.0,7.0,0.0,0.0,0.0,0.0,0.0,1.0,1.0,7.0,0.0,0.0,0.0,0.0
synthext0135aaaaaaaaaaaaaaaaaaaaaa:1.3.1->1.3.2,synthext0135aaaaaaaaaaaaaaaaaaaaaa,Passmgr Tool 135,passmgr,2026-07-15,synthetic,malicious,redirect_hijack,False,0.5125,2.0,1.0,1.0,2.0,0.0,0.0,0.0,0.0,0.0,-1.0,0.0,0.0,3.0,0.0,0.0,0.0,4.0,1.0,1.0,0.0,0.0,0.0,0.0,0.0,3.0,0.0,0.0,0.0,0.0
synthext0135aaaaaaaaaaaaaaaaaaaaaa:1.3.2->1.3.3,synthext0135aaaaaaaaaaaaaaaaaaaaaa,Passmgr Tool 135,passmgr,2026-06-10,synthetic,malicious,credential_theft,False,0.97,3.0,2.0,2.0,3.0,1.0,848.0,848.0,0.0,0.0,3.0,1.0,1.0,1.0,0.0,0.0,0.0,0.0,0.0,0.0,1.0,0.0,0.0,1.0,1.0,0.0,1.0,0.0,0.0,0.0
synthext0135aaaaaaaaaaaaaaaaaaaaaa:1.3.3->1.3.4,synthext0135aaaaaaaaaaaaaaaaaaaaaa,Passmgr Tool 135,passmgr,2026-10-02,synthetic,benign,,False,0.0,3.0,1.0,1.0,3.0,0.0,0.0,0.0,0.0,0.0,-2.0,0.0,0.0,0.0,0.0,0.0,0.0,0.0,0.0,0.0,0.0,0.0,0.0,0.0,0.0,0.0,0.0,0.0,0.0,0.0
synthext0136aaaaaaaaaaaaaaaaaaaaaa:1.1.0->1.1.1,synthext0136aaaaaaaaaaaaaaaaaaaaaa,Weather Tool 136,weather,2026-10-08,synthetic,malicious,clipboard_steal,False,0.7,1.0,1.0,1.0,1.0,1.0,85.0,85.0,0.0,0.0,0.0,0.0,0.0,1.0,0.0,0.0,0.0,0.0,0.0,0.0,0.0,0.0,0.0,0.0,0.0,0.0,0.0,0.0,0.0,0.0
synthext0136aaaaaaaaaaaaaaaaaaaaaa:1.1.1->1.1.2,synthext0136aaaaaaaaaaaaaaaaaaaaaa,Weather Tool 136,weather,2026-02-02,synthetic,benign,,False,0.0,5.0,1.0,1.0,5.0,0.0,0.0,0.0,0.0,0.0,0.0,0.0,0.0,0.0,0.0,0.0,0.0,-2.0,0.0,0.0,0.0,0.0,0.0,0.0,0.0,-2.0,0.0,0.0,0.0,0.0
synthext0136aaaaaaaaaaaaaaaaaaaaaa:1.1.2->1.1.3,synthext0136aaaaaaaaaaaaaaaaaaaaaa,Weather Tool 136,weather,2026-01-26,synthetic,benign,,False,0.25,1.0,0.0,0.0,1.0,0.0,0.0,0.0,0.0,0.0,-1.0,0.0,0.0,1.0,0.0,0.0,0.0,-2.0,0.0,0.0,0.0,0.0,0.0,0.0,0.0,-2.0,0.0,0.0,0.0,0.0
synthext0136aaaaaaaaaaaaaaaaaaaaaa:1.1.3->1.1.4,synthext0136aaaaaaaaaaaaaaaaaaaaaa,Weather Tool 136,weather,2026-03-22,synthetic,benign,,False,0.0,0.0,0.0,0.0,0.0,0.0,0.0,0.0,0.0,0.0,-2.0,0.0,0.0,-1.0,0.0,0.0,0.0,-2.0,0.0,0.0,0.0,0.0,0.0,0.0,0.0,-2.0,0.0,0.0,0.0,0.0
synthext0137aaaaaaaaaaaaaaaaaaaaaa:1.6.0->1.6.1,synthext0137aaaaaaaaaaaaaaaaaaaaaa,Translate Tool 137,translate,2026-11-14,synthetic,malicious,history_exfil,False,0.8752,5.0,2.0,2.0,5.0,2.0,316.0,261.0,0.0,1.0,1.0,0.0,0.0,0.0,0.0,0.0,0.0,1.0,1.0,1.0,0.0,0.0,0.0,0.0,0.0,0.0,1.0,0.0,0.0,0.0
synthext0137aaaaaaaaaaaaaaaaaaaaaa:1.6.1->1.6.2,synthext0137aaaaaaaaaaaaaaaaaaaaaa,Translate Tool 137,translate,2026-08-27,synthetic,malicious,ad_affiliate,False,0.25,2.0,1.0,1.0,2.0,0.0,0.0,0.0,0.0,0.0,1.0,0.0,0.0,5.0,0.0,0.0,0.0,-2.0,0.0,0.0,0.0,0.0,0.0,0.0,0.0,-2.0,0.0,0.0,0.0,0.0
synthext0137aaaaaaaaaaaaaaaaaaaaaa:1.6.2->1.6.3,synthext0137aaaaaaaaaaaaaaaaaaaaaa,Translate Tool 137,translate,2026-09-01,synthetic,benign,,False,0.0,0.0,0.0,0.0,0.0,0.0,0.0,0.0,0.0,0.0,2.0,0.0,0.0,-1.0,0.0,0.0,0.0,0.0,0.0,0.0,0.0,0.0,0.0,0.0,0.0,0.0,0.0,0.0,0.0,0.0
synthext0137aaaaaaaaaaaaaaaaaaaaaa:1.6.3->1.6.4,synthext0137aaaaaaaaaaaaaaaaaaaaaa,Translate Tool 137,translate,2026-10-02,synthetic,benign,,False,0.25,0.0,0.0,0.0,0.0,0.0,0.0,0.0,0.0,0.0,-3.0,0.0,0.0,1.0,0.0,0.0,0.0,3.0,0.0,0.0,0.0,0.0,0.0,0.0,0.0,3.0,0.0,0.0,0.0,0.0
synthext0138aaaaaaaaaaaaaaaaaaaaaa:1.2.0->1.2.1,synthext0138aaaaaaaaaaaaaaaaaaaaaa,Adblocker Tool 138,adblocker,2026-10-23,synthetic,benign,,False,0.68,3.0,2.0,2.0,3.0,1.0,101.0,101.0,0.0,0.0,1.0,0.0,0.0,-1.0,0.0,0.0,0.0,0.0,0.0,0.0,1.0,0.0,0.0,0.0,0.0,0.0,1.0,0.0,0.0,0.0
synthext0138aaaaaaaaaaaaaaaaaaaaaa:1.2.1->1.2.2,synthext0138aaaaaaaaaaaaaaaaaaaaaa,Adblocker Tool 138,adblocker,2026-08-21,synthetic,malicious,credential_theft,True,0.96,5.0,2.0,2.0,5.0,2.0,541.0,507.0,0.0,0.0,1.0,1.0,1.0,0.0,0.0,0.0,0.0,0.0,0.0,0.0,0.0,0.0,0.0,1.0,1.0,0.0,2.0,0.0,0.0,0.0
synthext0138aaaaaaaaaaaaaaaaaaaaaa:1.2.2->1.2.3,synthext0138aaaaaaaaaaaaaaaaaaaaaa,Adblocker Tool 138,adblocker,2026-11-10,synthetic,benign,,False,0.25,1.0,1.0,1.0,1.0,0.0,0.0,0.0,0.0,0.0,0.0,0.0,0.0,1.0,0.0,0.0,0.0,1.0,0.0,0.0,0.0,0.0,0.0,0.0,0.0,1.0,0.0,0.0,0.0,0.0
synthext0138aaaaaaaaaaaaaaaaaaaaaa:1.2.3->1.2.4,synthext0138aaaaaaaaaaaaaaaaaaaaaa,Adblocker Tool 138,adblocker,2026-08-11,synthetic,malicious,redirect_hijack,False,0.5125,0.0,1.0,1.0,0.0,0.0,0.0,0.0,0.0,0.0,-2.0,0.0,0.0,1.0,0.0,0.0,0.0,1.0,1.0,1.0,0.0,0.0,0.0,0.0,0.0,0.0,0.0,0.0,0.0,0.0
synthext0139aaaaaaaaaaaaaaaaaaaaaa:1.5.0->1.5.1,synthext0139aaaaaaaaaaaaaaaaaaaaaa,Coupon Tool 139,coupon,2026-07-13,synthetic,benign,,False,0.25,1.0,1.0,1.0,1.0,0.0,0.0,0.0,0.0,0.0,-1.0,0.0,0.0,1.0,0.0,0.0,0.0,2.0,0.0,0.0,0.0,0.0,0.0,0.0,0.0,2.0,0.0,0.0,0.0,0.0
synthext0139aaaaaaaaaaaaaaaaaaaaaa:1.5.1->1.5.2,synthext0139aaaaaaaaaaaaaaaaaaaaaa,Coupon Tool 139,coupon,2026-04-20,synthetic,benign,,False,0.76,2.0,2.0,2.0,2.0,2.0,314.0,257.0,0.0,0.0,0.0,0.0,0.0,1.0,0.0,0.0,0.0,-2.0,0.0,0.0,0.0,0.0,0.0,0.0,0.0,-2.0,2.0,0.0,0.0,0.0
synthext0139aaaaaaaaaaaaaaaaaaaaaa:1.5.2->1.5.3,synthext0139aaaaaaaaaaaaaaaaaaaaaa,Coupon Tool 139,coupon,2026-04-10,synthetic,benign,,False,0.6,0.0,1.0,1.0,0.0,1.0,107.0,107.0,0.0,0.0,-2.0,0.0,0.0,-1.0,0.0,0.0,0.0,0.0,0.0,0.0,0.0,0.0,0.0,0.0,0.0,0.0,1.0,0.0,0.0,0.0
synthext0139aaaaaaaaaaaaaaaaaaaaaa:1.5.3->1.5.4,synthext0139aaaaaaaaaaaaaaaaaaaaaa,Coupon Tool 139,coupon,2026-06-20,synthetic,benign,,False,0.25,1.0,0.0,0.0,1.0,0.0,0.0,0.0,0.0,0.0,2.0,0.0,0.0,1.0,0.0,0.0,0.0,0.0,0.0,0.0,1.0,0.0,0.0,0.0,0.0,0.0,0.0,0.0,0.0,0.0
synthext0140aaaaaaaaaaaaaaaaaaaaaa:1.0.0->1.0.1,synthext0140aaaaaaaaaaaaaaaaaaaaaa,Screenshot Tool 140,screenshot,2026-09-27,synthetic,benign,,False,0.76,1.0,2.0,2.0,1.0,1.0,163.0,163.0,0.0,0.0,-1.0,0.0,0.0,3.0,0.0,0.0,0.0,0.0,0.0,0.0,0.0,0.0,0.0,0.0,0.0,0.0,0.0,0.0,0.0,0.0
synthext0140aaaaaaaaaaaaaaaaaaaaaa:1.0.1->1.0.2,synthext0140aaaaaaaaaaaaaaaaaaaaaa,Screenshot Tool 140,screenshot,2026-03-30,synthetic,benign,,False,0.0,0.0,0.0,0.0,0.0,0.0,0.0,0.0,0.0,0.0,0.0,0.0,0.0,-1.0,0.0,0.0,0.0,0.0,0.0,0.0,0.0,0.0,0.0,0.0,0.0,0.0,0.0,0.0,0.0,0.0
synthext0140aaaaaaaaaaaaaaaaaaaaaa:1.0.2->1.0.3,synthext0140aaaaaaaaaaaaaaaaaaaaaa,Screenshot Tool 140,screenshot,2026-10-04,synthetic,malicious,history_exfil,False,0.9298,1.0,1.0,1.0,1.0,1.0,915.0,915.0,0.0,1.0,-1.0,0.0,0.0,1.0,0.0,0.0,0.0,3.0,1.0,1.0,1.0,1.0,0.0,0.0,0.0,2.0,1.0,1.0,0.0,0.0
synthext0140aaaaaaaaaaaaaaaaaaaaaa:1.0.3->1.0.4,synthext0140aaaaaaaaaaaaaaaaaaaaaa,Screenshot Tool 140,screenshot,2026-09-23,synthetic,malicious,keylogger,True,0.7,1.0,1.0,1.0,1.0,1.0,63.0,63.0,0.0,0.0,5.0,0.0,0.0,1.0,0.0,0.0,0.0,5.0,0.0,0.0,0.0,0.0,0.0,0.0,0.0,5.0,0.0,0.0,0.0,0.0
synthext0141aaaaaaaaaaaaaaaaaaaaaa:1.0.0->1.0.1,synthext0141aaaaaaaaaaaaaaaaaaaaaa,Notes Tool 141,notes,2026-05-01,synthetic,benign,,False,0.7,2.0,1.0,1.0,2.0,1.0,237.0,237.0,0.0,0.0,2.0,0.0,0.0,3.0,0.0,0.0,0.0,2.0,0.0,0.0,0.0,0.0,0.0,0.0,0.0,2.0,1.0,0.0,0.0,0.0
synthext0141aaaaaaaaaaaaaaaaaaaaaa:1.0.1->1.0.2,synthext0141aaaaaaaaaaaaaaaaaaaaaa,Notes Tool 141,notes,2026-10-03,synthetic,malicious,redirect_hijack,False,0.61,1.0,1.0,1.0,1.0,0.0,0.0,0.0,0.0,0.0,-2.0,0.0,0.0,-1.0,0.0,0.0,0.0,3.0,1.0,1.0,1.0,1.0,0.0,0.0,0.0,2.0,0.0,1.0,0.0,0.0
synthext0141aaaaaaaaaaaaaaaaaaaaaa:1.0.2->1.0.3,synthext0141aaaaaaaaaaaaaaaaaaaaaa,Notes Tool 141,notes,2026-04-06,synthetic,malicious,sw_beacon,True,0.844,2.0,1.0,1.0,2.0,1.0,272.0,272.0,0.0,1.0,0.0,0.0,0.0,0.0,1.0,0.0,0.0,1.0,1.0,1.0,0.0,0.0,0.0,0.0,0.0,0.0,1.0,0.0,0.0,0.0
synthext0141aaaaaaaaaaaaaaaaaaaaaa:1.0.3->1.0.4,synthext0141aaaaaaaaaaaaaaaaaaaaaa,Notes Tool 141,notes,2026-10-03,synthetic,benign,,False,0.76,3.0,2.0,2.0,3.0,2.0,272.0,175.0,0.0,0.0,-1.0,0.0,0.0,2.0,0.0,0.0,0.0,2.0,0.0,0.0,0.0,0.0,0.0,0.0,0.0,2.0,1.0,0.0,0.0,0.0
synthext0142aaaaaaaaaaaaaaaaaaaaaa:1.6.0->1.6.1,synthext0142aaaaaaaaaaaaaaaaaaaaaa,Dictionary Tool 142,dictionary,2026-08-31,synthetic,benign,,False,0.0,3.0,0.0,0.0,3.0,0.0,0.0,0.0,0.0,0.0,-1.0,0.0,0.0,0.0,0.0,0.0,0.0,2.0,0.0,0.0,1.0,0.0,0.0,0.0,0.0,2.0,0.0,0.0,0.0,0.0
synthext0142aaaaaaaaaaaaaaaaaaaaaa:1.6.1->1.6.2,synthext0142aaaaaaaaaaaaaaaaaaaaaa,Dictionary Tool 142,dictionary,2026-11-19,synthetic,benign,,False,0.0,0.0,0.0,0.0,0.0,0.0,0.0,0.0,0.0,0.0,-2.0,0.0,0.0,-1.0,0.0,0.0,0.0,0.0,0.0,0.0,0.0,0.0,0.0,0.0,0.0,0.0,0.0,0.0,0.0,0.0
synthext0142aaaaaaaaaaaaaaaaaaaaaa:1.6.2->1.6.3,synthext0142aaaaaaaaaaaaaaaaaaaaaa,Dictionary Tool 142,dictionary,2026-06-18,synthetic,malicious,sw_beacon,True,0.883,2.0,1.0,1.0,2.0,1.0,304.0,304.0,0.0,1.0,0.0,0.0,0.0,1.0,1.0,0.0,0.0,1.0,1.0,1.0,1.0,0.0,0.0,0.0,0.0,0.0,1.0,0.0,0.0,0.0
synthext0142aaaaaaaaaaaaaaaaaaaaaa:1.6.3->1.6.4,synthext0142aaaaaaaaaaaaaaaaaaaaaa,Dictionary Tool 142,dictionary,2026-01-02,synthetic,benign,,False,0.25,1.0,1.0,1.0,1.0,0.0,0.0,0.0,0.0,0.0,0.0,0.0,0.0,3.0,0.0,0.0,0.0,-1.0,0.0,0.0,0.0,0.0,0.0,0.0,0.0,-1.0,0.0,0.0,0.0,0.0
synthext0143aaaaaaaaaaaaaaaaaaaaaa:1.4.0->1.4.1,synthext0143aaaaaaaaaaaaaaaaaaaaaa,Videohelper Tool 143,videohelper,2026-02-02,synthetic,benign,,False,0.68,4.0,2.0,2.0,4.0,2.0,212.0,108.0,0.0,0.0,-3.0,0.0,0.0,0.0,0.0,0.0,0.0,0.0,0.0,0.0,0.0,0.0,0.0,0.0,0.0,0.0,2.0,0.0,0.0,0.0
synthext0143aaaaaaaaaaaaaaaaaaaaaa:1.4.1->1.4.2,synthext0143aaaaaaaaaaaaaaaaaaaaaa,Videohelper Tool 143,videohelper,2026-08-13,synthetic,malicious,sw_beacon,True,0.844,0.0,1.0,1.0,0.0,1.0,485.0,485.0,0.0,1.0,1.0,0.0,0.0,0.0,1.0,0.0,0.0,1.0,1.0,1.0,0.0,0.0,0.0,0.0,0.0,0.0,1.0,0.0,0.0,0.0
synthext0143aaaaaaaaaaaaaaaaaaaaaa:1.4.2->1.4.3,synthext0143aaaaaaaaaaaaaaaaaaaaaa,Videohelper Tool 143,videohelper,2026-05-27,synthetic,benign,,False,0.0,2.0,1.0,1.0,2.0,0.0,0.0,0.0,0.0,0.0,-2.0,0.0,0.0,-1.0,0.0,0.0,0.0,0.0,0.0,0.0,0.0,0.0,0.0,0.0,0.0,0.0,0.0,0.0,0.0,0.0
synthext0143aaaaaaaaaaaaaaaaaaaaaa:1.4.3->1.4.4,synthext0143aaaaaaaaaaaaaaaaaaaaaa,Videohelper Tool 143,videohelper,2026-01-30,synthetic,malicious,clipboard_steal,True,0.68,2.0,2.0,2.0,2.0,2.0,174.0,110.0,0.0,0.0,2.0,0.0,0.0,0.0,0.0,0.0,0.0,1.0,0.0,0.0,0.0,0.0,0.0,0.0,0.0,1.0,1.0,0.0,0.0,0.0
synthext0144aaaaaaaaaaaaaaaaaaaaaa:1.4.0->1.4.1,synthext0144aaaaaaaaaaaaaaaaaaaaaa,Reader Tool 144,reader,2026-02-09,synthetic,malicious,ad_affiliate,True,0.25,2.0,1.0,1.0,2.0,0.0,0.0,0.0,0.0,0.0,1.0,0.0,0.0,5.0,0.0,0.0,0.0,2.0,0.0,0.0,0.0,0.0,0.0,0.0,0.0,2.0,0.0,0.0,0.0,0.0
synthext0144aaaaaaaaaaaaaaaaaaaaaa:1.4.1->1.4.2,synthext0144aaaaaaaaaaaaaaaaaaaaaa,Reader Tool 144,reader,2026-03-23,synthetic,benign,,False,0.25,3.0,1.0,1.0,3.0,0.0,0.0,0.0,0.0,0.0,2.0,0.0,0.0,1.0,0.0,0.0,0.0,2.0,0.0,0.0,0.0,0.0,0.0,0.0,0.0,2.0,0.0,0.0,0.0,0.0
synthext0144aaaaaaaaaaaaaaaaaaaaaa:1.4.2->1.4.3,synthext0144aaaaaaaaaaaaaaaaaaaaaa,Reader Tool 144,reader,2026-02-12,synthetic,benign,,False,0.76,1.0,1.0,1.0,1.0,1.0,97.0,97.0,0.0,0.0,2.0,0.0,0.0,-1.0,0.0,0.0,0.0,0.0,0.0,0.0,1.0,1.0,0.0,0.0,0.0,0.0,1.0,1.0,0.0,0.0
synthext0144aaaaaaaaaaaaaaaaaaaaaa:1.4.3->1.4.4,synthext0144aaaaaaaaaaaaaaaaaaaaaa,Reader Tool 144,reader,2026-06-01,synthetic,malicious,history_exfil,True,0.883,0.0,1.0,1.0,0.0,1.0,212.0,212.0,0.0,1.0,3.0,0.0,0.0,2.0,0.0,0.0,0.0,1.0,1.0,1.0,0.0,0.0,0.0,0.0,0.0,0.0,1.0,0.0,0.0,0.0
synthext0145aaaaaaaaaaaaaaaaaaaaaa:1.5.0->1.5.1,synthext0145aaaaaaaaaaaaaaaaaaaaaa,Shopper Tool 145,shopper,2026-10-02,synthetic,benign,,False,0.0,1.0,1.0,1.0,1.0,0.0,0.0,0.0,0.0,0.0,1.0,0.0,0.0,0.0,0.0,0.0,0.0,0.0,0.0,0.0,0.0,0.0,0.0,0.0,0.0,0.0,0.0,0.0,0.0,0.0
synthext0145aaaaaaaaaaaaaaaaaaaaaa:1.5.1->1.5.2,synthext0145aaaaaaaaaaaaaaaaaaaaaa,Shopper Tool 145,shopper,2026-11-20,synthetic,benign,,False,0.6,3.0,1.0,1.0,3.0,1.0,157.0,157.0,0.0,0.0,0.0,0.0,0.0,-1.0,0.0,0.0,0.0,3.0,0.0,0.0,0.0,0.0,0.0,0.0,0.0,3.0,1.0,0.0,0.0,0.0
synthext0145aaaaaaaaaaaaaaaaaaaaaa:1.5.2->1.5.3,synthext0145aaaaaaaaaaaaaaaaaaaaaa,Shopper Tool 145,shopper,2026-01-14,synthetic,benign,,False,0.7,2.0,1.0,1.0,2.0,1.0,77.0,77.0,0.0,0.0,-1.0,0.0,0.0,3.0,0.0,0.0,0.0,-2.0,0.0,0.0,0.0,0.0,0.0,0.0,0.0,-2.0,1.0,0.0,0.0,0.0
synthext0145aaaaaaaaaaaaaaaaaaaaaa:1.5.3->1.5.4,synthext0145aaaaaaaaaaaaaaaaaaaaaa,Shopper Tool 145,shopper,2026-06-30,synthetic,benign,,False,0.0,1.0,0.0,0.0,1.0,0.0,0.0,0.0,0.0,0.0,1.0,0.0,0.0,0.0,0.0,0.0,0.0,0.0,0.0,0.0,0.0,0.0,0.0,0.0,0.0,0.0,0.0,0.0,0.0,0.0
synthext0146aaaaaaaaaaaaaaaaaaaaaa:1.5.0->1.5.1,synthext0146aaaaaaaaaaaaaaaaaaaaaa,Contacts Tool 146,contacts,2026-07-23,synthetic,benign,,False,0.25,0.0,0.0,0.0,0.0,0.0,0.0,0.0,0.0,0.0,-3.0,0.0,-1.0,3.0,0.0,0.0,0.0,-1.0,0.0,0.0,1.0,0.0,0.0,0.0,0.0,-1.0,0.0,0.0,0.0,0.0
synthext0146aaaaaaaaaaaaaaaaaaaaaa:1.5.1->1.5.2,synthext0146aaaaaaaaaaaaaaaaaaaaaa,Contacts Tool 146,contacts,2026-02-02,synthetic,benign,,False,0.0,0.0,0.0,0.0,0.0,0.0,0.0,0.0,0.0,0.0,0.0,0.0,0.0,0.0,0.0,0.0,0.0,1.0,0.0,0.0,0.0,0.0,0.0,0.0,0.0,1.0,0.0,0.0,0.0,0.0
synthext0146aaaaaaaaaaaaaaaaaaaaaa:1.5.2->1.5.3,synthext0146aaaaaaaaaaaaaaaaaaaaaa,Contacts Tool 146,contacts,2026-07-13,synthetic,benign,,False,0.76,4.0,1.0,1.0,4.0,1.0,84.0,84.0,0.0,0.0,1.0,0.0,-1.0,-1.0,0.0,0.0,0.0,0.0,0.0,0.0,1.0,1.0,0.0,0.0,0.0,0.0,1.0,1.0,0.0,0.0
synthext0146aaaaaaaaaaaaaaaaaaaaaa:1.5.3->1.5.4,synthext0146aaaaaaaaaaaaaaaaaaaaaa,Contacts Tool 146,contacts,2026-05-27,synthetic,malicious,ad_affiliate,True,0.76,2.0,2.0,2.0,2.0,1.0,164.0,164.0,0.0,0.0,2.0,0.0,0.0,1.0,0.0,0.0,0.0,0.0,0.0,0.0,0.0,0.0,0.0,0.0,0.0,0.0,1.0,0.0,0.0,0.0
synthext0147aaaaaaaaaaaaaaaaaaaaaa:1.5.0->1.5.1,synthext0147aaaaaaaaaaaaaaaaaaaaaa,Passmgr Tool 147,passmgr,2026-06-12,synthetic,malicious,keylogger,True,0.92,1.0,2.0,2.0,1.0,2.0,205.0,126.0,0.0,0.0,7.0,0.0,0.0,0.0,0.0,0.0,0.0,2.0,0.0,0.0,0.0,0.0,0.0,2.0,2.0,2.0,1.0,0.0,0.0,0.0
synthext0147aaaaaaaaaaaaaaaaaaaaaa:1.5.1->1.5.2,synthext0147aaaaaaaaaaaaaaaaaaaaaa,Passmgr Tool 147,passmgr,2026-11-13,synthetic,benign,,False,0.0,2.0,0.0,0.0,2.0,0.0,0.0,0.0,0.0,0.0,2.0,0.0,0.0,0.0,0.0,0.0,0.0,1.0,0.0,0.0,0.0,0.0,0.0,0.0,0.0,1.0,0.0,0.0,0.0,0.0
synthext0147aaaaaaaaaaaaaaaaaaaaaa:1.5.2->1.5.3,synthext0147aaaaaaaaaaaaaaaaaaaaaa,Passmgr Tool 147,passmgr,2026-03-14,synthetic,benign,,False,0.0,-1.0,0.0,0.0,-1.0,0.0,0.0,0.0,0.0,0.0,-2.0,0.0,0.0,0.0,0.0,0.0,0.0,0.0,0.0,0.0,0.0,0.0,0.0,0.0,0.0,0.0,0.0,0.0,0.0,0.0
synthext0147aaaaaaaaaaaaaaaaaaaaaa:1.5.3->1.5.4,synthext0147aaaaaaaaaaaaaaaaaaaaaa,Passmgr Tool 147,passmgr,2026-07-28,synthetic,malicious,ad_affiliate,True,0.4,1.0,2.0,2.0,1.0,0.0,0.0,0.0,0.0,0.0,2.0,0.0,0.0,2.0,0.0,0.0,0.0,2.0,0.0,0.0,0.0,0.0,0.0,0.0,0.0,2.0,0.0,0.0,0.0,0.0
synthext0148aaaaaaaaaaaaaaaaaaaaaa:1.3.0->1.3.1,synthext0148aaaaaaaaaaaaaaaaaaaaaa,Weather Tool 148,weather,2026-07-31,synthetic,benign,,False,0.0,2.0,0.0,0.0,2.0,0.0,0.0,0.0,0.0,0.0,-1.0,0.0,0.0,0.0,0.0,0.0,0.0,0.0,0.0,0.0,0.0,0.0,0.0,0.0,0.0,0.0,0.0,0.0,0.0,0.0
synthext0148aaaaaaaaaaaaaaaaaaaaaa:1.3.1->1.3.2,synthext0148aaaaaaaaaaaaaaaaaaaaaa,Weather Tool 148,weather,2026-09-03,synthetic,malicious,credential_theft,False,0.9625,1.0,1.0,1.0,1.0,1.0,731.0,731.0,0.0,0.0,1.0,1.0,1.0,1.0,0.0,0.0,0.0,2.0,0.0,0.0,0.0,0.0,0.0,1.0,1.0,2.0,0.0,0.0,0.0,0.0
synthext0148aaaaaaaaaaaaaaaaaaaaaa:1.3.2->1.3.3,synthext0148aaaaaaaaaaaaaaaaaaaaaa,Weather Tool 148,weather,2026-06-27,synthetic,benign,,False,0.25,1.0,0.0,0.0,1.0,0.0,0.0,0.0,0.0,0.0,0.0,0.0,0.0,1.0,0.0,0.0,0.0,-1.0,0.0,0.0,0.0,0.0,0.0,0.0,0.0,-1.0,0.0,0.0,0.0,0.0
synthext0148aaaaaaaaaaaaaaaaaaaaaa:1.3.3->1.3.4,synthext0148aaaaaaaaaaaaaaaaaaaaaa,Weather Tool 148,weather,2026-06-17,synthetic,malicious,keylogger,True,0.6,2.0,1.0,1.0,2.0,1.0,212.0,212.0,0.0,0.0,8.0,0.0,0.0,-1.0,0.0,0.0,0.0,5.0,0.0,0.0,0.0,0.0,0.0,0.0,0.0,5.0,1.0,0.0,0.0,0.0
synthext0149aaaaaaaaaaaaaaaaaaaaaa:1.5.0->1.5.1,synthext0149aaaaaaaaaaaaaaaaaaaaaa,Translate Tool 149,translate,2026-05-23,synthetic,malicious,sw_beacon,True,0.8752,3.0,3.0,3.0,3.0,2.0,107.0,63.0,0.0,1.0,-1.0,0.0,0.0,0.0,1.0,0.0,0.0,-1.0,1.0,1.0,1.0,0.0,0.0,0.0,0.0,-2.0,1.0,0.0,0.0,0.0
synthext0149aaaaaaaaaaaaaaaaaaaaaa:1.5.1->1.5.2,synthext0149aaaaaaaaaaaaaaaaaaaaaa,Translate Tool 149,translate,2026-05-16,synthetic,malicious,cookie_theft,True,0.9963,1.0,1.0,1.0,1.0,1.0,2587.0,2587.0,0.0,1.0,0.0,1.0,0.0,-1.0,1.0,1.0,1.0,0.0,1.0,1.0,1.0,1.0,0.0,1.0,1.0,-1.0,0.0,1.0,0.0,0.0
synthext0149aaaaaaaaaaaaaaaaaaaaaa:1.5.2->1.5.3,synthext0149aaaaaaaaaaaaaaaaaaaaaa,Translate Tool 149,translate,2026-08-26,synthetic,malicious,credential_theft,True,0.96,2.0,2.0,2.0,2.0,2.0,831.0,724.0,0.0,0.0,0.0,1.0,1.0,0.0,0.0,0.0,0.0,0.0,0.0,0.0,0.0,0.0,0.0,1.0,1.0,0.0,2.0,0.0,0.0,0.0
synthext0149aaaaaaaaaaaaaaaaaaaaaa:1.5.3->1.5.4,synthext0149aaaaaaaaaaaaaaaaaaaaaa,Translate Tool 149,translate,2026-07-03,synthetic,malicious,credential_theft,True,0.95,1.0,1.0,1.0,1.0,1.0,107.0,107.0,0.0,0.0,4.0,1.0,1.0,0.0,0.0,0.0,0.0,0.0,0.0,0.0,0.0,0.0,0.0,1.0,1.0,0.0,0.0,0.0,0.0,0.0
synthext0150aaaaaaaaaaaaaaaaaaaaaa:1.4.0->1.4.1,synthext0150aaaaaaaaaaaaaaaaaaaaaa,Adblocker Tool 150,adblocker,2026-11-26,synthetic,benign,,False,0.25,1.0,1.0,1.0,1.0,0.0,0.0,0.0,0.0,0.0,-1.0,0.0,0.0,3.0,0.0,0.0,0.0,0.0,0.0,0.0,1.0,0.0,0.0,0.0,0.0,0.0,0.0,0.0,0.0,0.0
synthext0150aaaaaaaaaaaaaaaaaaaaaa:1.4.1->1.4.2,synthext0150aaaaaaaaaaaaaaaaaaaaaa,Adblocker Tool 150,adblocker,2026-11-16,synthetic,benign,,False,0.25,1.0,0.0,0.0,1.0,0.0,0.0,0.0,0.0,0.0,0.0,0.0,0.0,1.0,0.0,0.0,0.0,0.0,0.0,0.0,1.0,0.0,0.0,0.0,0.0,0.0,0.0,0.0,0.0,0.0
synthext0150aaaaaaaaaaaaaaaaaaaaaa:1.4.2->1.4.3,synthext0150aaaaaaaaaaaaaaaaaaaaaa,Adblocker Tool 150,adblocker,2026-11-16,synthetic,malicious,clipboard_steal,False,0.68,3.0,2.0,2.0,3.0,2.0,380.0,275.0,0.0,0.0,-1.0,0.0,0.0,-1.0,0.0,0.0,0.0,2.0,0.0,0.0,0.0,0.0,0.0,0.0,0.0,2.0,2.0,0.0,0.0,0.0
synthext0150aaaaaaaaaaaaaaaaaaaaaa:1.4.3->1.4.4,synthext0150aaaaaaaaaaaaaaaaaaaaaa,Adblocker Tool 150,adblocker,2026-08-21,synthetic,benign,,False,0.6,1.0,1.0,1.0,1.0,1.0,143.0,143.0,0.0,0.0,-1.0,0.0,0.0,0.0,0.0,0.0,0.0,0.0,0.0,0.0,0.0,0.0,0.0,0.0,0.0,0.0,0.0,0.0,0.0,0.0
synthext0151aaaaaaaaaaaaaaaaaaaaaa:1.0.0->1.0.1,synthext0151aaaaaaaaaaaaaaaaaaaaaa,Coupon Tool 151,coupon,2026-08-04,synthetic,benign,,False,0.0,2.0,0.0,0.0,2.0,0.0,0.0,0.0,0.0,0.0,1.0,0.0,0.0,-1.0,0.0,0.0,0.0,0.0,0.0,0.0,0.0,0.0,0.0,0.0,0.0,0.0,0.0,0.0,0.0,0.0
synthext0151aaaaaaaaaaaaaaaaaaaaaa:1.0.1->1.0.2,synthext0151aaaaaaaaaaaaaaaaaaaaaa,Coupon Tool 151,coupon,2026-06-17,synthetic,malicious,keylogger,True,0.68,3.0,2.0,2.0,3.0,2.0,296.0,227.0,0.0,0.0,6.0,0.0,0.0,-1.0,0.0,0.0,0.0,5.0,0.0,0.0,1.0,0.0,0.0,0.0,0.0,5.0,1.0,0.0,0.0,0.0
synthext0151aaaaaaaaaaaaaaaaaaaaaa:1.0.2->1.0.3,synthext0151aaaaaaaaaaaaaaaaaaaaaa,Coupon Tool 151,coupon,2026-02-16,synthetic,malicious,keylogger,False,0.6,2.0,1.0,1.0,2.0,1.0,150.0,150.0,0.0,0.0,7.0,0.0,0.0,-1.0,0.0,0.0,0.0,0.0,0.0,0.0,0.0,0.0,0.0,0.0,0.0,0.0,1.0,0.0,0.0,0.0
synthext0151aaaaaaaaaaaaaaaaaaaaaa:1.0.3->1.0.4,synthext0151aaaaaaaaaaaaaaaaaaaaaa,Coupon Tool 151,coupon,2026-04-14,synthetic,benign,,False,0.0,1.0,1.0,1.0,1.0,0.0,0.0,0.0,0.0,0.0,2.0,0.0,0.0,-1.0,0.0,0.0,0.0,2.0,0.0,0.0,0.0,0.0,0.0,0.0,0.0,2.0,0.0,0.0,0.0,0.0
synthext0152aaaaaaaaaaaaaaaaaaaaaa:1.5.0->1.5.1,synthext0152aaaaaaaaaaaaaaaaaaaaaa,Screenshot Tool 152,screenshot,2026-10-12,synthetic,benign,,False,0.25,2.0,0.0,0.0,2.0,0.0,0.0,0.0,0.0,0.0,1.0,0.0,0.0,3.0,0.0,0.0,0.0,0.0,0.0,0.0,0.0,0.0,0.0,0.0,0.0,0.0,0.0,0.0,0.0,0.0
synthext0152aaaaaaaaaaaaaaaaaaaaaa:1.5.1->1.5.2,synthext0152aaaaaaaaaaaaaaaaaaaaaa,Screenshot Tool 152,screenshot,2026-11-01,synthetic,malicious,redirect_hijack,True,0.8752,5.0,2.0,2.0,5.0,1.0,154.0,154.0,0.0,0.0,0.0,0.0,0.0,-1.0,0.0,0.0,0.0,4.0,1.0,1.0,1.0,1.0,0.0,0.0,0.0,3.0,1.0,1.0,0.0,0.0
synthext0152aaaaaaaaaaaaaaaaaaaaaa:1.5.2->1.5.3,synthext0152aaaaaaaaaaaaaaaaaaaaaa,Screenshot Tool 152,screenshot,2026-03-17,synthetic,malicious,keylogger,False,0.76,3.0,3.0,3.0,3.0,2.0,317.0,265.0,0.0,0.0,6.0,0.0,0.0,2.0,0.0,0.0,0.0,3.0,0.0,0.0,0.0,0.0,0.0,0.0,0.0,3.0,1.0,0.0,0.0,0.0
synthext0152aaaaaaaaaaaaaaaaaaaaaa:1.5.3->1.5.4,synthext0152aaaaaaaaaaaaaaaaaaaaaa,Screenshot Tool 152,screenshot,2026-03-19,synthetic,malicious,clipboard_steal,True,0.6,1.0,1.0,1.0,1.0,1.0,383.0,383.0,0.0,0.0,2.0,0.0,0.0,-1.0,0.0,0.0,0.0,2.0,0.0,0.0,0.0,0.0,0.0,0.0,0.0,2.0,1.0,0.0,0.0,0.0
synthext0153aaaaaaaaaaaaaaaaaaaaaa:1.2.0->1.2.1,synthext0153aaaaaaaaaaaaaaaaaaaaaa,Notes Tool 153,notes,2026-08-12,synthetic,malicious,redirect_hijack,True,0.61,2.0,1.0,1.0,2.0,0.0,0.0,0.0,0.0,0.0,-2.0,0.0,0.0,-1.0,0.0,0.0,0.0,-1.0,1.0,1.0,1.0,1.0,0.0,0.0,0.0,-2.0,0.0,1.0,0.0,0.0
synthext0153aaaaaaaaaaaaaaaaaaaaaa:1.2.1->1.2.2,synthext0153aaaaaaaaaaaaaaaaaaaaaa,Notes Tool 153,notes,2026-01-06,synthetic,benign,,False,0.0,0.0,0.0,0.0,0.0,0.0,0.0,0.0,0.0,0.0,0.0,0.0,0.0,-1.0,0.0,0.0,0.0,0.0,0.0,0.0,0.0,0.0,0.0,0.0,0.0,0.0,0.0,0.0,0.0,0.0
synthext0153aaaaaaaaaaaaaaaaaaaaaa:1.2.2->1.2.3,synthext0153aaaaaaaaaaaaaaaaaaaaaa,Notes Tool 153,notes,2026-03-25,synthetic,benign,,False,0.6,1.0,1.0,1.0,1.0,1.0,44.0,44.0,0.0,0.0,2.0,0.0,0.0,0.0,0.0,0.0,0.0,-2.0,0.0,0.0,0.0,0.0,0.0,0.0,0.0,-2.0,1.0,0.0,0.0,0.0
synthext0153aaaaaaaaaaaaaaaaaaaaaa:1.2.3->1.2.4,synthext0153aaaaaaaaaaaaaaaaaaaaaa,Notes Tool 153,notes,2026-01-24,synthetic,benign,,False,0.0,2.0,0.0,0.0,2.0,0.0,0.0,0.0,0.0,0.0,-1.0,0.0,0.0,0.0,0.0,0.0,0.0,2.0,0.0,0.0,0.0,0.0,0.0,0.0,0.0,2.0,0.0,0.0,0.0,0.0
synthext0154aaaaaaaaaaaaaaaaaaaaaa:1.6.0->1.6.1,synthext0154aaaaaaaaaaaaaaaaaaaaaa,Dictionary Tool 154,dictionary,2026-09-05,synthetic,benign,,False,0.25,0.0,0.0,0.0,0.0,0.0,0.0,0.0,0.0,0.0,1.0,0.0,0.0,2.0,0.0,0.0,0.0,2.0,0.0,0.0,0.0,0.0,0.0,0.0,0.0,2.0,0.0,0.0,0.0,0.0
synthext0154aaaaaaaaaaaaaaaaaaaaaa:1.6.1->1.6.2,synthext0154aaaaaaaaaaaaaaaaaaaaaa,Dictionary Tool 154,dictionary,2026-03-30,synthetic,benign,,False,0.6,1.0,1.0,1.0,1.0,1.0,211.0,211.0,0.0,0.0,2.0,0.0,0.0,0.0,0.0,0.0,0.0,2.0,0.0,0.0,0.0,0.0,0.0,0.0,0.0,2.0,0.0,0.0,0.0,0.0
synthext0154aaaaaaaaaaaaaaaaaaaaaa:1.6.2->1.6.3,synthext0154aaaaaaaaaaaaaaaaaaaaaa,Dictionary Tool 154,dictionary,2026-04-12,synthetic,malicious,cookie_theft,True,0.9963,2.0,1.0,1.0,2.0,1.0,2024.0,2024.0,0.0,1.0,3.0,1.0,0.0,-1.0,1.0,1.0,1.0,3.0,1.0,1.0,1.0,1.0,0.0,1.0,1.0,2.0,1.0,1.0,0.0,0.0
synthext0154aaaaaaaaaaaaaaaaaaaaaa:1.6.3->1.6.4,synthext0154aaaaaaaaaaaaaaaaaaaaaa,Dictionary Tool 154,dictionary,2026-08-08,synthetic,benign,,False,0.25,0.0,0.0,0.0,0.0,0.0,0.0,0.0,0.0,0.0,-2.0,0.0,0.0,1.0,0.0,0.0,0.0,1.0,0.0,0.0,0.0,0.0,0.0,0.0,0.0,1.0,0.0,0.0,0.0,0.0
synthext0155aaaaaaaaaaaaaaaaaaaaaa:1.4.0->1.4.1,synthext0155aaaaaaaaaaaaaaaaaaaaaa,Videohelper Tool 155,videohelper,2026-11-21,synthetic,benign,,False,0.6,2.0,1.0,1.0,2.0,1.0,75.0,75.0,0.0,0.0,1.0,0.0,0.0,-1.0,0.0,0.0,0.0,-2.0,0.0,0.0,0.0,0.0,0.0,0.0,0.0,-2.0,1.0,0.0,0.0,0.0
synthext0155aaaaaaaaaaaaaaaaaaaaaa:1.4.1->1.4.2,synthext0155aaaaaaaaaaaaaaaaaaaaaa,Videohelper Tool 155,videohelper,2026-06-01,synthetic,malicious,redirect_hijack,True,0.792,5.0,2.0,2.0,5.0,1.0,221.0,221.0,0.0,0.0,0.0,0.0,0.0,0.0,0.0,0.0,0.0,3.0,1.0,1.0,0.0,0.0,0.0,0.0,0.0,2.0,0.0,0.0,0.0,0.0
synthext0155aaaaaaaaaaaaaaaaaaaaaa:1.4.2->1.4.3,synthext0155aaaaaaaaaaaaaaaaaaaaaa,Videohelper Tool 155,videohelper,2026-09-05,synthetic,benign,,False,0.25,1.0,0.0,0.0,1.0,0.0,0.0,0.0,0.0,0.0,1.0,0.0,0.0,1.0,0.0,0.0,0.0,2.0,0.0,0.0,0.0,0.0,0.0,0.0,0.0,2.0,0.0,0.0,0.0,0.0
synthext0155aaaaaaaaaaaaaaaaaaaaaa:1.4.3->1.4.4,synthext0155aaaaaaaaaaaaaaaaaaaaaa,Videohelper Tool 155,videohelper,2026-01-20,synthetic,benign,,False,0.6,0.0,1.0,1.0,0.0,1.0,152.0,152.0,0.0,0.0,-1.0,0.0,0.0,0.0,0.0,0.0,0.0,2.0,0.0,0.0,0.0,0.0,0.0,0.0,0.0,2.0,0.0,0.0,0.0,0.0
synthext0156aaaaaaaaaaaaaaaaaaaaaa:1.2.0->1.2.1,synthext0156aaaaaaaaaaaaaaaaaaaaaa,Reader Tool 156,reader,2026-05-31,synthetic,benign,,False,0.25,1.0,0.0,0.0,1.0,0.0,0.0,0.0,0.0,0.0,0.0,0.0,0.0,1.0,0.0,0.0,0.0,0.0,0.0,0.0,1.0,0.0,0.0,0.0,0.0,0.0,0.0,0.0,0.0,0.0
synthext0156aaaaaaaaaaaaaaaaaaaaaa:1.2.1->1.2.2,synthext0156aaaaaaaaaaaaaaaaaaaaaa,Reader Tool 156,reader,2026-01-01,synthetic,malicious,ad_affiliate,False,0.25,0.0,1.0,1.0,0.0,0.0,0.0,0.0,0.0,0.0,1.0,0.0,0.0,2.0,0.0,0.0,0.0,-2.0,0.0,0.0,0.0,0.0,0.0,0.0,0.0,-2.0,0.0,0.0,0.0,0.0
synthext0156aaaaaaaaaaaaaaaaaaaaaa:1.2.2->1.2.3,synthext0156aaaaaaaaaaaaaaaaaaaaaa,Reader Tool 156,reader,2026-10-15,synthetic,malicious,form_jacking,True,0.9625,0.0,1.0,1.0,0.0,1.0,655.0,655.0,0.0,0.0,2.0,1.0,0.0,1.0,0.0,0.0,0.0,-2.0,0.0,0.0,0.0,0.0,0.0,1.0,1.0,-2.0,1.0,0.0,0.0,0.0
synthext0156aaaaaaaaaaaaaaaaaaaaaa:1.2.3->1.2.4,synthext0156aaaaaaaaaaaaaaaaaaaaaa,Reader Tool 156,reader,2026-09-14,synthetic,benign,,False,0.6,3.0,1.0,1.0,3.0,1.0,180.0,180.0,0.0,0.0,-2.0,0.0,0.0,-1.0,0.0,0.0,0.0,2.0,0.0,0.0,0.0,0.0,0.0,0.0,0.0,2.0,0.0,0.0,0.0,0.0
synthext0157aaaaaaaaaaaaaaaaaaaaaa:1.4.0->1.4.1,synthext0157aaaaaaaaaaaaaaaaaaaaaa,Shopper Tool 157,shopper,2026-03-18,synthetic,malicious,credential_theft,True,0.95,1.0,1.0,1.0,1.0,1.0,244.0,244.0,0.0,0.0,5.0,1.0,1.0,-1.0,0.0,0.0,0.0,2.0,0.0,0.0,0.0,0.0,0.0,1.0,1.0,2.0,0.0,0.0,0.0,0.0
synthext0157aaaaaaaaaaaaaaaaaaaaaa:1.4.1->1.4.2,synthext0157aaaaaaaaaaaaaaaaaaaaaa,Shopper Tool 157,shopper,2026-07-08,synthetic,malicious,cookie_theft,False,0.9912,2.0,1.0,1.0,2.0,1.0,271.0,271.0,0.0,1.0,4.0,1.0,0.0,0.0,1.0,1.0,1.0,1.0,1.0,1.0,0.0,0.0,0.0,1.0,1.0,0.0,1.0,0.0,0.0,0.0
synthext0157aaaaaaaaaaaaaaaaaaaaaa:1.4.2->1.4.3,synthext0157aaaaaaaaaaaaaaaaaaaaaa,Shopper Tool 157,shopper,2026-07-14,synthetic,benign,,False,0.25,-1.0,0.0,0.0,-1.0,0.0,0.0,0.0,0.0,0.0,-2.0,0.0,0.0,2.0,0.0,0.0,0.0,0.0,0.0,0.0,0.0,0.0,0.0,0.0,0.0,0.0,0.0,0.0,0.0,0.0
synthext0157aaaaaaaaaaaaaaaaaaaaaa:1.4.3->1.4.4,synthext0157aaaaaaaaaaaaaaaaaaaaaa,Shopper Tool 157,shopper,2026-06-27,synthetic,malicious,cookie_theft,True,0.9978,1.0,2.0,2.0,1.0,2.0,2040.0,1893.0,0.0,1.0,-2.0,1.0,0.0,1.0,1.0,1.0,1.0,-1.0,1.0,1.0,2.0,1.0,0.0,1.0,1.0,-2.0,1.0,1.0,0.0,0.0
synthext0158aaaaaaaaaaaaaaaaaaaaaa:1.0.0->1.0.1,synthext0158aaaaaaaaaaaaaaaaaaaaaa,Contacts Tool 158,contacts,2026-09-14,synthetic,malicious,credential_theft,True,0.9625,1.0,1.0,1.0,1.0,1.0,847.0,847.0,0.0,0.0,1.0,1.0,0.0,1.0,0.0,0.0,0.0,-2.0,0.0,0.0,0.0,0.0,0.0,1.0,1.0,-2.0,1.0,0.0,0.0,0.0
synthext0158aaaaaaaaaaaaaaaaaaaaaa:1.0.1->1.0.2,synthext0158aaaaaaaaaaaaaaaaaaaaaa,Contacts Tool 158,contacts,2026-08-13,synthetic,benign,,False,0.0,1.0,0.0,0.0,1.0,0.0,0.0,0.0,0.0,0.0,3.0,0.0,1.0,0.0,0.0,0.0,0.0,2.0,0.0,0.0,0.0,0.0,0.0,0.0,0.0,2.0,0.0,0.0,0.0,0.0
synthext0158aaaaaaaaaaaaaaaaaaaaaa:1.0.2->1.0.3,synthext0158aaaaaaaaaaaaaaaaaaaaaa,Contacts Tool 158,contacts,2026-10-09,synthetic,benign,,False,0.0,1.0,0.0,0.0,1.0,0.0,0.0,0.0,0.0,0.0,0.0,0.0,0.0,0.0,0.0,0.0,0.0,0.0,0.0,0.0,0.0,0.0,0.0,0.0,0.0,0.0,0.0,0.0,0.0,0.0
synthext0158aaaaaaaaaaaaaaaaaaaaaa:1.0.3->1.0.4,synthext0158aaaaaaaaaaaaaaaaaaaaaa,Contacts Tool 158,contacts,2026-06-12,synthetic,benign,,False,0.68,1.0,2.0,2.0,1.0,2.0,221.0,115.0,0.0,0.0,3.0,0.0,1.0,-1.0,0.0,0.0,0.0,0.0,0.0,0.0,0.0,0.0,0.0,0.0,0.0,0.0,1.0,0.0,0.0,0.0
synthext0159aaaaaaaaaaaaaaaaaaaaaa:1.2.0->1.2.1,synthext0159aaaaaaaaaaaaaaaaaaaaaa,Passmgr Tool 159,passmgr,2026-04-11,synthetic,malicious,clipboard_steal,True,0.925,1.0,1.0,1.0,1.0,1.0,107.0,107.0,0.0,0.0,2.0,0.0,0.0,1.0,0.0,0.0,0.0,3.0,0.0,0.0,0.0,0.0,0.0,1.0,1.0,3.0,0.0,0.0,0.0,0.0
synthext0159aaaaaaaaaaaaaaaaaaaaaa:1.2.1->1.2.2,synthext0159aaaaaaaaaaaaaaaaaaaaaa,Passmgr Tool 159,passmgr,2026-06-13,synthetic,malicious,cookie_theft,True,0.9963,0.0,1.0,1.0,0.0,1.0,2337.0,2337.0,0.0,1.0,-1.0,1.0,0.0,0.0,1.0,1.0,1.0,4.0,1.0,1.0,1.0,1.0,0.0,1.0,1.0,3.0,0.0,1.0,0.0,0.0
synthext0159aaaaaaaaaaaaaaaaaaaaaa:1.2.2->1.2.3,synthext0159aaaaaaaaaaaaaaaaaaaaaa,Passmgr Tool 159,passmgr,2026-02-08,synthetic,malicious,cookie_theft,False,0.9972,1.0,1.0,1.0,1.0,1.0,2434.0,2434.0,0.0,1.0,1.0,1.0,0.0,1.0,1.0,1.0,1.0,-1.0,1.0,1.0,1.0,1.0,0.0,1.0,1.0,-2.0,1.0,1.0,0.0,0.0
synthext0159aaaaaaaaaaaaaaaaaaaaaa:1.2.3->1.2.4,synthext0159aaaaaaaaaaaaaaaaaaaaaa,Passmgr Tool 159,passmgr,2026-01-07,synthetic,malicious,clipboard_steal,False,0.9,1.0,1.0,1.0,1.0,1.0,359.0,359.0,0.0,0.0,3.0,0.0,0.0,-1.0,0.0,0.0,0.0,0.0,0.0,0.0,0.0,0.0,0.0,1.0,1.0,0.0,1.0,0.0,0.0,0.0
synthext0160aaaaaaaaaaaaaaaaaaaaaa:1.5.0->1.5.1,synthext0160aaaaaaaaaaaaaaaaaaaaaa,Weather Tool 160,weather,2026-05-05,synthetic,benign,,False,0.25,-1.0,0.0,0.0,-1.0,0.0,0.0,0.0,0.0,0.0,0.0,0.0,0.0,3.0,0.0,0.0,0.0,0.0,0.0,0.0,0.0,0.0,0.0,0.0,0.0,0.0,0.0,0.0,0.0,0.0
synthext0160aaaaaaaaaaaaaaaaaaaaaa:1.5.1->1.5.2,synthext0160aaaaaaaaaaaaaaaaaaaaaa,Weather Tool 160,weather,2026-10-11,synthetic,malicious,ad_affiliate,True,0.25,1.0,1.0,1.0,1.0,0.0,0.0,0.0,0.0,0.0,-2.0,0.0,0.0,4.0,0.0,0.0,0.0,-2.0,0.0,0.0,0.0,0.0,0.0,0.0,0.0,-2.0,0.0,0.0,0.0,0.0
synthext0160aaaaaaaaaaaaaaaaaaaaaa:1.5.2->1.5.3,synthext0160aaaaaaaaaaaaaaaaaaaaaa,Weather Tool 160,weather,2026-03-13,synthetic,benign,,False,0.25,1.0,0.0,0.0,1.0,0.0,0.0,0.0,0.0,0.0,1.0,0.0,0.0,1.0,0.0,0.0,0.0,-2.0,0.0,0.0,0.0,0.0,0.0,0.0,0.0,-2.0,0.0,0.0,0.0,0.0
synthext0160aaaaaaaaaaaaaaaaaaaaaa:1.5.3->1.5.4,synthext0160aaaaaaaaaaaaaaaaaaaaaa,Weather Tool 160,weather,2026-03-07,synthetic,malicious,keylogger,False,0.6,1.0,1.0,1.0,1.0,1.0,215.0,215.0,0.0,0.0,7.0,0.0,0.0,0.0,0.0,0.0,0.0,0.0,0.0,0.0,0.0,0.0,0.0,0.0,0.0,0.0,1.0,0.0,0.0,0.0
synthext0161aaaaaaaaaaaaaaaaaaaaaa:1.0.0->1.0.1,synthext0161aaaaaaaaaaaaaaaaaaaaaa,Translate Tool 161,translate,2026-07-15,synthetic,benign,,False,0.76,3.0,2.0,2.0,3.0,1.0,99.0,99.0,0.0,0.0,1.0,0.0,0.0,1.0,0.0,0.0,0.0,0.0,0.0,0.0,0.0,0.0,0.0,0.0,0.0,0.0,1.0,0.0,0.0,0.0
synthext0161aaaaaaaaaaaaaaaaaaaaaa:1.0.1->1.0.2,synthext0161aaaaaaaaaaaaaaaaaaaaaa,Translate Tool 161,translate,2026-10-09,synthetic,benign,,False,0.7,1.0,1.0,1.0,1.0,1.0,67.0,67.0,0.0,0.0,2.0,0.0,0.0,3.0,0.0,0.0,0.0,0.0,0.0,0.0,0.0,0.0,0.0,0.0,0.0,0.0,0.0,0.0,0.0,0.0
synthext0161aaaaaaaaaaaaaaaaaaaaaa:1.0.2->1.0.3,synthext0161aaaaaaaaaaaaaaaaaaaaaa,Translate Tool 161,translate,2026-01-10,synthetic,benign,,False,0.25,0.0,1.0,1.0,0.0,0.0,0.0,0.0,0.0,0.0,3.0,0.0,0.0,1.0,0.0,0.0,0.0,1.0,0.0,0.0,0.0,0.0,0.0,0.0,0.0,1.0,0.0,0.0,0.0,0.0
synthext0161aaaaaaaaaaaaaaaaaaaaaa:1.0.3->1.0.4,synthext0161aaaaaaaaaaaaaaaaaaaaaa,Translate Tool 161,translate,2026-10-10,synthetic,malicious,credential_theft,False,0.95,2.0,1.0,1.0,2.0,1.0,382.0,382.0,0.0,0.0,1.0,1.0,1.0,-1.0,0.0,0.0,0.0,-2.0,0.0,0.0,0.0,0.0,0.0,1.0,1.0,-2.0,1.0,0.0,0.0,0.0
synthext0162aaaaaaaaaaaaaaaaaaaaaa:1.1.0->1.1.1,synthext0162aaaaaaaaaaaaaaaaaaaaaa,Adblocker Tool 162,adblocker,2026-09-06,synthetic,benign,,False,0.25,0.0,1.0,1.0,0.0,0.0,0.0,0.0,0.0,0.0,-1.0,0.0,0.0,1.0,0.0,0.0,0.0,0.0,0.0,0.0,0.0,0.0,0.0,0.0,0.0,0.0,0.0,0.0,0.0,0.0
synthext0162aaaaaaaaaaaaaaaaaaaaaa:1.1.1->1.1.2,synthext0162aaaaaaaaaaaaaaaaaaaaaa,Adblocker Tool 162,adblocker,2026-06-25,synthetic,benign,,False,0.7,0.0,1.0,1.0,0.0,1.0,61.0,61.0,0.0,0.0,-1.0,0.0,0.0,1.0,0.0,0.0,0.0,0.0,0.0,0.0,1.0,0.0,0.0,0.0,0.0,0.0,1.0,0.0,0.0,0.0
synthext0162aaaaaaaaaaaaaaaaaaaaaa:1.1.2->1.1.3,synthext0162aaaaaaaaaaaaaaaaaaaaaa,Adblocker Tool 162,adblocker,2026-08-09,synthetic,benign,,False,0.6,0.0,1.0,1.0,0.0,1.0,87.0,87.0,0.0,0.0,0.0,0.0,0.0,-1.0,0.0,0.0,0.0,3.0,0.0,0.0,1.0,0.0,0.0,0.0,0.0,3.0,0.0,0.0,0.0,0.0
synthext0162aaaaaaaaaaaaaaaaaaaaaa:1.1.3->1.1.4,synthext0162aaaaaaaaaaaaaaaaaaaaaa,Adblocker Tool 162,adblocker,2026-06-27,synthetic,benign,,False,0.7,3.0,1.0,1.0,3.0,1.0,101.0,101.0,0.0,0.0,-1.0,0.0,0.0,1.0,0.0,0.0,0.0,2.0,0.0,0.0,0.0,0.0,0.0,0.0,0.0,2.0,1.0,0.0,0.0,0.0
synthext0163aaaaaaaaaaaaaaaaaaaaaa:1.4.0->1.4.1,synthext0163aaaaaaaaaaaaaaaaaaaaaa,Coupon Tool 163,coupon,2026-04-02,synthetic,benign,,False,0.25,0.0,0.0,0.0,0.0,0.0,0.0,0.0,0.0,0.0,0.0,0.0,0.0,1.0,0.0,0.0,0.0,0.0,0.0,0.0,0.0,0.0,0.0,0.0,0.0,0.0,0.0,0.0,0.0,0.0
synthext0163aaaaaaaaaaaaaaaaaaaaaa:1.4.1->1.4.2,synthext0163aaaaaaaaaaaaaaaaaaaaaa,Coupon Tool 163,coupon,2026-10-10,synthetic,benign,,False,0.25,1.0,0.0,0.0,1.0,0.0,0.0,0.0,0.0,0.0,2.0,0.0,0.0,4.0,0.0,0.0,0.0,-2.0,0.0,0.0,0.0,0.0,0.0,0.0,0.0,-2.0,0.0,0.0,0.0,0.0
synthext0163aaaaaaaaaaaaaaaaaaaaaa:1.4.2->1.4.3,synthext0163aaaaaaaaaaaaaaaaaaaaaa,Coupon Tool 163,coupon,2026-08-15,synthetic,malicious,redirect_hijack,True,0.9064,2.0,3.0,3.0,2.0,1.0,95.0,95.0,0.0,0.0,-2.0,0.0,0.0,1.0,0.0,0.0,0.0,3.0,1.0,1.0,2.0,1.0,0.0,0.0,0.0,2.0,1.0,1.0,0.0,0.0
synthext0163aaaaaaaaaaaaaaaaaaaaaa:1.4.3->1.4.4,synthext0163aaaaaaaaaaaaaaaaaaaaaa,Coupon Tool 163,coupon,2026-05-27,synthetic,benign,,False,0.0,2.0,0.0,0.0,2.0,0.0,0.0,0.0,0.0,0.0,1.0,0.0,0.0,0.0,0.0,0.0,0.0,0.0,0.0,0.0,0.0,0.0,0.0,0.0,0.0,0.0,0.0,0.0,0.0,0.0
synthext0164aaaaaaaaaaaaaaaaaaaaaa:1.5.0->1.5.1,synthext0164aaaaaaaaaaaaaaaaaaaaaa,Screenshot Tool 164,screenshot,2026-01-10,synthetic,benign,,False,0.6,1.0,1.0,1.0,1.0,1.0,60.0,60.0,0.0,0.0,-1.0,0.0,0.0,-1.0,0.0,0.0,0.0,0.0,0.0,0.0,0.0,0.0,0.0,0.0,0.0,0.0,1.0,0.0,0.0,0.0
synthext0164aaaaaaaaaaaaaaaaaaaaaa:1.5.1->1.5.2,synthext0164aaaaaaaaaaaaaaaaaaaaaa,Screenshot Tool 164,screenshot,2026-03-29,synthetic,benign,,False,0.68,1.0,2.0,2.0,1.0,1.0,184.0,184.0,0.0,0.0,1.0,0.0,0.0,-1.0,0.0,0.0,0.0,2.0,0.0,0.0,0.0,0.0,0.0,0.0,0.0,2.0,1.0,0.0,0.0,0.0
synthext0164aaaaaaaaaaaaaaaaaaaaaa:1.5.2->1.5.3,synthext0164aaaaaaaaaaaaaaaaaaaaaa,Screenshot Tool 164,screenshot,2026-11-06,synthetic,malicious,clipboard_steal,True,0.7,3.0,1.0,1.0,3.0,1.0,144.0,144.0,0.0,0.0,2.0,0.0,0.0,2.0,0.0,0.0,0.0,-2.0,0.0,0.0,0.0,0.0,0.0,0.0,0.0,-2.0,0.0,0.0,0.0,0.0
synthext0164aaaaaaaaaaaaaaaaaaaaaa:1.5.3->1.5.4,synthext0164aaaaaaaaaaaaaaaaaaaaaa,Screenshot Tool 164,screenshot,2026-09-24,synthetic,benign,,False,0.25,3.0,0.0,0.0,3.0,0.0,0.0,0.0,0.0,0.0,2.0,0.0,0.0,1.0,0.0,0.0,0.0,3.0,0.0,0.0,0.0,0.0,0.0,0.0,0.0,3.0,0.0,0.0,0.0,0.0
synthext0165aaaaaaaaaaaaaaaaaaaaaa:1.1.0->1.1.1,synthext0165aaaaaaaaaaaaaaaaaaaaaa,Notes Tool 165,notes,2026-05-31,synthetic,benign,,False,0.6,1.0,1.0,1.0,1.0,1.0,95.0,95.0,0.0,0.0,2.0,0.0,0.0,0.0,0.0,0.0,0.0,2.0,0.0,0.0,0.0,0.0,0.0,0.0,0.0,2.0,1.0,0.0,0.0,0.0
synthext0165aaaaaaaaaaaaaaaaaaaaaa:1.1.1->1.1.2,synthext0165aaaaaaaaaaaaaaaaaaaaaa,Notes Tool 165,notes,2026-06-17,synthetic,benign,,False,0.68,3.0,2.0,2.0,3.0,1.0,69.0,69.0,0.0,0.0,2.0,0.0,0.0,0.0,0.0,0.0,0.0,-2.0,0.0,0.0,0.0,0.0,0.0,0.0,0.0,-2.0,0.0,0.0,0.0,0.0
synthext0165aaaaaaaaaaaaaaaaaaaaaa:1.1.2->1.1.3,synthext0165aaaaaaaaaaaaaaaaaaaaaa,Notes Tool 165,notes,2026-01-25,synthetic,malicious,history_exfil,False,0.9345,0.0,1.0,1.0,0.0,1.0,1269.0,1269.0,0.0,1.0,2.0,0.0,0.0,0.0,0.0,0.0,0.0,1.0,1.0,1.0,1.0,1.0,0.0,0.0,0.0,0.0,1.0,1.0,0.0,0.0
synthext0165aaaaaaaaaaaaaaaaaaaaaa:1.1.3->1.1.4,synthext0165aaaaaaaaaaaaaaaaaaaaaa,Notes Tool 165,notes,2026-04-05,synthetic,benign,,False,0.0,1.0,0.0,0.0,1.0,0.0,0.0,0.0,0.0,0.0,-1.0,0.0,0.0,-1.0,0.0,0.0,0.0,0.0,0.0,0.0,0.0,0.0,0.0,0.0,0.0,0.0,0.0,0.0,0.0,0.0
synthext0166aaaaaaaaaaaaaaaaaaaaaa:1.3.0->1.3.1,synthext0166aaaaaaaaaaaaaaaaaaaaaa,Dictionary Tool 166,dictionary,2026-02-27,synthetic,benign,,False,0.25,0.0,0.0,0.0,0.0,0.0,0.0,0.0,0.0,0.0,1.0,0.0,0.0,2.0,0.0,0.0,0.0,0.0,0.0,0.0,0.0,0.0,0.0,0.0,0.0,0.0,0.0,0.0,0.0,0.0
synthext0166aaaaaaaaaaaaaaaaaaaaaa:1.3.1->1.3.2,synthext0166aaaaaaaaaaaaaaaaaaaaaa,Dictionary Tool 166,dictionary,2026-07-07,synthetic,malicious,keylogger,True,0.6,2.0,1.0,1.0,2.0,1.0,181.0,181.0,0.0,0.0,8.0,0.0,0.0,0.0,0.0,0.0,0.0,5.0,0.0,0.0,0.0,0.0,0.0,0.0,0.0,5.0,1.0,0.0,0.0,0.0
synthext0166aaaaaaaaaaaaaaaaaaaaaa:1.3.2->1.3.3,synthext0166aaaaaaaaaaaaaaaaaaaaaa,Dictionary Tool 166,dictionary,2026-10-25,synthetic,benign,,False,0.68,6.0,2.0,2.0,6.0,2.0,155.0,95.0,0.0,0.0,1.0,0.0,0.0,0.0,0.0,0.0,0.0,2.0,0.0,0.0,0.0,0.0,0.0,0.0,0.0,2.0,1.0,0.0,0.0,0.0
synthext0166aaaaaaaaaaaaaaaaaaaaaa:1.3.3->1.3.4,synthext0166aaaaaaaaaaaaaaaaaaaaaa,Dictionary Tool 166,dictionary,2026-06-18,synthetic,malicious,keylogger,True,0.7,0.0,1.0,1.0,0.0,1.0,86.0,86.0,0.0,0.0,9.0,0.0,0.0,4.0,0.0,0.0,0.0,5.0,0.0,0.0,0.0,0.0,0.0,0.0,0.0,5.0,0.0,0.0,0.0,0.0
synthext0167aaaaaaaaaaaaaaaaaaaaaa:1.6.0->1.6.1,synthext0167aaaaaaaaaaaaaaaaaaaaaa,Videohelper Tool 167,videohelper,2026-04-03,synthetic,malicious,keylogger,False,0.7,1.0,1.0,1.0,1.0,1.0,135.0,135.0,0.0,0.0,2.0,0.0,0.0,1.0,0.0,0.0,0.0,3.0,0.0,0.0,1.0,0.0,0.0,0.0,0.0,3.0,0.0,0.0,0.0,0.0
synthext0167aaaaaaaaaaaaaaaaaaaaaa:1.6.1->1.6.2,synthext0167aaaaaaaaaaaaaaaaaaaaaa,Videohelper Tool 167,videohelper,2026-10-22,synthetic,malicious,redirect_hijack,True,0.9064,2.0,2.0,2.0,2.0,1.0,170.0,170.0,0.0,0.0,0.0,0.0,0.0,1.0,0.0,0.0,0.0,-1.0,1.0,1.0,1.0,1.0,0.0,0.0,0.0,-2.0,0.0,1.0,0.0,0.0
synthext0167aaaaaaaaaaaaaaaaaaaaaa:1.6.2->1.6.3,synthext0167aaaaaaaaaaaaaaaaaaaaaa,Videohelper Tool 167,videohelper,2026-11-05,synthetic,malicious,form_jacking,True,0.97,2.0,2.0,2.0,2.0,1.0,123.0,123.0,0.0,0.0,3.0,1.0,0.0,4.0,0.0,0.0,0.0,2.0,0.0,0.0,1.0,0.0,0.0,1.0,1.0,2.0,1.0,0.0,0.0,0.0
synthext0167aaaaaaaaaaaaaaaaaaaaaa:1.6.3->1.6.4,synthext0167aaaaaaaaaaaaaaaaaaaaaa,Videohelper Tool 167,videohelper,2026-06-01,synthetic,benign,,False,0.6,2.0,1.0,1.0,2.0,1.0,213.0,213.0,0.0,0.0,-3.0,0.0,0.0,-1.0,0.0,0.0,0.0,0.0,0.0,0.0,0.0,0.0,0.0,0.0,0.0,0.0,0.0,0.0,0.0,0.0
synthext0168aaaaaaaaaaaaaaaaaaaaaa:1.0.0->1.0.1,synthext0168aaaaaaaaaaaaaaaaaaaaaa,Reader Tool 168,reader,2026-11-26,synthetic,benign,,False,0.6,1.0,1.0,1.0,1.0,1.0,84.0,84.0,0.0,0.0,-2.0,0.0,0.0,0.0,0.0,0.0,0.0,2.0,0.0,0.0,1.0,0.0,0.0,0.0,0.0,2.0,1.0,0.0,0.0,0.0
synthext0168aaaaaaaaaaaaaaaaaaaaaa:1.0.1->1.0.2,synthext0168aaaaaaaaaaaaaaaaaaaaaa,Reader Tool 168,reader,2026-05-24,synthetic,benign,,False,0.0,1.0,1.0,1.0,1.0,0.0,0.0,0.0,0.0,0.0,2.0,0.0,0.0,-1.0,0.0,0.0,0.0,2.0,0.0,0.0,0.0,0.0,0.0,0.0,0.0,2.0,0.0,0.0,0.0,0.0
synthext0168aaaaaaaaaaaaaaaaaaaaaa:1.0.2->1.0.3,synthext0168aaaaaaaaaaaaaaaaaaaaaa,Reader Tool 168,reader,2026-02-28,synthetic,benign,,False,0.25,1.0,0.0,0.0,1.0,0.0,0.0,0.0,0.0,0.0,0.0,0.0,0.0,2.0,0.0,0.0,0.0,0.0,0.0,0.0,0.0,0.0,0.0,0.0,0.0,0.0,0.0,0.0,0.0,0.0
synthext0168aaaaaaaaaaaaaaaaaaaaaa:1.0.3->1.0.4,synthext0168aaaaaaaaaaaaaaaaaaaaaa,Reader Tool 168,reader,2026-01-11,synthetic,malicious,keylogger,True,0.808,3.0,3.0,3.0,3.0,3.0,331.0,134.0,0.0,0.0,8.0,0.0,0.0,0.0,0.0,0.0,0.0,5.0,0.0,0.0,1.0,1.0,0.0,0.0,0.0,5.0,1.0,1.0,0.0,0.0
synthext0169aaaaaaaaaaaaaaaaaaaaaa:1.6.0->1.6.1,synthext0169aaaaaaaaaaaaaaaaaaaaaa,Shopper Tool 169,shopper,2026-08-02,synthetic,benign,,False,0.6,2.0,1.0,1.0,2.0,1.0,203.0,203.0,0.0,0.0,-1.0,0.0,0.0,0.0,0.0,0.0,0.0,3.0,0.0,0.0,0.0,0.0,0.0,0.0,0.0,3.0,0.0,0.0,0.0,0.0
synthext0169aaaaaaaaaaaaaaaaaaaaaa:1.6.1->1.6.2,synthext0169aaaaaaaaaaaaaaaaaaaaaa,Shopper Tool 169,shopper,2026-07-31,synthetic,benign,,False,0.25,0.0,0.0,0.0,0.0,0.0,0.0,0.0,0.0,0.0,0.0,0.0,0.0,1.0,0.0,0.0,0.0,4.0,0.0,0.0,0.0,0.0,0.0,0.0,0.0,4.0,0.0,0.0,0.0,0.0
synthext0169aaaaaaaaaaaaaaaaaaaaaa:1.6.2->1.6.3,synthext0169aaaaaaaaaaaaaaaaaaaaaa,Shopper Tool 169,shopper,2026-11-23,synthetic,malicious,form_jacking,True,0.96,3.0,2.0,2.0,3.0,2.0,349.0,184.0,0.0,0.0,-1.0,1.0,0.0,0.0,0.0,0.0,0.0,4.0,0.0,0.0,0.0,0.0,0.0,1.0,1.0,4.0,0.0,0.0,0.0,0.0
synthext0169aaaaaaaaaaaaaaaaaaaaaa:1.6.3->1.6.4,synthext0169aaaaaaaaaaaaaaaaaaaaaa,Shopper Tool 169,shopper,2026-04-20,synthetic,malicious,credential_theft,True,0.96,3.0,2.0,2.0,3.0,2.0,732.0,649.0,0.0,0.0,3.0,1.0,1.0,0.0,0.0,0.0,0.0,2.0,0.0,0.0,0.0,0.0,0.0,1.0,1.0,2.0,2.0,0.0,0.0,0.0
synthext0170aaaaaaaaaaaaaaaaaaaaaa:1.3.0->1.3.1,synthext0170aaaaaaaaaaaaaaaaaaaaaa,Contacts Tool 170,contacts,2026-04-05,synthetic,benign,,False,0.7,2.0,1.0,1.0,2.0,1.0,96.0,96.0,0.0,0.0,2.0,0.0,1.0,1.0,0.0,0.0,0.0,1.0,0.0,0.0,0.0,0.0,0.0,0.0,0.0,1.0,1.0,0.0,0.0,0.0
synthext0170aaaaaaaaaaaaaaaaaaaaaa:1.3.1->1.3.2,synthext0170aaaaaaaaaaaaaaaaaaaaaa,Contacts Tool 170,contacts,2026-06-01,synthetic,benign,,False,0.6,1.0,1.0,1.0,1.0,1.0,88.0,88.0,0.0,0.0,0.0,0.0,-1.0,-1.0,0.0,0.0,0.0,0.0,0.0,0.0,0.0,0.0,0.0,0.0,0.0,0.0,1.0,0.0,0.0,0.0
synthext0170aaaaaaaaaaaaaaaaaaaaaa:1.3.2->1.3.3,synthext0170aaaaaaaaaaaaaaaaaaaaaa,Contacts Tool 170,contacts,2026-07-08,synthetic,malicious,redirect_hijack,False,0.61,2.0,1.0,1.0,2.0,0.0,0.0,0.0,0.0,0.0,-1.0,0.0,-1.0,-1.0,0.0,0.0,0.0,-1.0,1.0,1.0,1.0,1.0,0.0,0.0,0.0,-2.0,0.0,1.0,0.0,0.0
synthext0170aaaaaaaaaaaaaaaaaaaaaa:1.3.3->1.3.4,synthext0170aaaaaaaaaaaaaaaaaaaaaa,Contacts Tool 170,contacts,2026-03-12,synthetic,benign,,False,0.7,1.0,1.0,1.0,1.0,1.0,89.0,89.0,0.0,0.0,1.0,0.0,1.0,1.0,0.0,0.0,0.0,-2.0,0.0,0.0,0.0,0.0,0.0,0.0,0.0,-2.0,0.0,0.0,0.0,0.0
synthext0171aaaaaaaaaaaaaaaaaaaaaa:1.6.0->1.6.1,synthext0171aaaaaaaaaaaaaaaaaaaaaa,Passmgr Tool 171,passmgr,2026-10-11,synthetic,malicious,history_exfil,False,0.961,3.0,1.0,1.0,3.0,1.0,104.0,104.0,0.0,1.0,0.0,0.0,0.0,0.0,0.0,0.0,0.0,1.0,1.0,1.0,1.0,0.0,0.0,1.0,1.0,0.0,1.0,0.0,0.0,0.0
synthext0171aaaaaaaaaaaaaaaaaaaaaa:1.6.1->1.6.2,synthext0171aaaaaaaaaaaaaaaaaaaaaa,Passmgr Tool 171,passmgr,2026-11-11,synthetic,benign,,False,0.0,0.0,1.0,1.0,0.0,0.0,0.0,0.0,0.0,0.0,-1.0,0.0,0.0,-1.0,0.0,0.0,0.0,3.0,0.0,0.0,0.0,0.0,0.0,0.0,0.0,3.0,0.0,0.0,0.0,0.0
synthext0171aaaaaaaaaaaaaaaaaaaaaa:1.6.2->1.6.3,synthext0171aaaaaaaaaaaaaaaaaaaaaa,Passmgr Tool 171,passmgr,2026-04-07,synthetic,malicious,form_jacking,False,0.9625,0.0,1.0,1.0,0.0,1.0,53.0,53.0,0.0,0.0,0.0,1.0,0.0,2.0,0.0,0.0,0.0,5.0,0.0,0.0,0.0,0.0,0.0,1.0,1.0,5.0,1.0,0.0,0.0,0.0
synthext0171aaaaaaaaaaaaaaaaaaaaaa:1.6.3->1.6.4,synthext0171aaaaaaaaaaaaaaaaaaaaaa,Passmgr Tool 171,passmgr,2026-10-31,synthetic,benign,,False,0.9,0.0,1.0,1.0,0.0,1.0,90.0,90.0,0.0,0.0,-1.0,0.0,0.0,-1.0,0.0,0.0,0.0,0.0,0.0,0.0,0.0,0.0,0.0,1.0,1.0,0.0,1.0,0.0,0.0,0.0
synthext0172aaaaaaaaaaaaaaaaaaaaaa:1.2.0->1.2.1,synthext0172aaaaaaaaaaaaaaaaaaaaaa,Weather Tool 172,weather,2026-05-24,synthetic,benign,,False,0.6,3.0,1.0,1.0,3.0,1.0,68.0,68.0,0.0,0.0,0.0,0.0,0.0,0.0,0.0,0.0,0.0,0.0,0.0,0.0,0.0,0.0,0.0,0.0,0.0,0.0,1.0,0.0,0.0,0.0
synthext0172aaaaaaaaaaaaaaaaaaaaaa:1.2.1->1.2.2,synthext0172aaaaaaaaaaaaaaaaaaaaaa,Weather Tool 172,weather,2026-07-20,synthetic,malicious,history_exfil,False,0.844,2.0,1.0,1.0,2.0,1.0,396.0,396.0,0.0,1.0,0.0,0.0,0.0,-1.0,0.0,0.0,0.0,3.0,1.0,1.0,0.0,0.0,0.0,0.0,0.0,2.0,0.0,0.0,0.0,0.0
synthext0172aaaaaaaaaaaaaaaaaaaaaa:1.2.2->1.2.3,synthext0172aaaaaaaaaaaaaaaaaaaaaa,Weather Tool 172,weather,2026-09-22,synthetic,benign,,False,0.25,-1.0,0.0,0.0,-1.0,0.0,0.0,0.0,0.0,0.0,0.0,0.0,0.0,2.0,0.0,0.0,0.0,2.0,0.0,0.0,1.0,0.0,0.0,0.0,0.0,2.0,0.0,0.0,0.0,0.0
synthext0172aaaaaaaaaaaaaaaaaaaaaa:1.2.3->1.2.4,synthext0172aaaaaaaaaaaaaaaaaaaaaa,Weather Tool 172,weather,2026-05-28,synthetic,malicious,redirect_hijack,False,0.7075,3.0,1.0,1.0,3.0,0.0,0.0,0.0,0.0,0.0,-1.0,0.0,0.0,2.0,0.0,0.0,0.0,1.0,1.0,1.0,2.0,1.0,0.0,0.0,0.0,0.0,0.0,1.0,0.0,0.0
synthext0173aaaaaaaaaaaaaaaaaaaaaa:1.5.0->1.5.1,synthext0173aaaaaaaaaaaaaaaaaaaaaa,Translate Tool 173,translate,2026-08-18,synthetic,benign,,False,0.0,-1.0,0.0,0.0,-1.0,0.0,0.0,0.0,0.0,0.0,-1.0,0.0,0.0,0.0,0.0,0.0,0.0,2.0,0.0,0.0,0.0,0.0,0.0,0.0,0.0,2.0,0.0,0.0,0.0,0.0
synthext0173aaaaaaaaaaaaaaaaaaaaaa:1.5.1->1.5.2,synthext0173aaaaaaaaaaaaaaaaaaaaaa,Translate Tool 173,translate,2026-10-12,synthetic,benign,,False,0.25,0.0,0.0,0.0,0.0,0.0,0.0,0.0,0.0,0.0,-2.0,0.0,0.0,1.0,0.0,0.0,0.0,2.0,0.0,0.0,0.0,0.0,0.0,0.0,0.0,2.0,0.0,0.0,0.0,0.0
synthext0173aaaaaaaaaaaaaaaaaaaaaa:1.5.2->1.5.3,synthext0173aaaaaaaaaaaaaaaaaaaaaa,Translate Tool 173,translate,2026-11-10,synthetic,malicious,redirect_hijack,True,0.35,1.0,1.0,1.0,1.0,0.0,0.0,0.0,0.0,0.0,-2.0,0.0,0.0,-1.0,0.0,0.0,0.0,3.0,1.0,1.0,1.0,0.0,0.0,0.0,0.0,2.0,0.0,0.0,0.0,0.0
synthext0173aaaaaaaaaaaaaaaaaaaaaa:1.5.3->1.5.4,synthext0173aaaaaaaaaaaaaaaaaaaaaa,Translate Tool 173,translate,2026-03-03,synthetic,benign,,False,0.25,2.0,1.0,1.0,2.0,0.0,0.0,0.0,0.0,0.0,-2.0,0.0,0.0,1.0,0.0,0.0,0.0,4.0,0.0,0.0,0.0,0.0,0.0,0.0,0.0,4.0,0.0,0.0,0.0,0.0
synthext0174aaaaaaaaaaaaaaaaaaaaaa:1.2.0->1.2.1,synthext0174aaaaaaaaaaaaaaaaaaaaaa,Adblocker Tool 174,adblocker,2026-02-23,synthetic,benign,,False,0.0,1.0,0.0,0.0,1.0,0.0,0.0,0.0,0.0,0.0,-1.0,0.0,0.0,0.0,0.0,0.0,0.0,0.0,0.0,0.0,0.0,0.0,0.0,0.0,0.0,0.0,0.0,0.0,0.0,0.0
synthext0174aaaaaaaaaaaaaaaaaaaaaa:1.2.1->1.2.2,synthext0174aaaaaaaaaaaaaaaaaaaaaa,Adblocker Tool 174,adblocker,2026-05-31,synthetic,benign,,False,0.0,1.0,1.0,1.0,1.0,0.0,0.0,0.0,0.0,0.0,2.0,0.0,0.0,-1.0,0.0,0.0,0.0,0.0,0.0,0.0,0.0,0.0,0.0,0.0,0.0,0.0,0.0,0.0,0.0,0.0
synthext0174aaaaaaaaaaaaaaaaaaaaaa:1.2.2->1.2.3,synthext0174aaaaaaaaaaaaaaaaaaaaaa,Adblocker Tool 174,adblocker,2026-05-24,synthetic,malicious,history_exfil,True,0.9064,1.0,2.0,2.0,1.0,2.0,602.0,399.0,0.0,1.0,-1.0,0.0,0.0,1.0,0.0,0.0,0.0,-1.0,1.0,1.0,1.0,0.0,0.0,0.0,0.0,-2.0,1.0,0.0,0.0,0.0
synthext0174aaaaaaaaaaaaaaaaaaaaaa:1.2.3->1.2.4,synthext0174aaaaaaaaaaaaaaaaaaaaaa,Adblocker Tool 174,adblocker,2026-04-27,synthetic,benign,,False,0.25,1.0,1.0,1.0,1.0,0.0,0.0,0.0,0.0,0.0,0.0,0.0,0.0,3.0,0.0,0.0,0.0,2.0,0.0,0.0,0.0,0.0,0.0,0.0,0.0,2.0,0.0,0.0,0.0,0.0
synthext0175aaaaaaaaaaaaaaaaaaaaaa:1.6.0->1.6.1,synthext0175aaaaaaaaaaaaaaaaaaaaaa,Coupon Tool 175,coupon,2026-02-10,synthetic,malicious,form_jacking,True,0.9625,1.0,1.0,1.0,1.0,1.0,670.0,670.0,0.0,0.0,1.0,1.0,0.0,4.0,0.0,0.0,0.0,1.0,0.0,0.0,0.0,0.0,0.0,1.0,1.0,1.0,1.0,0.0,0.0,0.0
synthext0175aaaaaaaaaaaaaaaaaaaaaa:1.6.1->1.6.2,synthext0175aaaaaaaaaaaaaaaaaaaaaa,Coupon Tool 175,coupon,2026-03-02,synthetic,benign,,False,0.6,1.0,1.0,1.0,1.0,1.0,41.0,41.0,0.0,0.0,-1.0,0.0,0.0,-1.0,0.0,0.0,0.0,0.0,0.0,0.0,0.0,0.0,0.0,0.0,0.0,0.0,1.0,0.0,0.0,0.0
synthext0175aaaaaaaaaaaaaaaaaaaaaa:1.6.2->1.6.3,synthext0175aaaaaaaaaaaaaaaaaaaaaa,Coupon Tool 175,coupon,2026-02-04,synthetic,benign,,False,0.6,0.0,1.0,1.0,0.0,1.0,107.0,107.0,0.0,0.0,-3.0,0.0,0.0,0.0,0.0,0.0,0.0,0.0,0.0,0.0,0.0,0.0,0.0,0.0,0.0,0.0,1.0,0.0,0.0,0.0
synthext0175aaaaaaaaaaaaaaaaaaaaaa:1.6.3->1.6.4,synthext0175aaaaaaaaaaaaaaaaaaaaaa,Coupon Tool 175,coupon,2026-11-05,synthetic,benign,,False,0.68,2.0,2.0,2.0,2.0,2.0,225.0,182.0,0.0,0.0,-1.0,0.0,0.0,0.0,0.0,0.0,0.0,0.0,0.0,0.0,0.0,0.0,0.0,0.0,0.0,0.0,1.0,0.0,0.0,0.0
synthext0176aaaaaaaaaaaaaaaaaaaaaa:1.5.0->1.5.1,synthext0176aaaaaaaaaaaaaaaaaaaaaa,Screenshot Tool 176,screenshot,2026-10-24,synthetic,benign,,False,0.68,2.0,2.0,2.0,2.0,1.0,175.0,175.0,0.0,0.0,1.0,0.0,0.0,0.0,0.0,0.0,0.0,0.0,0.0,0.0,0.0,0.0,0.0,0.0,0.0,0.0,0.0,0.0,0.0,0.0
synthext0176aaaaaaaaaaaaaaaaaaaaaa:1.5.1->1.5.2,synthext0176aaaaaaaaaaaaaaaaaaaaaa,Screenshot Tool 176,screenshot,2026-10-22,synthetic,benign,,False,0.7,2.0,1.0,1.0,2.0,1.0,250.0,250.0,0.0,0.0,0.0,0.0,0.0,1.0,0.0,0.0,0.0,3.0,0.0,0.0,0.0,0.0,0.0,0.0,0.0,3.0,0.0,0.0,0.0,0.0
synthext0176aaaaaaaaaaaaaaaaaaaaaa:1.5.2->1.5.3,synthext0176aaaaaaaaaaaaaaaaaaaaaa,Screenshot Tool 176,screenshot,2026-01-04,synthetic,benign,,False,0.6,2.0,1.0,1.0,2.0,1.0,95.0,95.0,0.0,0.0,-1.0,0.0,0.0,0.0,0.0,0.0,0.0,0.0,0.0,0.0,0.0,0.0,0.0,0.0,0.0,0.0,1.0,0.0,0.0,0.0
synthext0176aaaaaaaaaaaaaaaaaaaaaa:1.5.3->1.5.4,synthext0176aaaaaaaaaaaaaaaaaaaaaa,Screenshot Tool 176,screenshot,2026-03-17,synthetic,benign,,False,0.6,0.0,1.0,1.0,0.0,1.0,84.0,84.0,0.0,0.0,0.0,0.0,0.0,-1.0,0.0,0.0,0.0,0.0,0.0,0.0,1.0,0.0,0.0,0.0,0.0,0.0,1.0,0.0,0.0,0.0
synthext0177aaaaaaaaaaaaaaaaaaaaaa:1.5.0->1.5.1,synthext0177aaaaaaaaaaaaaaaaaaaaaa,Notes Tool 177,notes,2026-09-15,synthetic,malicious,redirect_hijack,True,0.61,1.0,1.0,1.0,1.0,0.0,0.0,0.0,0.0,0.0,1.0,0.0,0.0,0.0,0.0,0.0,0.0,1.0,1.0,1.0,1.0,1.0,0.0,0.0,0.0,0.0,0.0,1.0,0.0,0.0
synthext0177aaaaaaaaaaaaaaaaaaaaaa:1.5.1->1.5.2,synthext0177aaaaaaaaaaaaaaaaaaaaaa,Notes Tool 177,notes,2026-03-22,synthetic,malicious,keylogger,False,0.6,1.0,1.0,1.0,1.0,1.0,95.0,95.0,0.0,0.0,9.0,0.0,0.0,0.0,0.0,0.0,0.0,2.0,0.0,0.0,0.0,0.0,0.0,0.0,0.0,2.0,0.0,0.0,0.0,0.0
synthext0177aaaaaaaaaaaaaaaaaaaaaa:1.5.2->1.5.3,synthext0177aaaaaaaaaaaaaaaaaaaaaa,Notes Tool 177,notes,2026-11-08,synthetic,benign,,False,0.25,0.0,0.0,0.0,0.0,0.0,0.0,0.0,0.0,0.0,1.0,0.0,0.0,3.0,0.0,0.0,0.0,0.0,0.0,0.0,0.0,0.0,0.0,0.0,0.0,0.0,0.0,0.0,0.0,0.0
synthext0177aaaaaaaaaaaaaaaaaaaaaa:1.5.3->1.5.4,synthext0177aaaaaaaaaaaaaaaaaaaaaa,Notes Tool 177,notes,2026-03-30,synthetic,malicious,keylogger,True,0.76,0.0,1.0,1.0,0.0,1.0,88.0,88.0,0.0,0.0,8.0,0.0,0.0,0.0,0.0,0.0,0.0,1.0,0.0,0.0,1.0,1.0,0.0,0.0,0.0,1.0,1.0,1.0,0.0,0.0
synthext0178aaaaaaaaaaaaaaaaaaaaaa:1.5.0->1.5.1,synthext0178aaaaaaaaaaaaaaaaaaaaaa,Dictionary Tool 178,dictionary,2026-06-04,synthetic,malicious,sw_beacon,True,0.883,2.0,1.0,1.0,2.0,1.0,85.0,85.0,0.0,1.0,0.0,0.0,0.0,1.0,1.0,0.0,0.0,3.0,1.0,1.0,0.0,0.0,0.0,0.0,0.0,2.0,1.0,0.0,0.0,0.0
synthext0178aaaaaaaaaaaaaaaaaaaaaa:1.5.1->1.5.2,synthext0178aaaaaaaaaaaaaaaaaaaaaa,Dictionary Tool 178,dictionary,2026-04-25,synthetic,benign,,False,0.6,1.0,1.0,1.0,1.0,1.0,209.0,209.0,0.0,0.0,1.0,0.0,0.0,0.0,0.0,0.0,0.0,-2.0,0.0,0.0,1.0,0.0,0.0,0.0,0.0,-2.0,1.0,0.0,0.0,0.0
synthext0178aaaaaaaaaaaaaaaaaaaaaa:1.5.2->1.5.3,synthext0178aaaaaaaaaaaaaaaaaaaaaa,Dictionary Tool 178,dictionary,2026-11-07,synthetic,malicious,clipboard_steal,False,0.68,2.0,2.0,2.0,2.0,2.0,417.0,219.0,0.0,0.0,0.0,0.0,0.0,-1.0,0.0,0.0,0.0,1.0,0.0,0.0,0.0,0.0,0.0,0.0,0.0,1.0,0.0,0.0,0.0,0.0
synthext0178aaaaaaaaaaaaaaaaaaaaaa:1.5.3->1.5.4,synthext0178aaaaaaaaaaaaaaaaaaaaaa,Dictionary Tool 178,dictionary,2026-03-02,synthetic,malicious,history_exfil,False,0.9509,1.0,1.0,1.0,1.0,1.0,1157.0,1157.0,0.0,1.0,0.0,0.0,0.0,1.0,0.0,0.0,0.0,3.0,1.0,1.0,1.0,1.0,0.0,0.0,0.0,2.0,1.0,1.0,0.0,0.0
synthext0179aaaaaaaaaaaaaaaaaaaaaa:1.1.0->1.1.1,synthext0179aaaaaaaaaaaaaaaaaaaaaa,Videohelper Tool 179,videohelper,2026-09-09,synthetic,malicious,clipboard_steal,True,0.6,1.0,1.0,1.0,1.0,1.0,212.0,212.0,0.0,0.0,2.0,0.0,0.0,-1.0,0.0,0.0,0.0,1.0,0.0,0.0,0.0,0.0,0.0,0.0,0.0,1.0,0.0,0.0,0.0,0.0
synthext0179aaaaaaaaaaaaaaaaaaaaaa:1.1.1->1.1.2,synthext0179aaaaaaaaaaaaaaaaaaaaaa,Videohelper Tool 179,videohelper,2026-05-11,synthetic,malicious,clipboard_steal,True,0.6,2.0,1.0,1.0,2.0,1.0,115.0,115.0,0.0,0.0,2.0,0.0,0.0,0.0,0.0,0.0,0.0,0.0,0.0,0.0,0.0,0.0,0.0,0.0,0.0,0.0,1.0,0.0,0.0,0.0
synthext0179aaaaaaaaaaaaaaaaaaaaaa:1.1.2->1.1.3,synthext0179aaaaaaaaaaaaaaaaaaaaaa,Videohelper Tool 179,videohelper,2026-03-02,synthetic,benign,,False,0.6,3.0,1.0,1.0,3.0,1.0,100.0,100.0,0.0,0.0,-1.0,0.0,0.0,0.0,0.0,0.0,0.0,0.0,0.0,0.0,0.0,0.0,0.0,0.0,0.0,0.0,1.0,0.0,0.0,0.0
synthext0179aaaaaaaaaaaaaaaaaaaaaa:1.1.3->1.1.4,synthext0179aaaaaaaaaaaaaaaaaaaaaa,Videohelper Tool 179,videohelper,2026-06-24,synthetic,malicious,cookie_theft,False,0.9963,1.0,1.0,1.0,1.0,1.0,1386.0,1386.0,0.0,1.0,1.0,1.0,0.0,-1.0,1.0,1.0,1.0,5.0,1.0,1.0,1.0,1.0,0.0,1.0,1.0,4.0,1.0,1.0,0.0,0.0
synthext0180aaaaaaaaaaaaaaaaaaaaaa:1.4.0->1.4.1,synthext0180aaaaaaaaaaaaaaaaaaaaaa,Reader Tool 180,reader,2026-06-06,synthetic,benign,,False,0.25,1.0,1.0,1.0,1.0,0.0,0.0,0.0,0.0,0.0,-2.0,0.0,0.0,1.0,0.0,0.0,0.0,0.0,0.0,0.0,0.0,0.0,0.0,0.0,0.0,0.0,0.0,0.0,0.0,0.0
synthext0180aaaaaaaaaaaaaaaaaaaaaa:1.4.1->1.4.2,synthext0180aaaaaaaaaaaaaaaaaaaaaa,Reader Tool 180,reader,2026-09-13,synthetic,benign,,False,0.6,4.0,1.0,1.0,4.0,1.0,105.0,105.0,0.0,0.0,1.0,0.0,0.0,-1.0,0.0,0.0,0.0,0.0,0.0,0.0,0.0,0.0,0.0,0.0,0.0,0.0,1.0,0.0,0.0,0.0
synthext0180aaaaaaaaaaaaaaaaaaaaaa:1.4.2->1.4.3,synthext0180aaaaaaaaaaaaaaaaaaaaaa,Reader Tool 180,reader,2026-03-13,synthetic,benign,,False,0.68,3.0,2.0,2.0,3.0,2.0,154.0,86.0,0.0,0.0,-2.0,0.0,0.0,-1.0,0.0,0.0,0.0,2.0,0.0,0.0,0.0,0.0,0.0,0.0,0.0,2.0,1.0,0.0,0.0,0.0
synthext0180aaaaaaaaaaaaaaaaaaaaaa:1.4.3->1.4.4,synthext0180aaaaaaaaaaaaaaaaaaaaaa,Reader Tool 180,reader,2026-09-20,synthetic,benign,,False,0.0,-1.0,0.0,0.0,-1.0,0.0,0.0,0.0,0.0,0.0,-1.0,0.0,0.0,-1.0,0.0,0.0,0.0,-2.0,0.0,0.0,0.0,0.0,0.0,0.0,0.0,-2.0,0.0,0.0,0.0,0.0
synthext0181aaaaaaaaaaaaaaaaaaaaaa:1.4.0->1.4.1,synthext0181aaaaaaaaaaaaaaaaaaaaaa,Shopper Tool 181,shopper,2026-01-10,synthetic,benign,,False,0.7,5.0,1.0,1.0,5.0,1.0,32.0,32.0,0.0,0.0,1.0,0.0,0.0,1.0,0.0,0.0,0.0,0.0,0.0,0.0,0.0,0.0,0.0,0.0,0.0,0.0,1.0,0.0,0.0,0.0
synthext0181aaaaaaaaaaaaaaaaaaaaaa:1.4.1->1.4.2,synthext0181aaaaaaaaaaaaaaaaaaaaaa,Shopper Tool 181,shopper,2026-03-05,synthetic,malicious,history_exfil,True,0.9298,4.0,1.0,1.0,4.0,1.0,487.0,487.0,0.0,1.0,-3.0,0.0,0.0,1.0,0.0,0.0,0.0,1.0,1.0,1.0,2.0,1.0,0.0,0.0,0.0,0.0,1.0,1.0,0.0,0.0
synthext0181aaaaaaaaaaaaaaaaaaaaaa:1.4.2->1.4.3,synthext0181aaaaaaaaaaaaaaaaaaaaaa,Shopper Tool 181,shopper,2026-11-11,synthetic,malicious,keylogger,False,0.808,2.0,2.0,2.0,2.0,1.0,91.0,91.0,0.0,0.0,5.0,0.0,0.0,0.0,0.0,0.0,0.0,2.0,0.0,0.0,1.0,1.0,0.0,0.0,0.0,2.0,0.0,1.0,0.0,0.0
synthext0181aaaaaaaaaaaaaaaaaaaaaa:1.4.3->1.4.4,synthext0181aaaaaaaaaaaaaaaaaaaaaa,Shopper Tool 181,shopper,2026-08-17,synthetic,benign,,False,0.0,1.0,1.0,1.0,1.0,0.0,0.0,0.0,0.0,0.0,1.0,0.0,0.0,0.0,0.0,0.0,0.0,-2.0,0.0,0.0,0.0,0.0,0.0,0.0,0.0,-2.0,0.0,0.0,0.0,0.0
synthext0182aaaaaaaaaaaaaaaaaaaaaa:1.4.0->1.4.1,synthext0182aaaaaaaaaaaaaaaaaaaaaa,Contacts Tool 182,contacts,2026-09-18,synthetic,malicious,keylogger,True,0.6,1.0,1.0,1.0,1.0,1.0,254.0,254.0,0.0,0.0,2.0,0.0,-2.0,0.0,0.0,0.0,0.0,-1.0,0.0,0.0,0.0,0.0,0.0,0.0,0.0,-1.0,1.0,0.0,0.0,0.0
synthext0182aaaaaaaaaaaaaaaaaaaaaa:1.4.1->1.4.2,synthext0182aaaaaaaaaaaaaaaaaaaaaa,Contacts Tool 182,contacts,2026-03-18,synthetic,benign,,False,0.76,1.0,1.0,1.0,1.0,1.0,102.0,102.0,0.0,0.0,0.0,0.0,0.0,-1.0,0.0,0.0,0.0,0.0,0.0,0.0,1.0,1.0,0.0,0.0,0.0,0.0,0.0,1.0,0.0,0.0
synthext0182aaaaaaaaaaaaaaaaaaaaaa:1.4.2->1.4.3,synthext0182aaaaaaaaaaaaaaaaaaaaaa,Contacts Tool 182,contacts,2026-11-03,synthetic,malicious,sw_beacon,True,0.844,0.0,1.0,1.0,0.0,1.0,51.0,51.0,0.0,1.0,2.0,0.0,2.0,0.0,1.0,0.0,0.0,3.0,1.0,1.0,0.0,0.0,0.0,0.0,0.0,2.0,1.0,0.0,0.0,0.0
synthext0182aaaaaaaaaaaaaaaaaaaaaa:1.4.3->1.4.4,synthext0182aaaaaaaaaaaaaaaaaaaaaa,Contacts Tool 182,contacts,2026-03-11,synthetic,malicious,clipboard_steal,True,0.7,4.0,1.0,1.0,4.0,1.0,134.0,134.0,0.0,0.0,0.0,0.0,-1.0,3.0,0.0,0.0,0.0,4.0,0.0,0.0,0.0,0.0,0.0,0.0,0.0,4.0,1.0,0.0,0.0,0.0
synthext0183aaaaaaaaaaaaaaaaaaaaaa:1.4.0->1.4.1,synthext0183aaaaaaaaaaaaaaaaaaaaaa,Passmgr Tool 183,passmgr,2026-05-23,synthetic,malicious,form_jacking,True,0.97,1.0,2.0,2.0,1.0,1.0,561.0,561.0,0.0,0.0,3.0,1.0,0.0,3.0,0.0,0.0,0.0,3.0,0.0,0.0,0.0,0.0,0.0,1.0,1.0,3.0,1.0,0.0,0.0,0.0
synthext0183aaaaaaaaaaaaaaaaaaaaaa:1.4.1->1.4.2,synthext0183aaaaaaaaaaaaaaaaaaaaaa,Passmgr Tool 183,passmgr,2026-05-29,synthetic,benign,,False,0.0,1.0,0.0,0.0,1.0,0.0,0.0,0.0,0.0,0.0,2.0,0.0,0.0,-1.0,0.0,0.0,0.0,2.0,0.0,0.0,0.0,0.0,0.0,0.0,0.0,2.0,0.0,0.0,0.0,0.0
synthext0183aaaaaaaaaaaaaaaaaaaaaa:1.4.2->1.4.3,synthext0183aaaaaaaaaaaaaaaaaaaaaa,Passmgr Tool 183,passmgr,2026-05-06,synthetic,malicious,sw_beacon,False,0.9688,2.0,2.0,2.0,2.0,2.0,270.0,163.0,0.0,1.0,-1.0,0.0,0.0,-1.0,1.0,0.0,0.0,-1.0,1.0,1.0,0.0,0.0,0.0,2.0,2.0,-2.0,2.0,0.0,0.0,0.0
synthext0183aaaaaaaaaaaaaaaaaaaaaa:1.4.3->1.4.4,synthext0183aaaaaaaaaaaaaaaaaaaaaa,Passmgr Tool 183,passmgr,2026-11-05,synthetic,benign,,False,0.0,2.0,1.0,1.0,2.0,0.0,0.0,0.0,0.0,0.0,0.0,0.0,0.0,-1.0,0.0,0.0,0.0,0.0,0.0,0.0,1.0,0.0,0.0,0.0,0.0,0.0,0.0,0.0,0.0,0.0
synthext0184aaaaaaaaaaaaaaaaaaaaaa:1.4.0->1.4.1,synthext0184aaaaaaaaaaaaaaaaaaaaaa,Weather Tool 184,weather,2026-06-22,synthetic,malicious,cookie_theft,False,0.9912,1.0,1.0,1.0,1.0,1.0,337.0,337.0,0.0,1.0,2.0,1.0,0.0,0.0,1.0,1.0,1.0,6.0,1.0,1.0,0.0,0.0,0.0,1.0,1.0,5.0,1.0,0.0,0.0,0.0
synthext0184aaaaaaaaaaaaaaaaaaaaaa:1.4.1->1.4.2,synthext0184aaaaaaaaaaaaaaaaaaaaaa,Weather Tool 184,weather,2026-04-09,synthetic,benign,,False,0.0,-1.0,0.0,0.0,-1.0,0.0,0.0,0.0,0.0,0.0,1.0,0.0,0.0,-1.0,0.0,0.0,0.0,-2.0,0.0,0.0,1.0,0.0,0.0,0.0,0.0,-2.0,0.0,0.0,0.0,0.0
synthext0184aaaaaaaaaaaaaaaaaaaaaa:1.4.2->1.4.3,synthext0184aaaaaaaaaaaaaaaaaaaaaa,Weather Tool 184,weather,2026-09-12,synthetic,benign,,False,0.76,2.0,1.0,1.0,2.0,1.0,257.0,257.0,0.0,0.0,0.0,0.0,0.0,0.0,0.0,0.0,0.0,0.0,0.0,0.0,1.0,1.0,0.0,0.0,0.0,0.0,1.0,1.0,0.0,0.0
synthext0184aaaaaaaaaaaaaaaaaaaaaa:1.4.3->1.4.4,synthext0184aaaaaaaaaaaaaaaaaaaaaa,Weather Tool 184,weather,2026-07-17,synthetic,malicious,clipboard_steal,True,0.6,0.0,1.0,1.0,0.0,1.0,292.0,292.0,0.0,0.0,0.0,0.0,0.0,0.0,0.0,0.0,0.0,3.0,0.0,0.0,0.0,0.0,0.0,0.0,0.0,3.0,1.0,0.0,0.0,0.0
synthext0185aaaaaaaaaaaaaaaaaaaaaa:1.1.0->1.1.1,synthext0185aaaaaaaaaaaaaaaaaaaaaa,Translate Tool 185,translate,2026-11-18,synthetic,benign,,False,0.25,1.0,1.0,1.0,1.0,0.0,0.0,0.0,0.0,0.0,0.0,0.0,0.0,3.0,0.0,0.0,0.0,0.0,0.0,0.0,0.0,0.0,0.0,0.0,0.0,0.0,0.0,0.0,0.0,0.0
synthext0185aaaaaaaaaaaaaaaaaaaaaa:1.1.1->1.1.2,synthext0185aaaaaaaaaaaaaaaaaaaaaa,Translate Tool 185,translate,2026-10-04,synthetic,benign,,False,0.25,2.0,1.0,1.0,2.0,0.0,0.0,0.0,0.0,0.0,-2.0,0.0,0.0,1.0,0.0,0.0,0.0,4.0,0.0,0.0,0.0,0.0,0.0,0.0,0.0,4.0,0.0,0.0,0.0,0.0
synthext0185aaaaaaaaaaaaaaaaaaaaaa:1.1.2->1.1.3,synthext0185aaaaaaaaaaaaaaaaaaaaaa,Translate Tool 185,translate,2026-02-28,synthetic,malicious,credential_theft,False,0.96,4.0,2.0,2.0,4.0,1.0,713.0,713.0,0.0,0.0,0.0,1.0,1.0,0.0,0.0,0.0,0.0,0.0,0.0,0.0,0.0,0.0,0.0,1.0,1.0,0.0,1.0,0.0,0.0,0.0
synthext0185aaaaaaaaaaaaaaaaaaaaaa:1.1.3->1.1.4,synthext0185aaaaaaaaaaaaaaaaaaaaaa,Translate Tool 185,translate,2026-03-14,synthetic,malicious,ad_affiliate,False,0.25,3.0,1.0,1.0,3.0,0.0,0.0,0.0,0.0,0.0,-2.0,0.0,0.0,8.0,0.0,0.0,0.0,0.0,0.0,0.0,1.0,0.0,0.0,0.0,0.0,0.0,0.0,0.0,0.0,0.0
synthext0186aaaaaaaaaaaaaaaaaaaaaa:1.5.0->1.5.1,synthext0186aaaaaaaaaaaaaaaaaaaaaa,Adblocker Tool 186,adblocker,2026-06-01,synthetic,malicious,clipboard_steal,True,0.6,0.0,1.0,1.0,0.0,1.0,350.0,350.0,0.0,0.0,-1.0,0.0,0.0,0.0,0.0,0.0,0.0,3.0,0.0,0.0,0.0,0.0,0.0,0.0,0.0,3.0,0.0,0.0,0.0,0.0
synthext0186aaaaaaaaaaaaaaaaaaaaaa:1.5.1->1.5.2,synthext0186aaaaaaaaaaaaaaaaaaaaaa,Adblocker Tool 186,adblocker,2026-04-30,synthetic,benign,,False,0.0,3.0,1.0,1.0,3.0,0.0,0.0,0.0,0.0,0.0,-2.0,0.0,0.0,0.0,0.0,0.0,0.0,4.0,0.0,0.0,0.0,0.0,0.0,0.0,0.0,4.0,0.0,0.0,0.0,0.0
synthext0186aaaaaaaaaaaaaaaaaaaaaa:1.5.2->1.5.3,synthext0186aaaaaaaaaaaaaaaaaaaaaa,Adblocker Tool 186,adblocker,2026-08-11,synthetic,malicious,form_jacking,True,0.96,5.0,2.0,2.0,5.0,1.0,78.0,78.0,0.0,0.0,-1.0,1.0,0.0,0.0,0.0,0.0,0.0,3.0,0.0,0.0,0.0,0.0,0.0,1.0,1.0,3.0,1.0,0.0,0.0,0.0
synthext0186aaaaaaaaaaaaaaaaaaaaaa:1.5.3->1.5.4,synthext0186aaaaaaaaaaaaaaaaaaaaaa,Adblocker Tool 186,adblocker,2026-04-20,synthetic,benign,,False,0.7,0.0,1.0,1.0,0.0,1.0,216.0,216.0,0.0,0.0,0.0,0.0,0.0,1.0,0.0,0.0,0.0,2.0,0.0,0.0,0.0,0.0,0.0,0.0,0.0,2.0,1.0,0.0,0.0,0.0
synthext0187aaaaaaaaaaaaaaaaaaaaaa:1.1.0->1.1.1,synthext0187aaaaaaaaaaaaaaaaaaaaaa,Coupon Tool 187,coupon,2026-10-08,synthetic,malicious,credential_theft,True,0.97,3.0,2.0,2.0,3.0,2.0,517.0,402.0,0.0,0.0,-1.0,1.0,1.0,2.0,0.0,0.0,0.0,-2.0,0.0,0.0,0.0,0.0,0.0,1.0,1.0,-2.0,2.0,0.0,0.0,0.0
synthext0187aaaaaaaaaaaaaaaaaaaaaa:1.1.1->1.1.2,synthext0187aaaaaaaaaaaaaaaaaaaaaa,Coupon Tool 187,coupon,2026-02-18,synthetic,benign,,False,0.6,2.0,1.0,1.0,2.0,1.0,77.0,77.0,0.0,0.0,-1.0,0.0,0.0,0.0,0.0,0.0,0.0,2.0,0.0,0.0,0.0,0.0,0.0,0.0,0.0,2.0,1.0,0.0,0.0,0.0
synthext0187aaaaaaaaaaaaaaaaaaaaaa:1.1.2->1.1.3,synthext0187aaaaaaaaaaaaaaaaaaaaaa,Coupon Tool 187,coupon,2026-07-24,synthetic,benign,,False,0.0,0.0,0.0,0.0,0.0,0.0,0.0,0.0,0.0,0.0,0.0,0.0,0.0,0.0,0.0,0.0,0.0,1.0,0.0,0.0,0.0,0.0,0.0,0.0,0.0,1.0,0.0,0.0,0.0,0.0
synthext0187aaaaaaaaaaaaaaaaaaaaaa:1.1.3->1.1.4,synthext0187aaaaaaaaaaaaaaaaaaaaaa,Coupon Tool 187,coupon,2026-01-09,synthetic,benign,,False,0.0,1.0,1.0,1.0,1.0,0.0,0.0,0.0,0.0,0.0,0.0,0.0,0.0,-1.0,0.0,0.0,0.0,2.0,0.0,0.0,0.0,0.0,0.0,0.0,0.0,2.0,0.0,0.0,0.0,0.0
synthext0188aaaaaaaaaaaaaaaaaaaaaa:1.6.0->1.6.1,synthext0188aaaaaaaaaaaaaaaaaaaaaa,Screenshot Tool 188,screenshot,2026-03-10,synthetic,malicious,redirect_hijack,True,0.35,1.0,1.0,1.0,1.0,0.0,0.0,0.0,0.0,0.0,-1.0,0.0,0.0,-1.0,0.0,0.0,0.0,1.0,1.0,1.0,0.0,0.0,0.0,0.0,0.0,0.0,0.0,0.0,0.0,0.0
synthext0188aaaaaaaaaaaaaaaaaaaaaa:1.6.1->1.6.2,synthext0188aaaaaaaaaaaaaaaaaaaaaa,Screenshot Tool 188,screenshot,2026-08-10,synthetic,malicious,ad_affiliate,True,0.4,3.0,2.0,2.0,3.0,0.0,0.0,0.0,0.0,0.0,2.0,0.0,0.0,7.0,0.0,0.0,0.0,0.0,0.0,0.0,0.0,0.0,0.0,0.0,0.0,0.0,0.0,0.0,0.0,0.0
synthext0188aaaaaaaaaaaaaaaaaaaaaa:1.6.2->1.6.3,synthext0188aaaaaaaaaaaaaaaaaaaaaa,Screenshot Tool 188,screenshot,2026-04-13,synthetic,benign,,False,0.68,2.0,2.0,2.0,2.0,1.0,89.0,89.0,0.0,0.0,0.0,0.0,0.0,-1.0,0.0,0.0,0.0,1.0,0.0,0.0,0.0,0.0,0.0,0.0,0.0,1.0,1.0,0.0,0.0,0.0
synthext0188aaaaaaaaaaaaaaaaaaaaaa:1.6.3->1.6.4,synthext0188aaaaaaaaaaaaaaaaaaaaaa,Screenshot Tool 188,screenshot,2026-11-10,synthetic,malicious,form_jacking,True,0.95,5.0,1.0,1.0,5.0,1.0,562.0,562.0,0.0,0.0,-1.0,1.0,0.0,0.0,0.0,0.0,0.0,5.0,0.0,0.0,0.0,0.0,0.0,1.0,1.0,5.0,0.0,0.0,0.0,0.0
synthext0189aaaaaaaaaaaaaaaaaaaaaa:1.3.0->1.3.1,synthext0189aaaaaaaaaaaaaaaaaaaaaa,Notes Tool 189,notes,2026-05-24,synthetic,malicious,sw_beacon,True,0.844,0.0,1.0,1.0,0.0,1.0,176.0,176.0,0.0,1.0,2.0,0.0,0.0,0.0,1.0,0.0,0.0,3.0,1.0,1.0,1.0,0.0,0.0,0.0,0.0,2.0,1.0,0.0,0.0,0.0
synthext0189aaaaaaaaaaaaaaaaaaaaaa:1.3.1->1.3.2,synthext0189aaaaaaaaaaaaaaaaaaaaaa,Notes Tool 189,notes,2026-09-15,synthetic,malicious,cookie_theft,True,0.9963,1.0,1.0,1.0,1.0,1.0,2465.0,2465.0,0.0,1.0,-1.0,1.0,0.0,0.0,1.0,1.0,1.0,1.0,1.0,1.0,1.0,1.0,0.0,1.0,1.0,0.0,0.0,1.0,0.0,0.0
synthext0189aaaaaaaaaaaaaaaaaaaaaa:1.3.2->1.3.3,synthext0189aaaaaaaaaaaaaaaaaaaaaa,Notes Tool 189,notes,2026-10-03,synthetic,benign,,False,0.82,1.0,1.0,1.0,1.0,1.0,72.0,72.0,0.0,0.0,0.0,0.0,0.0,2.0,0.0,0.0,0.0,-2.0,0.0,0.0,1.0,1.0,0.0,0.0,0.0,-2.0,0.0,1.0,0.0,0.0
synthext0189aaaaaaaaaaaaaaaaaaaaaa:1.3.3->1.3.4,synthext0189aaaaaaaaaaaaaaaaaaaaaa,Notes Tool 189,notes,2026-05-02,synthetic,malicious,clipboard_steal,False,0.6,1.0,1.0,1.0,1.0,1.0,305.0,305.0,0.0,0.0,0.0,0.0,0.0,-1.0,0.0,0.0,0.0,4.0,0.0,0.0,0.0,0.0,0.0,0.0,0.0,4.0,1.0,0.0,0.0,0.0
synthext0190aaaaaaaaaaaaaaaaaaaaaa:1.1.0->1.1.1,synthext0190aaaaaaaaaaaaaaaaaaaaaa,Dictionary Tool 190,dictionary,2026-11-15,synthetic,malicious,keylogger,True,0.68,2.0,3.0,3.0,2.0,2.0,93.0,60.0,0.0,0.0,11.0,0.0,0.0,0.0,0.0,0.0,0.0,2.0,0.0,0.0,0.0,0.0,0.0,0.0,0.0,2.0,2.0,0.0,0.0,0.0
synthext0190aaaaaaaaaaaaaaaaaaaaaa:1.1.1->1.1.2,synthext0190aaaaaaaaaaaaaaaaaaaaaa,Dictionary Tool 190,dictionary,2026-03-16,synthetic,benign,,False,0.0,1.0,0.0,0.0,1.0,0.0,0.0,0.0,0.0,0.0,2.0,0.0,0.0,-1.0,0.0,0.0,0.0,-2.0,0.0,0.0,0.0,0.0,0.0,0.0,0.0,-2.0,0.0,0.0,0.0,0.0
synthext0190aaaaaaaaaaaaaaaaaaaaaa:1.1.2->1.1.3,synthext0190aaaaaaaaaaaaaaaaaaaaaa,Dictionary Tool 190,dictionary,2026-03-03,synthetic,benign,,False,0.68,1.0,2.0,2.0,1.0,1.0,182.0,182.0,0.0,0.0,-1.0,0.0,0.0,-1.0,0.0,0.0,0.0,-2.0,0.0,0.0,0.0,0.0,0.0,0.0,0.0,-2.0,0.0,0.0,0.0,0.0
synthext0190aaaaaaaaaaaaaaaaaaaaaa:1.1.3->1.1.4,synthext0190aaaaaaaaaaaaaaaaaaaaaa,Dictionary Tool 190,dictionary,2026-09-06,synthetic,malicious,ad_affiliate,True,0.25,1.0,1.0,1.0,1.0,0.0,0.0,0.0,0.0,0.0,-2.0,0.0,0.0,4.0,0.0,0.0,0.0,0.0,0.0,0.0,0.0,0.0,0.0,0.0,0.0,0.0,0.0,0.0,0.0,0.0
synthext0191aaaaaaaaaaaaaaaaaaaaaa:1.3.0->1.3.1,synthext0191aaaaaaaaaaaaaaaaaaaaaa,Videohelper Tool 191,videohelper,2026-10-10,synthetic,benign,,False,0.55,1.0,1.0,1.0,1.0,0.0,0.0,0.0,0.0,0.0,-2.0,0.0,0.0,1.0,0.0,0.0,0.0,-2.0,0.0,0.0,1.0,1.0,0.0,0.0,0.0,-2.0,0.0,1.0,0.0,0.0
synthext0191aaaaaaaaaaaaaaaaaaaaaa:1.3.1->1.3.2,synthext0191aaaaaaaaaaaaaaaaaaaaaa,Videohelper Tool 191,videohelper,2026-08-13,synthetic,malicious,credential_theft,False,0.9625,1.0,1.0,1.0,1.0,1.0,143.0,143.0,0.0,0.0,4.0,1.0,1.0,1.0,0.0,0.0,0.0,0.0,0.0,0.0,0.0,0.0,0.0,1.0,1.0,0.0,1.0,0.0,0.0,0.0
synthext0191aaaaaaaaaaaaaaaaaaaaaa:1.3.2->1.3.3,synthext0191aaaaaaaaaaaaaaaaaaaaaa,Videohelper Tool 191,videohelper,2026-06-09,synthetic,malicious,cookie_theft,False,0.993,1.0,2.0,2.0,1.0,2.0,825.0,771.0,0.0,1.0,2.0,1.0,0.0,0.0,1.0,1.0,1.0,4.0,1.0,1.0,0.0,0.0,0.0,1.0,1.0,3.0,1.0,0.0,0.0,0.0
synthext0191aaaaaaaaaaaaaaaaaaaaaa:1.3.3->1.3.4,synthext0191aaaaaaaaaaaaaaaaaaaaaa,Videohelper Tool 191,videohelper,2026-03-27,synthetic,benign,,False,0.25,3.0,1.0,1.0,3.0,0.0,0.0,0.0,0.0,0.0,0.0,0.0,0.0,2.0,0.0,0.0,0.0,-2.0,0.0,0.0,0.0,0.0,0.0,0.0,0.0,-2.0,0.0,0.0,0.0,0.0
synthext0192aaaaaaaaaaaaaaaaaaaaaa:1.6.0->1.6.1,synthext0192aaaaaaaaaaaaaaaaaaaaaa,Reader Tool 192,reader,2026-05-26,synthetic,benign,,False,0.25,0.0,0.0,0.0,0.0,0.0,0.0,0.0,0.0,0.0,-3.0,0.0,0.0,3.0,0.0,0.0,0.0,0.0,0.0,0.0,1.0,0.0,0.0,0.0,0.0,0.0,0.0,0.0,0.0,0.0
synthext0192aaaaaaaaaaaaaaaaaaaaaa:1.6.1->1.6.2,synthext0192aaaaaaaaaaaaaaaaaaaaaa,Reader Tool 192,reader,2026-08-09,synthetic,benign,,False,0.68,3.0,2.0,2.0,3.0,1.0,154.0,154.0,0.0,0.0,2.0,0.0,0.0,0.0,0.0,0.0,0.0,0.0,0.0,0.0,0.0,0.0,0.0,0.0,0.0,0.0,0.0,0.0,0.0,0.0
synthext0192aaaaaaaaaaaaaaaaaaaaaa:1.6.2->1.6.3,synthext0192aaaaaaaaaaaaaaaaaaaaaa,Reader Tool 192,reader,2026-11-21,synthetic,benign,,False,0.68,3.0,2.0,2.0,3.0,2.0,338.0,257.0,0.0,0.0,-2.0,0.0,0.0,-1.0,0.0,0.0,0.0,2.0,0.0,0.0,0.0,0.0,0.0,0.0,0.0,2.0,1.0,0.0,0.0,0.0
synthext0192aaaaaaaaaaaaaaaaaaaaaa:1.6.3->1.6.4,synthext0192aaaaaaaaaaaaaaaaaaaaaa,Reader Tool 192,reader,2026-11-06,synthetic,malicious,clipboard_steal,False,0.7,4.0,1.0,1.0,4.0,1.0,387.0,387.0,0.0,0.0,2.0,0.0,0.0,3.0,0.0,0.0,0.0,0.0,0.0,0.0,0.0,0.0,0.0,0.0,0.0,0.0,0.0,0.0,0.0,0.0
synthext0193aaaaaaaaaaaaaaaaaaaaaa:1.2.0->1.2.1,synthext0193aaaaaaaaaaaaaaaaaaaaaa,Shopper Tool 193,shopper,2026-05-02,synthetic,benign,,False,0.6,2.0,1.0,1.0,2.0,1.0,139.0,139.0,0.0,0.0,2.0,0.0,0.0,0.0,0.0,0.0,0.0,0.0,0.0,0.0,0.0,0.0,0.0,0.0,0.0,0.0,0.0,0.0,0.0,0.0
synthext0193aaaaaaaaaaaaaaaaaaaaaa:1.2.1->1.2.2,synthext0193aaaaaaaaaaaaaaaaaaaaaa,Shopper Tool 193,shopper,2026-07-15,synthetic,malicious,keylogger,False,0.6,0.0,1.0,1.0,0.0,1.0,127.0,127.0,0.0,0.0,8.0,0.0,0.0,0.0,0.0,0.0,0.0,4.0,0.0,0.0,0.0,0.0,0.0,0.0,0.0,4.0,1.0,0.0,0.0,0.0
synthext0193aaaaaaaaaaaaaaaaaaaaaa:1.2.2->1.2.3,synthext0193aaaaaaaaaaaaaaaaaaaaaa,Shopper Tool 193,shopper,2026-10-08,synthetic,benign,,False,0.25,1.0,0.0,0.0,1.0,0.0,0.0,0.0,0.0,0.0,1.0,0.0,0.0,3.0,0.0,0.0,0.0,5.0,0.0,0.0,0.0,0.0,0.0,0.0,0.0,5.0,0.0,0.0,0.0,0.0
synthext0193aaaaaaaaaaaaaaaaaaaaaa:1.2.3->1.2.4,synthext0193aaaaaaaaaaaaaaaaaaaaaa,Shopper Tool 193,shopper,2026-09-28,synthetic,benign,,False,0.0,1.0,1.0,1.0,1.0,0.0,0.0,0.0,0.0,0.0,-3.0,0.0,0.0,0.0,0.0,0.0,0.0,0.0,0.0,0.0,0.0,0.0,0.0,0.0,0.0,0.0,0.0,0.0,0.0,0.0
synthext0194aaaaaaaaaaaaaaaaaaaaaa:1.3.0->1.3.1,synthext0194aaaaaaaaaaaaaaaaaaaaaa,Contacts Tool 194,contacts,2026-11-03,synthetic,malicious,ad_affiliate,False,0.25,2.0,1.0,1.0,2.0,0.0,0.0,0.0,0.0,0.0,-2.0,0.0,-2.0,3.0,0.0,0.0,0.0,-2.0,0.0,0.0,0.0,0.0,0.0,0.0,0.0,-2.0,0.0,0.0,0.0,0.0
synthext0194aaaaaaaaaaaaaaaaaaaaaa:1.3.1->1.3.2,synthext0194aaaaaaaaaaaaaaaaaaaaaa,Contacts Tool 194,contacts,2026-10-23,synthetic,benign,,False,0.25,2.0,1.0,1.0,2.0,0.0,0.0,0.0,0.0,0.0,2.0,0.0,1.0,1.0,0.0,0.0,0.0,2.0,0.0,0.0,1.0,0.0,0.0,0.0,0.0,2.0,0.0,0.0,0.0,0.0
synthext0194aaaaaaaaaaaaaaaaaaaaaa:1.3.2->1.3.3,synthext0194aaaaaaaaaaaaaaaaaaaaaa,Contacts Tool 194,contacts,2026-09-06,synthetic,malicious,ad_affiliate,False,0.25,1.0,1.0,1.0,1.0,0.0,0.0,0.0,0.0,0.0,-2.0,0.0,0.0,5.0,0.0,0.0,0.0,0.0,0.0,0.0,0.0,0.0,0.0,0.0,0.0,0.0,0.0,0.0,0.0,0.0
synthext0194aaaaaaaaaaaaaaaaaaaaaa:1.3.3->1.3.4,synthext0194aaaaaaaaaaaaaaaaaaaaaa,Contacts Tool 194,contacts,2026-06-11,synthetic,benign,,False,0.25,-1.0,0.0,0.0,-1.0,0.0,0.0,0.0,0.0,0.0,-2.0,0.0,-1.0,1.0,0.0,0.0,0.0,0.0,0.0,0.0,0.0,0.0,0.0,0.0,0.0,0.0,0.0,0.0,0.0,0.0
synthext0195aaaaaaaaaaaaaaaaaaaaaa:1.4.0->1.4.1,synthext0195aaaaaaaaaaaaaaaaaaaaaa,Passmgr Tool 195,passmgr,2026-02-28,synthetic,benign,,False,0.94,2.0,2.0,2.0,2.0,1.0,39.0,39.0,0.0,0.0,2.0,0.0,0.0,1.0,0.0,0.0,0.0,-2.0,0.0,0.0,0.0,0.0,0.0,1.0,1.0,-2.0,1.0,0.0,0.0,0.0
synthext0195aaaaaaaaaaaaaaaaaaaaaa:1.4.1->1.4.2,synthext0195aaaaaaaaaaaaaaaaaaaaaa,Passmgr Tool 195,passmgr,2026-10-04,synthetic,malicious,history_exfil,False,0.9869,2.0,2.0,2.0,2.0,2.0,1104.0,1041.0,0.0,1.0,1.0,0.0,0.0,0.0,0.0,0.0,0.0,1.0,1.0,1.0,2.0,2.0,0.0,2.0,2.0,0.0,1.0,2.0,0.0,0.0
synthext0195aaaaaaaaaaaaaaaaaaaaaa:1.4.2->1.4.3,synthext0195aaaaaaaaaaaaaaaaaaaaaa,Passmgr Tool 195,passmgr,2026-02-04,synthetic,benign,,False,0.25,0.0,1.0,1.0,0.0,0.0,0.0,0.0,0.0,0.0,-2.0,0.0,0.0,1.0,0.0,0.0,0.0,4.0,0.0,0.0,0.0,0.0,0.0,0.0,0.0,4.0,0.0,0.0,0.0,0.0
synthext0195aaaaaaaaaaaaaaaaaaaaaa:1.4.3->1.4.4,synthext0195aaaaaaaaaaaaaaaaaaaaaa,Passmgr Tool 195,passmgr,2026-05-30,synthetic,malicious,sw_beacon,True,0.9766,2.0,2.0,2.0,2.0,1.0,126.0,126.0,0.0,1.0,1.0,0.0,0.0,1.0,1.0,0.0,0.0,3.0,1.0,1.0,0.0,0.0,0.0,1.0,1.0,2.0,1.0,0.0,0.0,0.0
synthext0196aaaaaaaaaaaaaaaaaaaaaa:1.3.0->1.3.1,synthext0196aaaaaaaaaaaaaaaaaaaaaa,Weather Tool 196,weather,2026-07-13,synthetic,malicious,keylogger,False,0.6,0.0,1.0,1.0,0.0,1.0,240.0,240.0,0.0,0.0,4.0,0.0,0.0,-1.0,0.0,0.0,0.0,1.0,0.0,0.0,0.0,0.0,0.0,0.0,0.0,1.0,1.0,0.0,0.0,0.0
synthext0196aaaaaaaaaaaaaaaaaaaaaa:1.3.1->1.3.2,synthext0196aaaaaaaaaaaaaaaaaaaaaa,Weather Tool 196,weather,2026-05-16,synthetic,malicious,sw_beacon,False,0.883,1.0,1.0,1.0,1.0,1.0,598.0,598.0,0.0,1.0,1.0,0.0,0.0,1.0,1.0,0.0,0.0,1.0,1.0,1.0,0.0,0.0,0.0,0.0,0.0,0.0,1.0,0.0,0.0,0.0
synthext0196aaaaaaaaaaaaaaaaaaaaaa:1.3.2->1.3.3,synthext0196aaaaaaaaaaaaaaaaaaaaaa,Weather Tool 196,weather,2026-02-12,synthetic,benign,,False,0.0,0.0,0.0,0.0,0.0,0.0,0.0,0.0,0.0,0.0,-1.0,0.0,0.0,-1.0,0.0,0.0,0.0,0.0,0.0,0.0,1.0,0.0,0.0,0.0,0.0,0.0,0.0,0.0,0.0,0.0
synthext0196aaaaaaaaaaaaaaaaaaaaaa:1.3.3->1.3.4,synthext0196aaaaaaaaaaaaaaaaaaaaaa,Weather Tool 196,weather,2026-07-06,synthetic,benign,,False,0.7,1.0,1.0,1.0,1.0,1.0,108.0,108.0,0.0,0.0,0.0,0.0,0.0,1.0,0.0,0.0,0.0,4.0,0.0,0.0,0.0,0.0,0.0,0.0,0.0,4.0,1.0,0.0,0.0,0.0
synthext0197aaaaaaaaaaaaaaaaaaaaaa:1.3.0->1.3.1,synthext0197aaaaaaaaaaaaaaaaaaaaaa,Translate Tool 197,translate,2026-05-14,synthetic,benign,,False,0.0,-1.0,0.0,0.0,-1.0,0.0,0.0,0.0,0.0,0.0,2.0,0.0,0.0,-1.0,0.0,0.0,0.0,0.0,0.0,0.0,0.0,0.0,0.0,0.0,0.0,0.0,0.0,0.0,0.0,0.0
synthext0197aaaaaaaaaaaaaaaaaaaaaa:1.3.1->1.3.2,synthext0197aaaaaaaaaaaaaaaaaaaaaa,Translate Tool 197,translate,2026-08-27,synthetic,malicious,sw_beacon,False,0.883,1.0,1.0,1.0,1.0,1.0,273.0,273.0,0.0,1.0,2.0,0.0,0.0,1.0,1.0,0.0,0.0,1.0,1.0,1.0,0.0,0.0,0.0,0.0,0.0,0.0,1.0,0.0,0.0,0.0
synthext0197aaaaaaaaaaaaaaaaaaaaaa:1.3.2->1.3.3,synthext0197aaaaaaaaaaaaaaaaaaaaaa,Translate Tool 197,translate,2026-04-18,synthetic,malicious,form_jacking,False,0.97,1.0,2.0,2.0,1.0,2.0,398.0,319.0,0.0,0.0,2.0,1.0,0.0,1.0,0.0,0.0,0.0,-2.0,0.0,0.0,0.0,0.0,0.0,1.0,1.0,-2.0,2.0,0.0,0.0,0.0
synthext0197aaaaaaaaaaaaaaaaaaaaaa:1.3.3->1.3.4,synthext0197aaaaaaaaaaaaaaaaaaaaaa,Translate Tool 197,translate,2026-03-09,synthetic,benign,,False,0.68,2.0,2.0,2.0,2.0,1.0,64.0,64.0,0.0,0.0,1.0,0.0,0.0,-1.0,0.0,0.0,0.0,0.0,0.0,0.0,0.0,0.0,0.0,0.0,0.0,0.0,1.0,0.0,0.0,0.0
synthext0198aaaaaaaaaaaaaaaaaaaaaa:1.3.0->1.3.1,synthext0198aaaaaaaaaaaaaaaaaaaaaa,Adblocker Tool 198,adblocker,2026-10-22,synthetic,benign,,False,0.6,1.0,1.0,1.0,1.0,1.0,202.0,202.0,0.0,0.0,-2.0,0.0,0.0,0.0,0.0,0.0,0.0,0.0,0.0,0.0,0.0,0.0,0.0,0.0,0.0,0.0,0.0,0.0,0.0,0.0
synthext0198aaaaaaaaaaaaaaaaaaaaaa:1.3.1->1.3.2,synthext0198aaaaaaaaaaaaaaaaaaaaaa,Adblocker Tool 198,adblocker,2026-01-30,synthetic,benign,,False,0.76,2.0,2.0,2.0,2.0,1.0,244.0,244.0,0.0,0.0,1.0,0.0,0.0,1.0,0.0,0.0,0.0,0.0,0.0,0.0,0.0,0.0,0.0,0.0,0.0,0.0,0.0,0.0,0.0,0.0
synthext0198aaaaaaaaaaaaaaaaaaaaaa:1.3.2->1.3.3,synthext0198aaaaaaaaaaaaaaaaaaaaaa,Adblocker Tool 198,adblocker,2026-08-31,synthetic,benign,,False,0.6,2.0,1.0,1.0,2.0,1.0,86.0,86.0,0.0,0.0,0.0,0.0,0.0,0.0,0.0,0.0,0.0,0.0,0.0,0.0,0.0,0.0,0.0,0.0,0.0,0.0,1.0,0.0,0.0,0.0
synthext0198aaaaaaaaaaaaaaaaaaaaaa:1.3.3->1.3.4,synthext0198aaaaaaaaaaaaaaaaaaaaaa,Adblocker Tool 198,adblocker,2026-01-23,synthetic,benign,,False,0.0,2.0,1.0,1.0,2.0,0.0,0.0,0.0,0.0,0.0,-1.0,0.0,0.0,0.0,0.0,0.0,0.0,0.0,0.0,0.0,0.0,0.0,0.0,0.0,0.0,0.0,0.0,0.0,0.0,0.0
synthext0199aaaaaaaaaaaaaaaaaaaaaa:1.4.0->1.4.1,synthext0199aaaaaaaaaaaaaaaaaaaaaa,Coupon Tool 199,coupon,2026-10-31,synthetic,benign,,False,0.25,2.0,0.0,0.0,2.0,0.0,0.0,0.0,0.0,0.0,-2.0,0.0,0.0,1.0,0.0,0.0,0.0,0.0,0.0,0.0,0.0,0.0,0.0,0.0,0.0,0.0,0.0,0.0,0.0,0.0
synthext0199aaaaaaaaaaaaaaaaaaaaaa:1.4.1->1.4.2,synthext0199aaaaaaaaaaaaaaaaaaaaaa,Coupon Tool 199,coupon,2026-05-20,synthetic,malicious,redirect_hijack,True,0.8752,1.0,2.0,2.0,1.0,1.0,69.0,69.0,0.0,0.0,-1.0,0.0,0.0,-1.0,0.0,0.0,0.0,1.0,1.0,1.0,1.0,1.0,0.0,0.0,0.0,0.0,1.0,1.0,0.0,0.0
synthext0199aaaaaaaaaaaaaaaaaaaaaa:1.4.2->1.4.3,synthext0199aaaaaaaaaaaaaaaaaaaaaa,Coupon Tool 199,coupon,2026-06-17,synthetic,benign,,False,0.7,1.0,1.0,1.0,1.0,1.0,244.0,244.0,0.0,0.0,0.0,0.0,0.0,2.0,0.0,0.0,0.0,0.0,0.0,0.0,0.0,0.0,0.0,0.0,0.0,0.0,0.0,0.0,0.0,0.0
synthext0199aaaaaaaaaaaaaaaaaaaaaa:1.4.3->1.4.4,synthext0199aaaaaaaaaaaaaaaaaaaaaa,Coupon Tool 199,coupon,2026-11-11,synthetic,benign,,False,0.68,2.0,3.0,3.0,2.0,2.0,350.0,247.0,0.0,0.0,2.0,0.0,0.0,-1.0,0.0,0.0,0.0,2.0,0.0,0.0,0.0,0.0,0.0,0.0,0.0,2.0,1.0,0.0,0.0,0.0
synthext0200aaaaaaaaaaaaaaaaaaaaaa:1.6.0->1.6.1,synthext0200aaaaaaaaaaaaaaaaaaaaaa,Screenshot Tool 200,screenshot,2026-01-04,synthetic,malicious,ad_affiliate,True,0.25,2.0,1.0,1.0,2.0,0.0,0.0,0.0,0.0,0.0,0.0,0.0,0.0,2.0,0.0,0.0,0.0,0.0,0.0,0.0,0.0,0.0,0.0,0.0,0.0,0.0,0.0,0.0,0.0,0.0
synthext0200aaaaaaaaaaaaaaaaaaaaaa:1.6.1->1.6.2,synthext0200aaaaaaaaaaaaaaaaaaaaaa,Screenshot Tool 200,screenshot,2026-05-02,synthetic,benign,,False,0.25,1.0,0.0,0.0,1.0,0.0,0.0,0.0,0.0,0.0,-2.0,0.0,0.0,1.0,0.0,0.0,0.0,0.0,0.0,0.0,0.0,0.0,0.0,0.0,0.0,0.0,0.0,0.0,0.0,0.0
synthext0200aaaaaaaaaaaaaaaaaaaaaa:1.6.2->1.6.3,synthext0200aaaaaaaaaaaaaaaaaaaaaa,Screenshot Tool 200,screenshot,2026-11-12,synthetic,benign,,False,0.7,1.0,1.0,1.0,1.0,1.0,58.0,58.0,0.0,0.0,1.0,0.0,0.0,1.0,0.0,0.0,0.0,0.0,0.0,0.0,0.0,0.0,0.0,0.0,0.0,0.0,1.0,0.0,0.0,0.0
synthext0200aaaaaaaaaaaaaaaaaaaaaa:1.6.3->1.6.4,synthext0200aaaaaaaaaaaaaaaaaaaaaa,Screenshot Tool 200,screenshot,2026-09-13,synthetic,malicious,history_exfil,False,0.9064,3.0,2.0,2.0,3.0,1.0,326.0,326.0,0.0,1.0,2.0,0.0,0.0,2.0,0.0,0.0,0.0,1.0,1.0,1.0,0.0,0.0,0.0,0.0,0.0,0.0,0.0,0.0,0.0,0.0
synthext0201aaaaaaaaaaaaaaaaaaaaaa:1.6.0->1.6.1,synthext0201aaaaaaaaaaaaaaaaaaaaaa,Notes Tool 201,notes,2026-07-02,synthetic,malicious,form_jacking,False,0.97,3.0,2.0,2.0,3.0,2.0,610.0,515.0,0.0,0.0,3.0,1.0,0.0,1.0,0.0,0.0,0.0,3.0,0.0,0.0,0.0,0.0,0.0,1.0,1.0,3.0,1.0,0.0,0.0,0.0
synthext0201aaaaaaaaaaaaaaaaaaaaaa:1.6.1->1.6.2,synthext0201aaaaaaaaaaaaaaaaaaaaaa,Notes Tool 201,notes,2026-04-23,synthetic,malicious,sw_beacon,True,0.844,0.0,1.0,1.0,0.0,1.0,420.0,420.0,0.0,1.0,1.0,0.0,0.0,-1.0,1.0,0.0,0.0,1.0,1.0,1.0,0.0,0.0,0.0,0.0,0.0,0.0,1.0,0.0,0.0,0.0
synthext0201aaaaaaaaaaaaaaaaaaaaaa:1.6.2->1.6.3,synthext0201aaaaaaaaaaaaaaaaaaaaaa,Notes Tool 201,notes,2026-02-07,synthetic,benign,,False,0.25,1.0,0.0,0.0,1.0,0.0,0.0,0.0,0.0,0.0,0.0,0.0,0.0,1.0,0.0,0.0,0.0,2.0,0.0,0.0,1.0,0.0,0.0,0.0,0.0,2.0,0.0,0.0,0.0,0.0
synthext0201aaaaaaaaaaaaaaaaaaaaaa:1.6.3->1.6.4,synthext0201aaaaaaaaaaaaaaaaaaaaaa,Notes Tool 201,notes,2026-03-22,synthetic,benign,,False,0.76,1.0,1.0,1.0,1.0,1.0,79.0,79.0,0.0,0.0,1.0,0.0,0.0,0.0,0.0,0.0,0.0,5.0,0.0,0.0,1.0,1.0,0.0,0.0,0.0,5.0,1.0,1.0,0.0,0.0
synthext0202aaaaaaaaaaaaaaaaaaaaaa:1.5.0->1.5.1,synthext0202aaaaaaaaaaaaaaaaaaaaaa,Dictionary Tool 202,dictionary,2026-08-03,synthetic,benign,,False,0.0,5.0,1.0,1.0,5.0,0.0,0.0,0.0,0.0,0.0,0.0,0.0,0.0,0.0,0.0,0.0,0.0,2.0,0.0,0.0,0.0,0.0,0.0,0.0,0.0,2.0,0.0,0.0,0.0,0.0
synthext0202aaaaaaaaaaaaaaaaaaaaaa:1.5.1->1.5.2,synthext0202aaaaaaaaaaaaaaaaaaaaaa,Dictionary Tool 202,dictionary,2026-02-01,synthetic,benign,,False,0.68,1.0,2.0,2.0,1.0,1.0,90.0,90.0,0.0,0.0,2.0,0.0,0.0,0.0,0.0,0.0,0.0,0.0,0.0,0.0,0.0,0.0,0.0,0.0,0.0,0.0,0.0,0.0,0.0,0.0
synthext0202aaaaaaaaaaaaaaaaaaaaaa:1.5.2->1.5.3,synthext0202aaaaaaaaaaaaaaaaaaaaaa,Dictionary Tool 202,dictionary,2026-01-31,synthetic,malicious,form_jacking,True,0.97,3.0,2.0,2.0,3.0,2.0,311.0,212.0,0.0,0.0,1.0,1.0,0.0,1.0,0.0,0.0,0.0,0.0,0.0,0.0,0.0,0.0,0.0,1.0,1.0,0.0,1.0,0.0,0.0,0.0
synthext0202aaaaaaaaaaaaaaaaaaaaaa:1.5.3->1.5.4,synthext0202aaaaaaaaaaaaaaaaaaaaaa,Dictionary Tool 202,dictionary,2026-09-07,synthetic,benign,,False,0.0,1.0,0.0,0.0,1.0,0.0,0.0,0.0,0.0,0.0,0.0,0.0,0.0,0.0,0.0,0.0,0.0,3.0,0.0,0.0,0.0,0.0,0.0,0.0,0.0,3.0,0.0,0.0,0.0,0.0
synthext0203aaaaaaaaaaaaaaaaaaaaaa:1.2.0->1.2.1,synthext0203aaaaaaaaaaaaaaaaaaaaaa,Videohelper Tool 203,videohelper,2026-10-14,synthetic,benign,,False,0.7,1.0,1.0,1.0,1.0,1.0,104.0,104.0,0.0,0.0,0.0,0.0,0.0,1.0,0.0,0.0,0.0,-2.0,0.0,0.0,0.0,0.0,0.0,0.0,0.0,-2.0,1.0,0.0,0.0,0.0
synthext0203aaaaaaaaaaaaaaaaaaaaaa:1.2.1->1.2.2,synthext0203aaaaaaaaaaaaaaaaaaaaaa,Videohelper Tool 203,videohelper,2026-08-22,synthetic,malicious,redirect_hijack,True,0.8752,2.0,2.0,2.0,2.0,1.0,127.0,127.0,0.0,0.0,-2.0,0.0,0.0,0.0,0.0,0.0,0.0,-1.0,1.0,1.0,1.0,1.0,0.0,0.0,0.0,-2.0,0.0,1.0,0.0,0.0
synthext0203aaaaaaaaaaaaaaaaaaaaaa:1.2.2->1.2.3,synthext0203aaaaaaaaaaaaaaaaaaaaaa,Videohelper Tool 203,videohelper,2026-06-03,synthetic,malicious,keylogger,False,0.7,1.0,1.0,1.0,1.0,1.0,220.0,220.0,0.0,0.0,10.0,0.0,0.0,3.0,0.0,0.0,0.0,2.0,0.0,0.0,0.0,0.0,0.0,0.0,0.0,2.0,1.0,0.0,0.0,0.0
synthext0203aaaaaaaaaaaaaaaaaaaaaa:1.2.3->1.2.4,synthext0203aaaaaaaaaaaaaaaaaaaaaa,Videohelper Tool 203,videohelper,2026-10-21,synthetic,benign,,False,0.68,3.0,2.0,2.0,3.0,1.0,77.0,77.0,0.0,0.0,0.0,0.0,0.0,0.0,0.0,0.0,0.0,2.0,0.0,0.0,0.0,0.0,0.0,0.0,0.0,2.0,1.0,0.0,0.0,0.0
synthext0204aaaaaaaaaaaaaaaaaaaaaa:1.2.0->1.2.1,synthext0204aaaaaaaaaaaaaaaaaaaaaa,Reader Tool 204,reader,2026-10-09,synthetic,benign,,False,0.6,1.0,1.0,1.0,1.0,1.0,79.0,79.0,0.0,0.0,-2.0,0.0,0.0,0.0,0.0,0.0,0.0,1.0,0.0,0.0,0.0,0.0,0.0,0.0,0.0,1.0,1.0,0.0,0.0,0.0
synthext0204aaaaaaaaaaaaaaaaaaaaaa:1.2.1->1.2.2,synthext0204aaaaaaaaaaaaaaaaaaaaaa,Reader Tool 204,reader,2026-02-28,synthetic,benign,,False,0.25,1.0,0.0,0.0,1.0,0.0,0.0,0.0,0.0,0.0,-2.0,0.0,0.0,1.0,0.0,0.0,0.0,0.0,0.0,0.0,0.0,0.0,0.0,0.0,0.0,0.0,0.0,0.0,0.0,0.0
synthext0204aaaaaaaaaaaaaaaaaaaaaa:1.2.2->1.2.3,synthext0204aaaaaaaaaaaaaaaaaaaaaa,Reader Tool 204,reader,2026-07-25,synthetic,benign,,False,0.7,1.0,1.0,1.0,1.0,1.0,92.0,92.0,0.0,0.0,-1.0,0.0,0.0,1.0,0.0,0.0,0.0,0.0,0.0,0.0,0.0,0.0,0.0,0.0,0.0,0.0,0.0,0.0,0.0,0.0
synthext0204aaaaaaaaaaaaaaaaaaaaaa:1.2.3->1.2.4,synthext0204aaaaaaaaaaaaaaaaaaaaaa,Reader Tool 204,reader,2026-07-19,synthetic,malicious,form_jacking,False,0.95,1.0,1.0,1.0,1.0,1.0,561.0,561.0,0.0,0.0,0.0,1.0,0.0,0.0,0.0,0.0,0.0,0.0,0.0,0.0,0.0,0.0,0.0,1.0,1.0,0.0,1.0,0.0,0.0,0.0
synthext0205aaaaaaaaaaaaaaaaaaaaaa:1.6.0->1.6.1,synthext0205aaaaaaaaaaaaaaaaaaaaaa,Shopper Tool 205,shopper,2026-08-21,synthetic,malicious,credential_theft,False,0.95,2.0,1.0,1.0,2.0,1.0,696.0,696.0,0.0,0.0,-1.0,1.0,1.0,-1.0,0.0,0.0,0.0,0.0,0.0,0.0,0.0,0.0,0.0,1.0,1.0,0.0,1.0,0.0,0.0,0.0
synthext0205aaaaaaaaaaaaaaaaaaaaaa:1.6.1->1.6.2,synthext0205aaaaaaaaaaaaaaaaaaaaaa,Shopper Tool 205,shopper,2026-05-21,synthetic,benign,,False,0.6,2.0,1.0,1.0,2.0,1.0,88.0,88.0,0.0,0.0,-1.0,0.0,0.0,-1.0,0.0,0.0,0.0,-2.0,0.0,0.0,0.0,0.0,0.0,0.0,0.0,-2.0,1.0,0.0,0.0,0.0
synthext0205aaaaaaaaaaaaaaaaaaaaaa:1.6.2->1.6.3,synthext0205aaaaaaaaaaaaaaaaaaaaaa,Shopper Tool 205,shopper,2026-04-03,synthetic,malicious,sw_beacon,True,0.8752,1.0,2.0,2.0,1.0,1.0,569.0,569.0,0.0,1.0,0.0,0.0,0.0,0.0,1.0,0.0,0.0,6.0,1.0,1.0,0.0,0.0,0.0,0.0,0.0,5.0,1.0,0.0,0.0,0.0
synthext0205aaaaaaaaaaaaaaaaaaaaaa:1.6.3->1.6.4,synthext0205aaaaaaaaaaaaaaaaaaaaaa,Shopper Tool 205,shopper,2026-10-18,synthetic,benign,,False,0.0,0.0,0.0,0.0,0.0,0.0,0.0,0.0,0.0,0.0,1.0,0.0,0.0,0.0,0.0,0.0,0.0,3.0,0.0,0.0,0.0,0.0,0.0,0.0,0.0,3.0,0.0,0.0,0.0,0.0
synthext0206aaaaaaaaaaaaaaaaaaaaaa:1.3.0->1.3.1,synthext0206aaaaaaaaaaaaaaaaaaaaaa,Contacts Tool 206,contacts,2026-03-30,synthetic,malicious,redirect_hijack,False,0.7075,3.0,1.0,1.0,3.0,0.0,0.0,0.0,0.0,0.0,2.0,0.0,0.0,1.0,0.0,0.0,0.0,-1.0,1.0,1.0,1.0,1.0,0.0,0.0,0.0,-2.0,0.0,1.0,0.0,0.0
synthext0206aaaaaaaaaaaaaaaaaaaaaa:1.3.1->1.3.2,synthext0206aaaaaaaaaaaaaaaaaaaaaa,Contacts Tool 206,contacts,2026-11-05,synthetic,malicious,cookie_theft,True,0.9971,2.0,2.0,2.0,2.0,1.0,1457.0,1457.0,0.0,1.0,1.0,1.0,1.0,0.0,1.0,1.0,1.0,2.0,1.0,1.0,1.0,1.0,0.0,1.0,1.0,1.0,0.0,1.0,0.0,0.0
synthext0206aaaaaaaaaaaaaaaaaaaaaa:1.3.2->1.3.3,synthext0206aaaaaaaaaaaaaaaaaaaaaa,Contacts Tool 206,contacts,2026-05-30,synthetic,benign,,False,0.76,1.0,2.0,2.0,1.0,1.0,53.0,53.0,0.0,0.0,-1.0,0.0,-1.0,1.0,0.0,0.0,0.0,0.0,0.0,0.0,0.0,0.0,0.0,0.0,0.0,0.0,1.0,0.0,0.0,0.0
synthext0206aaaaaaaaaaaaaaaaaaaaaa:1.3.3->1.3.4,synthext0206aaaaaaaaaaaaaaaaaaaaaa,Contacts Tool 206,contacts,2026-07-29,synthetic,benign,,False,0.68,2.0,2.0,2.0,2.0,1.0,96.0,96.0,0.0,0.0,3.0,0.0,2.0,0.0,0.0,0.0,0.0,0.0,0.0,0.0,0.0,0.0,0.0,0.0,0.0,0.0,1.0,0.0,0.0,0.0
synthext0207aaaaaaaaaaaaaaaaaaaaaa:1.2.0->1.2.1,synthext0207aaaaaaaaaaaaaaaaaaaaaa,Passmgr Tool 207,passmgr,2026-08-11,synthetic,malicious,clipboard_steal,True,0.94,2.0,2.0,2.0,2.0,1.0,373.0,373.0,0.0,0.0,3.0,0.0,0.0,1.0,0.0,0.0,0.0,4.0,0.0,0.0,0.0,0.0,0.0,1.0,1.0,4.0,1.0,0.0,0.0,0.0
synthext0207aaaaaaaaaaaaaaaaaaaaaa:1.2.1->1.2.2,synthext0207aaaaaaaaaaaaaaaaaaaaaa,Passmgr Tool 207,passmgr,2026-08-04,synthetic,malicious,sw_beacon,False,0.9766,5.0,3.0,3.0,5.0,3.0,264.0,121.0,0.0,1.0,1.0,0.0,0.0,1.0,1.0,0.0,0.0,3.0,1.0,1.0,0.0,0.0,0.0,3.0,3.0,2.0,3.0,0.0,0.0,0.0
synthext0207aaaaaaaaaaaaaaaaaaaaaa:1.2.2->1.2.3,synthext0207aaaaaaaaaaaaaaaaaaaaaa,Passmgr Tool 207,passmgr,2026-03-21,synthetic,benign,,False,0.0,2.0,1.0,1.0,2.0,0.0,0.0,0.0,0.0,0.0,1.0,0.0,0.0,0.0,0.0,0.0,0.0,-1.0,0.0,0.0,0.0,0.0,0.0,0.0,0.0,-1.0,0.0,0.0,0.0,0.0
synthext0207aaaaaaaaaaaaaaaaaaaaaa:1.2.3->1.2.4,synthext0207aaaaaaaaaaaaaaaaaaaaaa,Passmgr Tool 207,passmgr,2026-10-08,synthetic,benign,,False,0.0,1.0,0.0,0.0,1.0,0.0,0.0,0.0,0.0,0.0,2.0,0.0,0.0,0.0,0.0,0.0,0.0,2.0,0.0,0.0,0.0,0.0,0.0,0.0,0.0,2.0,0.0,0.0,0.0,0.0
synthext0208aaaaaaaaaaaaaaaaaaaaaa:1.6.0->1.6.1,synthext0208aaaaaaaaaaaaaaaaaaaaaa,Weather Tool 208,weather,2026-07-10,synthetic,malicious,sw_beacon,True,0.883,1.0,1.0,1.0,1.0,1.0,546.0,546.0,0.0,1.0,1.0,0.0,0.0,1.0,1.0,0.0,0.0,1.0,1.0,1.0,0.0,0.0,0.0,0.0,0.0,0.0,1.0,0.0,0.0,0.0
synthext0208aaaaaaaaaaaaaaaaaaaaaa:1.6.1->1.6.2,synthext0208aaaaaaaaaaaaaaaaaaaaaa,Weather Tool 208,weather,2026-10-01,synthetic,benign,,False,0.25,2.0,0.0,0.0,2.0,0.0,0.0,0.0,0.0,0.0,0.0,0.0,0.0,2.0,0.0,0.0,0.0,0.0,0.0,0.0,0.0,0.0,0.0,0.0,0.0,0.0,0.0,0.0,0.0,0.0
synthext0208aaaaaaaaaaaaaaaaaaaaaa:1.6.2->1.6.3,synthext0208aaaaaaaaaaaaaaaaaaaaaa,Weather Tool 208,weather,2026-06-24,synthetic,benign,,False,0.55,1.0,0.0,0.0,1.0,0.0,0.0,0.0,0.0,0.0,1.0,0.0,0.0,3.0,0.0,0.0,0.0,2.0,0.0,0.0,1.0,1.0,0.0,0.0,0.0,2.0,0.0,1.0,0.0,0.0
synthext0208aaaaaaaaaaaaaaaaaaaaaa:1.6.3->1.6.4,synthext0208aaaaaaaaaaaaaaaaaaaaaa,Weather Tool 208,weather,2026-10-20,synthetic,benign,,False,0.4,1.0,0.0,0.0,1.0,0.0,0.0,0.0,0.0,0.0,1.0,0.0,0.0,-1.0,0.0,0.0,0.0,2.0,0.0,0.0,1.0,1.0,0.0,0.0,0.0,2.0,0.0,1.0,0.0,0.0
synthext0209aaaaaaaaaaaaaaaaaaaaaa:1.2.0->1.2.1,synthext0209aaaaaaaaaaaaaaaaaaaaaa,Translate Tool 209,translate,2026-03-16,synthetic,malicious,redirect_hijack,False,0.61,2.0,1.0,1.0,2.0,0.0,0.0,0.0,0.0,0.0,-2.0,0.0,0.0,0.0,0.0,0.0,0.0,3.0,1.0,1.0,1.0,1.0,0.0,0.0,0.0,2.0,0.0,1.0,0.0,0.0
synthext0209aaaaaaaaaaaaaaaaaaaaaa:1.2.1->1.2.2,synthext0209aaaaaaaaaaaaaaaaaaaaaa,Translate Tool 209,translate,2026-04-03,synthetic,benign,,False,0.0,1.0,0.0,0.0,1.0,0.0,0.0,0.0,0.0,0.0,-1.0,0.0,0.0,-1.0,0.0,0.0,0.0,1.0,0.0,0.0,0.0,0.0,0.0,0.0,0.0,1.0,0.0,0.0,0.0,0.0
synthext0209aaaaaaaaaaaaaaaaaaaaaa:1.2.2->1.2.3,synthext0209aaaaaaaaaaaaaaaaaaaaaa,Translate Tool 209,translate,2026-03-26,synthetic,malicious,credential_theft,True,0.95,1.0,1.0,1.0,1.0,1.0,134.0,134.0,0.0,0.0,0.0,1.0,1.0,-1.0,0.0,0.0,0.0,2.0,0.0,0.0,0.0,0.0,0.0,1.0,1.0,2.0,1.0,0.0,0.0,0.0
synthext0209aaaaaaaaaaaaaaaaaaaaaa:1.2.3->1.2.4,synthext0209aaaaaaaaaaaaaaaaaaaaaa,Translate Tool 209,translate,2026-07-04,synthetic,benign,,False,0.76,2.0,2.0,2.0,2.0,1.0,67.0,67.0,0.0,0.0,1.0,0.0,0.0,2.0,0.0,0.0,0.0,0.0,0.0,0.0,0.0,0.0,0.0,0.0,0.0,0.0,1.0,0.0,0.0,0.0
synthext0210aaaaaaaaaaaaaaaaaaaaaa:1.1.0->1.1.1,synthext0210aaaaaaaaaaaaaaaaaaaaaa,Adblocker Tool 210,adblocker,2026-07-26,synthetic,benign,,False,0.6,0.0,1.0,1.0,0.0,1.0,136.0,136.0,0.0,0.0,0.0,0.0,0.0,0.0,0.0,0.0,0.0,3.0,0.0,0.0,0.0,0.0,0.0,0.0,0.0,3.0,0.0,0.0,0.0,0.0
synthext0210aaaaaaaaaaaaaaaaaaaaaa:1.1.1->1.1.2,synthext0210aaaaaaaaaaaaaaaaaaaaaa,Adblocker Tool 210,adblocker,2026-05-31,synthetic,malicious,cookie_theft,False,0.9971,2.0,2.0,2.0,2.0,1.0,2033.0,2033.0,0.0,1.0,1.0,1.0,0.0,0.0,1.0,1.0,1.0,6.0,1.0,1.0,2.0,2.0,0.0,1.0,1.0,5.0,1.0,2.0,0.0,0.0
synthext0210aaaaaaaaaaaaaaaaaaaaaa:1.1.2->1.1.3,synthext0210aaaaaaaaaaaaaaaaaaaaaa,Adblocker Tool 210,adblocker,2026-04-14,synthetic,benign,,False,0.76,3.0,2.0,2.0,3.0,1.0,59.0,59.0,0.0,0.0,2.0,0.0,0.0,2.0,0.0,0.0,0.0,2.0,0.0,0.0,0.0,0.0,0.0,0.0,0.0,2.0,1.0,0.0,0.0,0.0
synthext0210aaaaaaaaaaaaaaaaaaaaaa:1.1.3->1.1.4,synthext0210aaaaaaaaaaaaaaaaaaaaaa,Adblocker Tool 210,adblocker,2026-10-19,synthetic,malicious,cookie_theft,False,0.9978,2.0,2.0,2.0,2.0,2.0,1567.0,1479.0,0.0,1.0,-1.0,1.0,0.0,1.0,1.0,1.0,1.0,5.0,1.0,1.0,1.0,1.0,0.0,1.0,1.0,4.0,0.0,1.0,0.0,0.0
synthext0211aaaaaaaaaaaaaaaaaaaaaa:1.2.0->1.2.1,synthext0211aaaaaaaaaaaaaaaaaaaaaa,Coupon Tool 211,coupon,2026-10-11,synthetic,benign,,False,0.0,2.0,1.0,1.0,2.0,0.0,0.0,0.0,0.0,0.0,0.0,0.0,0.0,0.0,0.0,0.0,0.0,0.0,0.0,0.0,0.0,0.0,0.0,0.0,0.0,0.0,0.0,0.0,0.0,0.0
synthext0211aaaaaaaaaaaaaaaaaaaaaa:1.2.1->1.2.2,synthext0211aaaaaaaaaaaaaaaaaaaaaa,Coupon Tool 211,coupon,2026-10-22,synthetic,malicious,keylogger,False,0.76,1.0,2.0,2.0,1.0,2.0,267.0,218.0,0.0,0.0,10.0,0.0,0.0,1.0,0.0,0.0,0.0,0.0,0.0,0.0,1.0,0.0,0.0,0.0,0.0,0.0,1.0,0.0,0.0,0.0
synthext0211aaaaaaaaaaaaaaaaaaaaaa:1.2.2->1.2.3,synthext0211aaaaaaaaaaaaaaaaaaaaaa,Coupon Tool 211,coupon,2026-10-31,synthetic,benign,,False,0.6,2.0,1.0,1.0,2.0,1.0,64.0,64.0,0.0,0.0,-1.0,0.0,0.0,-1.0,0.0,0.0,0.0,2.0,0.0,0.0,0.0,0.0,0.0,0.0,0.0,2.0,1.0,0.0,0.0,0.0
synthext0211aaaaaaaaaaaaaaaaaaaaaa:1.2.3->1.2.4,synthext0211aaaaaaaaaaaaaaaaaaaaaa,Coupon Tool 211,coupon,2026-02-11,synthetic,benign,,False,0.76,1.0,2.0,2.0,1.0,2.0,275.0,203.0,0.0,0.0,0.0,0.0,0.0,1.0,0.0,0.0,0.0,0.0,0.0,0.0,0.0,0.0,0.0,0.0,0.0,0.0,2.0,0.0,0.0,0.0
synthext0212aaaaaaaaaaaaaaaaaaaaaa:1.6.0->1.6.1,synthext0212aaaaaaaaaaaaaaaaaaaaaa,Screenshot Tool 212,screenshot,2026-10-24,synthetic,malicious,history_exfil,False,0.9345,1.0,1.0,1.0,1.0,1.0,1495.0,1495.0,0.0,1.0,-1.0,0.0,0.0,-1.0,0.0,0.0,0.0,2.0,1.0,1.0,1.0,1.0,0.0,0.0,0.0,1.0,1.0,1.0,0.0,0.0
synthext0212aaaaaaaaaaaaaaaaaaaaaa:1.6.1->1.6.2,synthext0212aaaaaaaaaaaaaaaaaaaaaa,Screenshot Tool 212,screenshot,2026-02-18,synthetic,benign,,False,0.6,1.0,1.0,1.0,1.0,1.0,225.0,225.0,0.0,0.0,1.0,0.0,0.0,0.0,0.0,0.0,0.0,0.0,0.0,0.0,0.0,0.0,0.0,0.0,0.0,0.0,1.0,0.0,0.0,0.0
synthext0212aaaaaaaaaaaaaaaaaaaaaa:1.6.2->1.6.3,synthext0212aaaaaaaaaaaaaaaaaaaaaa,Screenshot Tool 212,screenshot,2026-09-26,synthetic,benign,,False,0.6,1.0,1.0,1.0,1.0,1.0,116.0,116.0,0.0,0.0,0.0,0.0,0.0,-1.0,0.0,0.0,0.0,2.0,0.0,0.0,0.0,0.0,0.0,0.0,0.0,2.0,0.0,0.0,0.0,0.0
synthext0212aaaaaaaaaaaaaaaaaaaaaa:1.6.3->1.6.4,synthext0212aaaaaaaaaaaaaaaaaaaaaa,Screenshot Tool 212,screenshot,2026-06-14,synthetic,malicious,redirect_hijack,False,0.35,0.0,1.0,1.0,0.0,0.0,0.0,0.0,0.0,0.0,-1.0,0.0,0.0,-1.0,0.0,0.0,0.0,1.0,1.0,1.0,0.0,0.0,0.0,0.0,0.0,0.0,0.0,0.0,0.0,0.0
synthext0213aaaaaaaaaaaaaaaaaaaaaa:1.6.0->1.6.1,synthext0213aaaaaaaaaaaaaaaaaaaaaa,Notes Tool 213,notes,2026-01-24,synthetic,malicious,form_jacking,True,0.97,4.0,3.0,3.0,4.0,2.0,254.0,190.0,0.0,0.0,2.0,1.0,0.0,5.0,0.0,0.0,0.0,1.0,0.0,0.0,0.0,0.0,0.0,1.0,1.0,1.0,2.0,0.0,0.0,0.0
synthext0213aaaaaaaaaaaaaaaaaaaaaa:1.6.1->1.6.2,synthext0213aaaaaaaaaaaaaaaaaaaaaa,Notes Tool 213,notes,2026-10-12,synthetic,benign,,False,0.0,2.0,0.0,0.0,2.0,0.0,0.0,0.0,0.0,0.0,0.0,0.0,0.0,0.0,0.0,0.0,0.0,0.0,0.0,0.0,1.0,0.0,0.0,0.0,0.0,0.0,0.0,0.0,0.0,0.0
synthext0213aaaaaaaaaaaaaaaaaaaaaa:1.6.2->1.6.3,synthext0213aaaaaaaaaaaaaaaaaaaaaa,Notes Tool 213,notes,2026-02-22,synthetic,malicious,keylogger,True,0.6,2.0,1.0,1.0,2.0,1.0,72.0,72.0,0.0,0.0,6.0,0.0,0.0,-1.0,0.0,0.0,0.0,2.0,0.0,0.0,0.0,0.0,0.0,0.0,0.0,2.0,0.0,0.0,0.0,0.0
synthext0213aaaaaaaaaaaaaaaaaaaaaa:1.6.3->1.6.4,synthext0213aaaaaaaaaaaaaaaaaaaaaa,Notes Tool 213,notes,2026-11-01,synthetic,benign,,False,0.55,0.0,1.0,1.0,0.0,0.0,0.0,0.0,0.0,0.0,0.0,0.0,0.0,1.0,0.0,0.0,0.0,-2.0,0.0,0.0,1.0,1.0,0.0,0.0,0.0,-2.0,0.0,1.0,0.0,0.0
synthext0214aaaaaaaaaaaaaaaaaaaaaa:1.0.0->1.0.1,synthext0214aaaaaaaaaaaaaaaaaaaaaa,Dictionary Tool 214,dictionary,2026-11-16,synthetic,benign,,False,0.0,0.0,1.0,1.0,0.0,0.0,0.0,0.0,0.0,0.0,0.0,0.0,0.0,0.0,0.0,0.0,0.0,-2.0,0.0,0.0,0.0,0.0,0.0,0.0,0.0,-2.0,0.0,0.0,0.0,0.0
synthext0214aaaaaaaaaaaaaaaaaaaaaa:1.0.1->1.0.2,synthext0214aaaaaaaaaaaaaaaaaaaaaa,Dictionary Tool 214,dictionary,2026-07-22,synthetic,malicious,cookie_theft,True,0.9972,1.0,1.0,1.0,1.0,1.0,2923.0,2923.0,0.0,1.0,1.0,1.0,0.0,3.0,1.0,1.0,1.0,3.0,1.0,1.0,1.0,1.0,0.0,1.0,1.0,2.0,1.0,1.0,0.0,0.0
synthext0214aaaaaaaaaaaaaaaaaaaaaa:1.0.2->1.0.3,synthext0214aaaaaaaaaaaaaaaaaaaaaa,Dictionary Tool 214,dictionary,2026-06-28,synthetic,malicious,sw_beacon,False,0.844,2.0,1.0,1.0,2.0,1.0,316.0,316.0,0.0,1.0,-1.0,0.0,0.0,-1.0,1.0,0.0,0.0,3.0,1.0,1.0,0.0,0.0,0.0,0.0,0.0,2.0,0.0,0.0,0.0,0.0
synthext0214aaaaaaaaaaaaaaaaaaaaaa:1.0.3->1.0.4,synthext0214aaaaaaaaaaaaaaaaaaaaaa,Dictionary Tool 214,dictionary,2026-09-27,synthetic,benign,,False,0.7,1.0,1.0,1.0,1.0,1.0,37.0,37.0,0.0,0.0,-1.0,0.0,0.0,2.0,0.0,0.0,0.0,2.0,0.0,0.0,0.0,0.0,0.0,0.0,0.0,2.0,1.0,0.0,0.0,0.0
synthext0215aaaaaaaaaaaaaaaaaaaaaa:1.2.0->1.2.1,synthext0215aaaaaaaaaaaaaaaaaaaaaa,Videohelper Tool 215,videohelper,2026-03-02,synthetic,benign,,False,0.7,1.0,1.0,1.0,1.0,1.0,101.0,101.0,0.0,0.0,-1.0,0.0,0.0,1.0,0.0,0.0,0.0,-1.0,0.0,0.0,0.0,0.0,0.0,0.0,0.0,-1.0,1.0,0.0,0.0,0.0
synthext0215aaaaaaaaaaaaaaaaaaaaaa:1.2.1->1.2.2,synthext0215aaaaaaaaaaaaaaaaaaaaaa,Videohelper Tool 215,videohelper,2026-04-16,synthetic,benign,,False,0.0,2.0,1.0,1.0,2.0,0.0,0.0,0.0,0.0,0.0,3.0,0.0,0.0,0.0,0.0,0.0,0.0,0.0,0.0,0.0,0.0,0.0,0.0,0.0,0.0,0.0,0.0,0.0,0.0,0.0
synthext0215aaaaaaaaaaaaaaaaaaaaaa:1.2.2->1.2.3,synthext0215aaaaaaaaaaaaaaaaaaaaaa,Videohelper Tool 215,videohelper,2026-01-01,synthetic,malicious,form_jacking,True,0.9625,1.0,1.0,1.0,1.0,1.0,566.0,566.0,0.0,0.0,2.0,1.0,0.0,3.0,0.0,0.0,0.0,3.0,0.0,0.0,0.0,0.0,0.0,1.0,1.0,3.0,1.0,0.0,0.0,0.0
synthext0215aaaaaaaaaaaaaaaaaaaaaa:1.2.3->1.2.4,synthext0215aaaaaaaaaaaaaaaaaaaaaa,Videohelper Tool 215,videohelper,2026-09-11,synthetic,malicious,cookie_theft,True,0.9947,2.0,2.0,2.0,2.0,2.0,582.0,501.0,0.0,1.0,2.0,1.0,0.0,1.0,1.0,1.0,1.0,4.0,1.0,1.0,0.0,0.0,0.0,1.0,1.0,3.0,2.0,0.0,0.0,0.0
synthext0216aaaaaaaaaaaaaaaaaaaaaa:1.2.0->1.2.1,synthext0216aaaaaaaaaaaaaaaaaaaaaa,Reader Tool 216,reader,2026-03-07,synthetic,benign,,False,0.7,1.0,1.0,1.0,1.0,1.0,92.0,92.0,0.0,0.0,1.0,0.0,0.0,2.0,0.0,0.0,0.0,2.0,0.0,0.0,0.0,0.0,0.0,0.0,0.0,2.0,0.0,0.0,0.0,0.0
synthext0216aaaaaaaaaaaaaaaaaaaaaa:1.2.1->1.2.2,synthext0216aaaaaaaaaaaaaaaaaaaaaa,Reader Tool 216,reader,2026-03-25,synthetic,benign,,False,0.6,1.0,1.0,1.0,1.0,1.0,117.0,117.0,0.0,0.0,0.0,0.0,0.0,0.0,0.0,0.0,0.0,-2.0,0.0,0.0,0.0,0.0,0.0,0.0,0.0,-2.0,0.0,0.0,0.0,0.0
synthext0216aaaaaaaaaaaaaaaaaaaaaa:1.2.2->1.2.3,synthext0216aaaaaaaaaaaaaaaaaaaaaa,Reader Tool 216,reader,2026-09-26,synthetic,benign,,False,0.0,1.0,0.0,0.0,1.0,0.0,0.0,0.0,0.0,0.0,0.0,0.0,0.0,0.0,0.0,0.0,0.0,2.0,0.0,0.0,0.0,0.0,0.0,0.0,0.0,2.0,0.0,0.0,0.0,0.0
synthext0216aaaaaaaaaaaaaaaaaaaaaa:1.2.3->1.2.4,synthext0216aaaaaaaaaaaaaaaaaaaaaa,Reader Tool 216,reader,2026-02-10,synthetic,malicious,cookie_theft,False,0.9947,3.0,2.0,2.0,3.0,2.0,810.0,737.0,0.0,1.0,0.0,1.0,0.0,1.0,1.0,1.0,1.0,5.0,1.0,1.0,0.0,0.0,0.0,1.0,1.0,4.0,2.0,0.0,0.0,0.0
synthext0217aaaaaaaaaaaaaaaaaaaaaa:1.0.0->1.0.1,synthext0217aaaaaaaaaaaaaaaaaaaaaa,Shopper Tool 217,shopper,2026-01-02,synthetic,benign,,False,0.76,1.0,1.0,1.0,1.0,1.0,105.0,105.0,0.0,0.0,1.0,0.0,0.0,0.0,0.0,0.0,0.0,-2.0,0.0,0.0,1.0,1.0,0.0,0.0,0.0,-2.0,1.0,1.0,0.0,0.0
synthext0217aaaaaaaaaaaaaaaaaaaaaa:1.0.1->1.0.2,synthext0217aaaaaaaaaaaaaaaaaaaaaa,Shopper Tool 217,shopper,2026-08-01,synthetic,malicious,cookie_theft,False,0.9972,0.0,1.0,1.0,0.0,1.0,1070.0,1070.0,0.0,1.0,1.0,1.0,0.0,1.0,1.0,1.0,1.0,0.0,1.0,1.0,1.0,1.0,0.0,1.0,1.0,-1.0,0.0,1.0,0.0,0.0
synthext0217aaaaaaaaaaaaaaaaaaaaaa:1.0.2->1.0.3,synthext0217aaaaaaaaaaaaaaaaaaaaaa,Shopper Tool 217,shopper,2026-07-27,synthetic,benign,,False,0.4,0.0,0.0,0.0,0.0,0.0,0.0,0.0,0.0,0.0,0.0,0.0,0.0,0.0,0.0,0.0,0.0,5.0,0.0,0.0,1.0,1.0,0.0,0.0,0.0,5.0,0.0,1.0,0.0,0.0
synthext0217aaaaaaaaaaaaaaaaaaaaaa:1.0.3->1.0.4,synthext0217aaaaaaaaaaaaaaaaaaaaaa,Shopper Tool 217,shopper,2026-07-23,synthetic,benign,,False,0.0,0.0,0.0,0.0,0.0,0.0,0.0,0.0,0.0,0.0,0.0,0.0,0.0,-1.0,0.0,0.0,0.0,1.0,0.0,0.0,0.0,0.0,0.0,0.0,0.0,1.0,0.0,0.0,0.0,0.0
synthext0218aaaaaaaaaaaaaaaaaaaaaa:1.2.0->1.2.1,synthext0218aaaaaaaaaaaaaaaaaaaaaa,Contacts Tool 218,contacts,2026-01-07,synthetic,benign,,False,0.0,2.0,1.0,1.0,2.0,0.0,0.0,0.0,0.0,0.0,-1.0,0.0,0.0,0.0,0.0,0.0,0.0,-2.0,0.0,0.0,0.0,0.0,0.0,0.0,0.0,-2.0,0.0,0.0,0.0,0.0
synthext0218aaaaaaaaaaaaaaaaaaaaaa:1.2.1->1.2.2,synthext0218aaaaaaaaaaaaaaaaaaaaaa,Contacts Tool 218,contacts,2026-06-08,synthetic,malicious,redirect_hijack,True,0.844,5.0,2.0,2.0,5.0,1.0,222.0,222.0,0.0,0.0,2.0,0.0,1.0,3.0,0.0,0.0,0.0,1.0,1.0,1.0,0.0,0.0,0.0,0.0,0.0,0.0,0.0,0.0,0.0,0.0
synthext0218aaaaaaaaaaaaaaaaaaaaaa:1.2.2->1.2.3,synthext0218aaaaaaaaaaaaaaaaaaaaaa,Contacts Tool 218,contacts,2026-07-11,synthetic,malicious,form_jacking,False,0.9625,2.0,1.0,1.0,2.0,1.0,502.0,502.0,0.0,0.0,-1.0,1.0,-1.0,1.0,0.0,0.0,0.0,2.0,0.0,0.0,0.0,0.0,0.0,1.0,1.0,2.0,1.0,0.0,0.0,0.0
synthext0218aaaaaaaaaaaaaaaaaaaaaa:1.2.3->1.2.4,synthext0218aaaaaaaaaaaaaaaaaaaaaa,Contacts Tool 218,contacts,2026-07-23,synthetic,malicious,redirect_hijack,True,0.61,2.0,1.0,1.0,2.0,0.0,0.0,0.0,0.0,0.0,0.0,0.0,-1.0,0.0,0.0,0.0,0.0,4.0,1.0,1.0,1.0,1.0,0.0,0.0,0.0,3.0,0.0,1.0,0.0,0.0
synthext0219aaaaaaaaaaaaaaaaaaaaaa:1.3.0->1.3.1,synthext0219aaaaaaaaaaaaaaaaaaaaaa,Passmgr Tool 219,passmgr,2026-02-12,synthetic,benign,,False,0.25,1.0,0.0,0.0,1.0,0.0,0.0,0.0,0.0,0.0,1.0,0.0,0.0,2.0,0.0,0.0,0.0,1.0,0.0,0.0,0.0,0.0,0.0,0.0,0.0,1.0,0.0,0.0,0.0,0.0
synthext0219aaaaaaaaaaaaaaaaaaaaaa:1.3.1->1.3.2,synthext0219aaaaaaaaaaaaaaaaaaaaaa,Passmgr Tool 219,passmgr,2026-04-02,synthetic,benign,,False,0.25,0.0,1.0,1.0,0.0,0.0,0.0,0.0,0.0,0.0,0.0,0.0,0.0,1.0,0.0,0.0,0.0,0.0,0.0,0.0,0.0,0.0,0.0,0.0,0.0,0.0,0.0,0.0,0.0,0.0
synthext0219aaaaaaaaaaaaaaaaaaaaaa:1.3.2->1.3.3,synthext0219aaaaaaaaaaaaaaaaaaaaaa,Passmgr Tool 219,passmgr,2026-04-22,synthetic,benign,,False,0.955,2.0,1.0,1.0,2.0,1.0,160.0,160.0,0.0,0.0,0.0,0.0,0.0,1.0,0.0,0.0,0.0,0.0,0.0,0.0,1.0,1.0,0.0,1.0,1.0,0.0,0.0,1.0,0.0,0.0
synthext0219aaaaaaaaaaaaaaaaaaaaaa:1.3.3->1.3.4,synthext0219aaaaaaaaaaaaaaaaaaaaaa,Passmgr Tool 219,passmgr,2026-04-10,synthetic,benign,,False,0.9,3.0,1.0,1.0,3.0,1.0,49.0,49.0,0.0,0.0,1.0,0.0,0.0,-1.0,0.0,0.0,0.0,2.0,0.0,0.0,1.0,0.0,0.0,1.0,1.0,2.0,1.0,0.0,0.0,0.0
synthext0220aaaaaaaaaaaaaaaaaaaaaa:1.0.0->1.0.1,synthext0220aaaaaaaaaaaaaaaaaaaaaa,Weather Tool 220,weather,2026-05-01,synthetic,malicious,sw_beacon,True,0.844,0.0,1.0,1.0,0.0,1.0,163.0,163.0,0.0,1.0,0.0,0.0,0.0,0.0,1.0,0.0,0.0,1.0,1.0,1.0,0.0,0.0,0.0,0.0,0.0,0.0,0.0,0.0,0.0,0.0
synthext0220aaaaaaaaaaaaaaaaaaaaaa:1.0.1->1.0.2,synthext0220aaaaaaaaaaaaaaaaaaaaaa,Weather Tool 220,weather,2026-04-23,synthetic,malicious,cookie_theft,False,0.9947,1.0,1.0,1.0,1.0,1.0,945.0,945.0,0.0,1.0,1.0,1.0,0.0,0.0,1.0,1.0,1.0,4.0,1.0,1.0,1.0,1.0,0.0,1.0,1.0,3.0,1.0,1.0,0.0,0.0
synthext0220aaaaaaaaaaaaaaaaaaaaaa:1.0.2->1.0.3,synthext0220aaaaaaaaaaaaaaaaaaaaaa,Weather Tool 220,weather,2026-10-23,synthetic,benign,,False,0.0,0.0,0.0,0.0,0.0,0.0,0.0,0.0,0.0,0.0,1.0,0.0,0.0,-1.0,0.0,0.0,0.0,1.0,0.0,0.0,0.0,0.0,0.0,0.0,0.0,1.0,0.0,0.0,0.0,0.0
synthext0220aaaaaaaaaaaaaaaaaaaaaa:1.0.3->1.0.4,synthext0220aaaaaaaaaaaaaaaaaaaaaa,Weather Tool 220,weather,2026-08-03,synthetic,benign,,False,0.76,0.0,1.0,1.0,0.0,1.0,63.0,63.0,0.0,0.0,0.0,0.0,0.0,0.0,0.0,0.0,0.0,2.0,0.0,0.0,1.0,1.0,0.0,0.0,0.0,2.0,1.0,1.0,0.0,0.0
synthext0221aaaaaaaaaaaaaaaaaaaaaa:1.6.0->1.6.1,synthext0221aaaaaaaaaaaaaaaaaaaaaa,Translate Tool 221,translate,2026-02-03,synthetic,benign,,False,0.7,1.0,1.0,1.0,1.0,1.0,51.0,51.0,0.0,0.0,-4.0,0.0,0.0,1.0,0.0,0.0,0.0,-2.0,0.0,0.0,0.0,0.0,0.0,0.0,0.0,-2.0,1.0,0.0,0.0,0.0
synthext0221aaaaaaaaaaaaaaaaaaaaaa:1.6.1->1.6.2,synthext0221aaaaaaaaaaaaaaaaaaaaaa,Translate Tool 221,translate,2026-10-24,synthetic,malicious,cookie_theft,False,0.9971,4.0,2.0,2.0,4.0,2.0,2418.0,2350.0,0.0,1.0,0.0,1.0,0.0,0.0,1.0,1.0,1.0,5.0,1.0,1.0,1.0,1.0,0.0,1.0,1.0,4.0,2.0,1.0,0.0,0.0
synthext0221aaaaaaaaaaaaaaaaaaaaaa:1.6.2->1.6.3,synthext0221aaaaaaaaaaaaaaaaaaaaaa,Translate Tool 221,translate,2026-01-19,synthetic,benign,,False,0.7,2.0,1.0,1.0,2.0,1.0,70.0,70.0,0.0,0.0,-3.0,0.0,0.0,1.0,0.0,0.0,0.0,0.0,0.0,0.0,0.0,0.0,0.0,0.0,0.0,0.0,1.0,0.0,0.0,0.0
synthext0221aaaaaaaaaaaaaaaaaaaaaa:1.6.3->1.6.4,synthext0221aaaaaaaaaaaaaaaaaaaaaa,Translate Tool 221,translate,2026-05-15,synthetic,malicious,history_exfil,False,0.9298,0.0,1.0,1.0,0.0,1.0,1013.0,1013.0,0.0,1.0,0.0,0.0,0.0,1.0,0.0,0.0,0.0,1.0,1.0,1.0,2.0,2.0,0.0,0.0,0.0,0.0,0.0,2.0,0.0,0.0
synthext0222aaaaaaaaaaaaaaaaaaaaaa:1.5.0->1.5.1,synthext0222aaaaaaaaaaaaaaaaaaaaaa,Adblocker Tool 222,adblocker,2026-04-09,synthetic,benign,,False,0.68,3.0,2.0,2.0,3.0,1.0,34.0,34.0,0.0,0.0,-2.0,0.0,0.0,-1.0,0.0,0.0,0.0,-2.0,0.0,0.0,0.0,0.0,0.0,0.0,0.0,-2.0,1.0,0.0,0.0,0.0
synthext0222aaaaaaaaaaaaaaaaaaaaaa:1.5.1->1.5.2,synthext0222aaaaaaaaaaaaaaaaaaaaaa,Adblocker Tool 222,adblocker,2026-11-13,synthetic,malicious,cookie_theft,True,0.9963,1.0,1.0,1.0,1.0,1.0,1712.0,1712.0,0.0,1.0,-1.0,1.0,0.0,0.0,1.0,1.0,1.0,3.0,1.0,1.0,1.0,1.0,0.0,1.0,1.0,2.0,0.0,1.0,0.0,0.0
synthext0222aaaaaaaaaaaaaaaaaaaaaa:1.5.2->1.5.3,synthext0222aaaaaaaaaaaaaaaaaaaaaa,Adblocker Tool 222,adblocker,2026-07-24,synthetic,malicious,keylogger,True,0.68,3.0,2.0,2.0,3.0,2.0,243.0,190.0,0.0,0.0,6.0,0.0,0.0,0.0,0.0,0.0,0.0,-1.0,0.0,0.0,0.0,0.0,0.0,0.0,0.0,-1.0,2.0,0.0,0.0,0.0
synthext0222aaaaaaaaaaaaaaaaaaaaaa:1.5.3->1.5.4,synthext0222aaaaaaaaaaaaaaaaaaaaaa,Adblocker Tool 222,adblocker,2026-09-28,synthetic,benign,,False,0.25,0.0,1.0,1.0,0.0,0.0,0.0,0.0,0.0,0.0,-2.0,0.0,0.0,1.0,0.0,0.0,0.0,0.0,0.0,0.0,0.0,0.0,0.0,0.0,0.0,0.0,0.0,0.0,0.0,0.0
synthext0223aaaaaaaaaaaaaaaaaaaaaa:1.0.0->1.0.1,synthext0223aaaaaaaaaaaaaaaaaaaaaa,Coupon Tool 223,coupon,2026-03-16,synthetic,malicious,keylogger,False,0.7,1.0,1.0,1.0,1.0,1.0,150.0,150.0,0.0,0.0,6.0,0.0,0.0,1.0,0.0,0.0,0.0,5.0,0.0,0.0,0.0,0.0,0.0,0.0,0.0,5.0,1.0,0.0,0.0,0.0
synthext0223aaaaaaaaaaaaaaaaaaaaaa:1.0.1->1.0.2,synthext0223aaaaaaaaaaaaaaaaaaaaaa,Coupon Tool 223,coupon,2026-01-31,synthetic,malicious,clipboard_steal,True,0.6,2.0,1.0,1.0,2.0,1.0,322.0,322.0,0.0,0.0,0.0,0.0,0.0,0.0,0.0,0.0,0.0,8.0,0.0,0.0,0.0,0.0,0.0,0.0,0.0,8.0,1.0,0.0,0.0,0.0
synthext0223aaaaaaaaaaaaaaaaaaaaaa:1.0.2->1.0.3,synthext0223aaaaaaaaaaaaaaaaaaaaaa,Coupon Tool 223,coupon,2026-05-01,synthetic,malicious,credential_theft,True,0.97,2.0,2.0,2.0,2.0,1.0,202.0,202.0,0.0,0.0,0.0,1.0,1.0,2.0,0.0,0.0,0.0,2.0,0.0,0.0,0.0,0.0,0.0,1.0,1.0,2.0,0.0,0.0,0.0,0.0
synthext0223aaaaaaaaaaaaaaaaaaaaaa:1.0.3->1.0.4,synthext0223aaaaaaaaaaaaaaaaaaaaaa,Coupon Tool 223,coupon,2026-10-27,synthetic,benign,,False,0.25,1.0,0.0,0.0,1.0,0.0,0.0,0.0,0.0,0.0,-2.0,0.0,0.0,1.0,0.0,0.0,0.0,1.0,0.0,0.0,0.0,0.0,0.0,0.0,0.0,1.0,0.0,0.0,0.0,0.0
synthext0224aaaaaaaaaaaaaaaaaaaaaa:1.4.0->1.4.1,synthext0224aaaaaaaaaaaaaaaaaaaaaa,Screenshot Tool 224,screenshot,2026-04-17,synthetic,benign,,False,0.0,2.0,1.0,1.0,2.0,0.0,0.0,0.0,0.0,0.0,0.0,0.0,0.0,0.0,0.0,0.0,0.0,2.0,0.0,0.0,0.0,0.0,0.0,0.0,0.0,2.0,0.0,0.0,0.0,0.0
synthext0224aaaaaaaaaaaaaaaaaaaaaa:1.4.1->1.4.2,synthext0224aaaaaaaaaaaaaaaaaaaaaa,Screenshot Tool 224,screenshot,2026-02-17,synthetic,benign,,False,0.0,1.0,0.0,0.0,1.0,0.0,0.0,0.0,0.0,0.0,1.0,0.0,0.0,-1.0,0.0,0.0,0.0,-2.0,0.0,0.0,0.0,0.0,0.0,0.0,0.0,-2.0,0.0,0.0,0.0,0.0
synthext0224aaaaaaaaaaaaaaaaaaaaaa:1.4.2->1.4.3,synthext0224aaaaaaaaaaaaaaaaaaaaaa,Screenshot Tool 224,screenshot,2026-08-08,synthetic,benign,,False,0.0,1.0,1.0,1.0,1.0,0.0,0.0,0.0,0.0,0.0,0.0,0.0,0.0,-1.0,0.0,0.0,0.0,2.0,0.0,0.0,0.0,0.0,0.0,0.0,0.0,2.0,0.0,0.0,0.0,0.0
synthext0224aaaaaaaaaaaaaaaaaaaaaa:1.4.3->1.4.4,synthext0224aaaaaaaaaaaaaaaaaaaaaa,Screenshot Tool 224,screenshot,2026-08-02,synthetic,benign,,False,0.7,0.0,1.0,1.0,0.0,1.0,198.0,198.0,0.0,0.0,0.0,0.0,0.0,1.0,0.0,0.0,0.0,2.0,0.0,0.0,0.0,0.0,0.0,0.0,0.0,2.0,1.0,0.0,0.0,0.0
synthext0225aaaaaaaaaaaaaaaaaaaaaa:1.2.0->1.2.1,synthext0225aaaaaaaaaaaaaaaaaaaaaa,Notes Tool 225,notes,2026-11-09,synthetic,malicious,redirect_hijack,True,0.792,3.0,2.0,2.0,3.0,1.0,90.0,90.0,0.0,0.0,0.0,0.0,0.0,-1.0,0.0,0.0,0.0,3.0,1.0,1.0,0.0,0.0,0.0,0.0,0.0,2.0,1.0,0.0,0.0,0.0
synthext0225aaaaaaaaaaaaaaaaaaaaaa:1.2.1->1.2.2,synthext0225aaaaaaaaaaaaaaaaaaaaaa,Notes Tool 225,notes,2026-08-26,synthetic,benign,,False,0.6,2.0,1.0,1.0,2.0,1.0,211.0,211.0,0.0,0.0,0.0,0.0,0.0,0.0,0.0,0.0,0.0,-2.0,0.0,0.0,0.0,0.0,0.0,0.0,0.0,-2.0,0.0,0.0,0.0,0.0
synthext0225aaaaaaaaaaaaaaaaaaaaaa:1.2.2->1.2.3,synthext0225aaaaaaaaaaaaaaaaaaaaaa,Notes Tool 225,notes,2026-04-28,synthetic,benign,,False,0.6,0.0,1.0,1.0,0.0,1.0,71.0,71.0,0.0,0.0,0.0,0.0,0.0,0.0,0.0,0.0,0.0,0.0,0.0,0.0,0.0,0.0,0.0,0.0,0.0,0.0,0.0,0.0,0.0,0.0
synthext0225aaaaaaaaaaaaaaaaaaaaaa:1.2.3->1.2.4,synthext0225aaaaaaaaaaaaaaaaaaaaaa,Notes Tool 225,notes,2026-02-15,synthetic,malicious,keylogger,False,0.6,1.0,1.0,1.0,1.0,1.0,68.0,68.0,0.0,0.0,5.0,0.0,0.0,0.0,0.0,0.0,0.0,-2.0,0.0,0.0,0.0,0.0,0.0,0.0,0.0,-2.0,0.0,0.0,0.0,0.0
synthext0226aaaaaaaaaaaaaaaaaaaaaa:1.4.0->1.4.1,synthext0226aaaaaaaaaaaaaaaaaaaaaa,Dictionary Tool 226,dictionary,2026-08-26,synthetic,malicious,cookie_theft,True,0.9971,4.0,3.0,3.0,4.0,2.0,1881.0,1802.0,0.0,1.0,0.0,1.0,0.0,0.0,1.0,1.0,1.0,1.0,1.0,1.0,1.0,1.0,0.0,1.0,1.0,0.0,1.0,1.0,0.0,0.0
synthext0226aaaaaaaaaaaaaaaaaaaaaa:1.4.1->1.4.2,synthext0226aaaaaaaaaaaaaaaaaaaaaa,Dictionary Tool 226,dictionary,2026-05-20,synthetic,benign,,False,0.7,1.0,1.0,1.0,1.0,1.0,72.0,72.0,0.0,0.0,1.0,0.0,0.0,1.0,0.0,0.0,0.0,1.0,0.0,0.0,0.0,0.0,0.0,0.0,0.0,1.0,1.0,0.0,0.0,0.0
synthext0226aaaaaaaaaaaaaaaaaaaaaa:1.4.2->1.4.3,synthext0226aaaaaaaaaaaaaaaaaaaaaa,Dictionary Tool 226,dictionary,2026-05-29,synthetic,malicious,redirect_hijack,False,0.7075,1.0,1.0,1.0,1.0,0.0,0.0,0.0,0.0,0.0,0.0,0.0,0.0,1.0,0.0,0.0,0.0,3.0,1.0,1.0,1.0,1.0,0.0,0.0,0.0,2.0,0.0,1.0,0.0,0.0
synthext0226aaaaaaaaaaaaaaaaaaaaaa:1.4.3->1.4.4,synthext0226aaaaaaaaaaaaaaaaaaaaaa,Dictionary Tool 226,dictionary,2026-03-10,synthetic,benign,,False,0.76,1.0,1.0,1.0,1.0,1.0,36.0,36.0,0.0,0.0,-1.0,0.0,0.0,-1.0,0.0,0.0,0.0,3.0,0.0,0.0,1.0,1.0,0.0,0.0,0.0,3.0,1.0,1.0,0.0,0.0
synthext0227aaaaaaaaaaaaaaaaaaaaaa:1.1.0->1.1.1,synthext0227aaaaaaaaaaaaaaaaaaaaaa,Videohelper Tool 227,videohelper,2026-09-20,synthetic,benign,,False,0.0,0.0,0.0,0.0,0.0,0.0,0.0,0.0,0.0,0.0,-2.0,0.0,0.0,0.0,0.0,0.0,0.0,3.0,0.0,0.0,0.0,0.0,0.0,0.0,0.0,3.0,0.0,0.0,0.0,0.0
synthext0227aaaaaaaaaaaaaaaaaaaaaa:1.1.1->1.1.2,synthext0227aaaaaaaaaaaaaaaaaaaaaa,Videohelper Tool 227,videohelper,2026-02-20,synthetic,benign,,False,0.0,1.0,0.0,0.0,1.0,0.0,0.0,0.0,0.0,0.0,-1.0,0.0,0.0,-1.0,0.0,0.0,0.0,-2.0,0.0,0.0,0.0,0.0,0.0,0.0,0.0,-2.0,0.0,0.0,0.0,0.0
synthext0227aaaaaaaaaaaaaaaaaaaaaa:1.1.2->1.1.3,synthext0227aaaaaaaaaaaaaaaaaaaaaa,Videohelper Tool 227,videohelper,2026-06-30,synthetic,benign,,False,0.6,1.0,1.0,1.0,1.0,1.0,36.0,36.0,0.0,0.0,0.0,0.0,0.0,-1.0,0.0,0.0,0.0,-2.0,0.0,0.0,0.0,0.0,0.0,0.0,0.0,-2.0,1.0,0.0,0.0,0.0
synthext0227aaaaaaaaaaaaaaaaaaaaaa:1.1.3->1.1.4,synthext0227aaaaaaaaaaaaaaaaaaaaaa,Videohelper Tool 227,videohelper,2026-11-24,synthetic,benign,,False,0.25,0.0,0.0,0.0,0.0,0.0,0.0,0.0,0.0,0.0,0.0,0.0,0.0,2.0,0.0,0.0,0.0,-2.0,0.0,0.0,0.0,0.0,0.0,0.0,0.0,-2.0,0.0,0.0,0.0,0.0
synthext0228aaaaaaaaaaaaaaaaaaaaaa:1.6.0->1.6.1,synthext0228aaaaaaaaaaaaaaaaaaaaaa,Reader Tool 228,reader,2026-08-20,synthetic,malicious,redirect_hijack,False,0.7075,0.0,1.0,1.0,0.0,0.0,0.0,0.0,0.0,0.0,2.0,0.0,0.0,1.0,0.0,0.0,0.0,-1.0,1.0,1.0,1.0,1.0,0.0,0.0,0.0,-2.0,0.0,1.0,0.0,0.0
synthext0228aaaaaaaaaaaaaaaaaaaaaa:1.6.1->1.6.2,synthext0228aaaaaaaaaaaaaaaaaaaaaa,Reader Tool 228,reader,2026-08-23,synthetic,benign,,False,0.7,0.0,1.0,1.0,0.0,1.0,194.0,194.0,0.0,0.0,0.0,0.0,0.0,1.0,0.0,0.0,0.0,-2.0,0.0,0.0,0.0,0.0,0.0,0.0,0.0,-2.0,1.0,0.0,0.0,0.0
synthext0228aaaaaaaaaaaaaaaaaaaaaa:1.6.2->1.6.3,synthext0228aaaaaaaaaaaaaaaaaaaaaa,Reader Tool 228,reader,2026-10-27,synthetic,benign,,False,0.6,1.0,1.0,1.0,1.0,1.0,32.0,32.0,0.0,0.0,-4.0,0.0,0.0,0.0,0.0,0.0,0.0,1.0,0.0,0.0,0.0,0.0,0.0,0.0,0.0,1.0,1.0,0.0,0.0,0.0
synthext0228aaaaaaaaaaaaaaaaaaaaaa:1.6.3->1.6.4,synthext0228aaaaaaaaaaaaaaaaaaaaaa,Reader Tool 228,reader,2026-07-30,synthetic,benign,,False,0.0,2.0,1.0,1.0,2.0,0.0,0.0,0.0,0.0,0.0,-1.0,0.0,0.0,0.0,0.0,0.0,0.0,2.0,0.0,0.0,0.0,0.0,0.0,0.0,0.0,2.0,0.0,0.0,0.0,0.0
synthext0229aaaaaaaaaaaaaaaaaaaaaa:1.1.0->1.1.1,synthext0229aaaaaaaaaaaaaaaaaaaaaa,Shopper Tool 229,shopper,2026-04-19,synthetic,benign,,False,0.0,3.0,0.0,0.0,3.0,0.0,0.0,0.0,0.0,0.0,1.0,0.0,0.0,0.0,0.0,0.0,0.0,0.0,0.0,0.0,0.0,0.0,0.0,0.0,0.0,0.0,0.0,0.0,0.0,0.0
synthext0229aaaaaaaaaaaaaaaaaaaaaa:1.1.1->1.1.2,synthext0229aaaaaaaaaaaaaaaaaaaaaa,Shopper Tool 229,shopper,2026-04-09,synthetic,benign,,False,0.25,0.0,0.0,0.0,0.0,0.0,0.0,0.0,0.0,0.0,0.0,0.0,0.0,1.0,0.0,0.0,0.0,4.0,0.0,0.0,0.0,0.0,0.0,0.0,0.0,4.0,0.0,0.0,0.0,0.0
synthext0229aaaaaaaaaaaaaaaaaaaaaa:1.1.2->1.1.3,synthext0229aaaaaaaaaaaaaaaaaaaaaa,Shopper Tool 229,shopper,2026-08-21,synthetic,benign,,False,0.7,0.0,1.0,1.0,0.0,1.0,95.0,95.0,0.0,0.0,-1.0,0.0,0.0,3.0,0.0,0.0,0.0,0.0,0.0,0.0,0.0,0.0,0.0,0.0,0.0,0.0,1.0,0.0,0.0,0.0
synthext0229aaaaaaaaaaaaaaaaaaaaaa:1.1.3->1.1.4,synthext0229aaaaaaaaaaaaaaaaaaaaaa,Shopper Tool 229,shopper,2026-04-24,synthetic,malicious,form_jacking,False,0.9625,4.0,1.0,1.0,4.0,1.0,488.0,488.0,0.0,0.0,-2.0,1.0,0.0,1.0,0.0,0.0,0.0,3.0,0.0,0.0,0.0,0.0,0.0,1.0,1.0,3.0,1.0,0.0,0.0,0.0
synthext0230aaaaaaaaaaaaaaaaaaaaaa:1.0.0->1.0.1,synthext0230aaaaaaaaaaaaaaaaaaaaaa,Contacts Tool 230,contacts,2026-02-01,synthetic,benign,,False,0.0,4.0,0.0,0.0,4.0,0.0,0.0,0.0,0.0,0.0,2.0,0.0,2.0,-1.0,0.0,0.0,0.0,2.0,0.0,0.0,1.0,0.0,0.0,0.0,0.0,2.0,0.0,0.0,0.0,0.0
synthext0230aaaaaaaaaaaaaaaaaaaaaa:1.0.1->1.0.2,synthext0230aaaaaaaaaaaaaaaaaaaaaa,Contacts Tool 230,contacts,2026-02-24,synthetic,malicious,history_exfil,False,0.9607,2.0,2.0,2.0,2.0,2.0,1428.0,1313.0,0.0,1.0,-1.0,0.0,0.0,1.0,0.0,0.0,0.0,0.0,1.0,1.0,1.0,1.0,0.0,0.0,0.0,-1.0,0.0,1.0,0.0,0.0
synthext0230aaaaaaaaaaaaaaaaaaaaaa:1.0.2->1.0.3,synthext0230aaaaaaaaaaaaaaaaaaaaaa,Contacts Tool 230,contacts,2026-11-15,synthetic,benign,,False,0.6,1.0,1.0,1.0,1.0,1.0,208.0,208.0,0.0,0.0,0.0,0.0,0.0,0.0,0.0,0.0,0.0,1.0,0.0,0.0,0.0,0.0,0.0,0.0,0.0,1.0,0.0,0.0,0.0,0.0
synthext0230aaaaaaaaaaaaaaaaaaaaaa:1.0.3->1.0.4,synthext0230aaaaaaaaaaaaaaaaaaaaaa,Contacts Tool 230,contacts,2026-11-14,synthetic,benign,,False,0.68,2.0,2.0,2.0,2.0,1.0,67.0,67.0,0.0,0.0,0.0,0.0,-1.0,0.0,0.0,0.0,0.0,0.0,0.0,0.0,0.0,0.0,0.0,0.0,0.0,0.0,1.0,0.0,0.0,0.0
synthext0231aaaaaaaaaaaaaaaaaaaaaa:1.3.0->1.3.1,synthext0231aaaaaaaaaaaaaaaaaaaaaa,Passmgr Tool 231,passmgr,2026-05-11,synthetic,benign,,False,0.94,1.0,2.0,2.0,1.0,2.0,287.0,189.0,0.0,0.0,-2.0,0.0,0.0,4.0,0.0,0.0,0.0,2.0,0.0,0.0,0.0,0.0,0.0,2.0,2.0,2.0,1.0,0.0,0.0,0.0
synthext0231aaaaaaaaaaaaaaaaaaaaaa:1.3.1->1.3.2,synthext0231aaaaaaaaaaaaaaaaaaaaaa,Passmgr Tool 231,passmgr,2026-06-05,synthetic,malicious,form_jacking,False,0.96,4.0,3.0,3.0,4.0,3.0,472.0,235.0,0.0,0.0,2.0,1.0,0.0,0.0,0.0,0.0,0.0,-2.0,0.0,0.0,1.0,0.0,0.0,3.0,3.0,-2.0,1.0,0.0,0.0,0.0
synthext0231aaaaaaaaaaaaaaaaaaaaaa:1.3.2->1.3.3,synthext0231aaaaaaaaaaaaaaaaaaaaaa,Passmgr Tool 231,passmgr,2026-03-14,synthetic,benign,,False,0.92,4.0,2.0,2.0,4.0,2.0,226.0,184.0,0.0,0.0,-1.0,0.0,0.0,0.0,0.0,0.0,0.0,2.0,0.0,0.0,0.0,0.0,0.0,2.0,2.0,2.0,2.0,0.0,0.0,0.0
synthext0231aaaaaaaaaaaaaaaaaaaaaa:1.3.3->1.3.4,synthext0231aaaaaaaaaaaaaaaaaaaaaa,Passmgr Tool 231,passmgr,2026-07-10,synthetic,malicious,clipboard_steal,False,0.92,2.0,2.0,2.0,2.0,2.0,351.0,290.0,0.0,0.0,0.0,0.0,0.0,-1.0,0.0,0.0,0.0,4.0,0.0,0.0,0.0,0.0,0.0,2.0,2.0,4.0,1.0,0.0,0.0,0.0
synthext0232aaaaaaaaaaaaaaaaaaaaaa:1.3.0->1.3.1,synthext0232aaaaaaaaaaaaaaaaaaaaaa,Weather Tool 232,weather,2026-07-12,synthetic,benign,,False,0.68,2.0,2.0,2.0,2.0,2.0,259.0,215.0,0.0,0.0,0.0,0.0,0.0,0.0,0.0,0.0,0.0,-2.0,0.0,0.0,0.0,0.0,0.0,0.0,0.0,-2.0,2.0,0.0,0.0,0.0
synthext0232aaaaaaaaaaaaaaaaaaaaaa:1.3.1->1.3.2,synthext0232aaaaaaaaaaaaaaaaaaaaaa,Weather Tool 232,weather,2026-06-01,synthetic,benign,,False,0.7,2.0,1.0,1.0,2.0,1.0,245.0,245.0,0.0,0.0,0.0,0.0,0.0,1.0,0.0,0.0,0.0,0.0,0.0,0.0,0.0,0.0,0.0,0.0,0.0,0.0,0.0,0.0,0.0,0.0
synthext0232aaaaaaaaaaaaaaaaaaaaaa:1.3.2->1.3.3,synthext0232aaaaaaaaaaaaaaaaaaaaaa,Weather Tool 232,weather,2026-06-10,synthetic,malicious,keylogger,False,0.6,1.0,1.0,1.0,1.0,1.0,81.0,81.0,0.0,0.0,5.0,0.0,0.0,0.0,0.0,0.0,0.0,2.0,0.0,0.0,1.0,0.0,0.0,0.0,0.0,2.0,0.0,0.0,0.0,0.0
synthext0232aaaaaaaaaaaaaaaaaaaaaa:1.3.3->1.3.4,synthext0232aaaaaaaaaaaaaaaaaaaaaa,Weather Tool 232,weather,2026-07-03,synthetic,benign,,False,0.0,0.0,0.0,0.0,0.0,0.0,0.0,0.0,0.0,0.0,1.0,0.0,0.0,-1.0,0.0,0.0,0.0,0.0,0.0,0.0,1.0,0.0,0.0,0.0,0.0,0.0,0.0,0.0,0.0,0.0
synthext0233aaaaaaaaaaaaaaaaaaaaaa:1.3.0->1.3.1,synthext0233aaaaaaaaaaaaaaaaaaaaaa,Translate Tool 233,translate,2026-08-07,synthetic,benign,,False,0.0,0.0,0.0,0.0,0.0,0.0,0.0,0.0,0.0,0.0,-2.0,0.0,0.0,0.0,0.0,0.0,0.0,1.0,0.0,0.0,0.0,0.0,0.0,0.0,0.0,1.0,0.0,0.0,0.0,0.0
synthext0233aaaaaaaaaaaaaaaaaaaaaa:1.3.1->1.3.2,synthext0233aaaaaaaaaaaaaaaaaaaaaa,Translate Tool 233,translate,2026-06-01,synthetic,benign,,False,0.0,0.0,0.0,0.0,0.0,0.0,0.0,0.0,0.0,0.0,-1.0,0.0,0.0,0.0,0.0,0.0,0.0,2.0,0.0,0.0,0.0,0.0,0.0,0.0,0.0,2.0,0.0,0.0,0.0,0.0
synthext0233aaaaaaaaaaaaaaaaaaaaaa:1.3.2->1.3.3,synthext0233aaaaaaaaaaaaaaaaaaaaaa,Translate Tool 233,translate,2026-11-26,synthetic,benign,,False,0.7,0.0,1.0,1.0,0.0,1.0,45.0,45.0,0.0,0.0,0.0,0.0,0.0,3.0,0.0,0.0,0.0,1.0,0.0,0.0,0.0,0.0,0.0,0.0,0.0,1.0,1.0,0.0,0.0,0.0
synthext0233aaaaaaaaaaaaaaaaaaaaaa:1.3.3->1.3.4,synthext0233aaaaaaaaaaaaaaaaaaaaaa,Translate Tool 233,translate,2026-11-17,synthetic,malicious,redirect_hijack,True,0.7075,2.0,1.0,1.0,2.0,0.0,0.0,0.0,0.0,0.0,-2.0,0.0,0.0,1.0,0.0,0.0,0.0,-1.0,1.0,1.0,1.0,1.0,0.0,0.0,0.0,-2.0,0.0,1.0,0.0,0.0
synthext0234aaaaaaaaaaaaaaaaaaaaaa:1.6.0->1.6.1,synthext0234aaaaaaaaaaaaaaaaaaaaaa,Adblocker Tool 234,adblocker,2026-11-01,synthetic,benign,,False,0.0,-1.0,0.0,0.0,-1.0,0.0,0.0,0.0,0.0,0.0,0.0,0.0,0.0,0.0,0.0,0.0,0.0,-2.0,0.0,0.0,0.0,0.0,0.0,0.0,0.0,-2.0,0.0,0.0,0.0,0.0
synthext0234aaaaaaaaaaaaaaaaaaaaaa:1.6.1->1.6.2,synthext0234aaaaaaaaaaaaaaaaaaaaaa,Adblocker Tool 234,adblocker,2026-07-01,synthetic,malicious,keylogger,True,0.6,1.0,1.0,1.0,1.0,1.0,258.0,258.0,0.0,0.0,6.0,0.0,0.0,0.0,0.0,0.0,0.0,6.0,0.0,0.0,0.0,0.0,0.0,0.0,0.0,6.0,1.0,0.0,0.0,0.0
synthext0234aaaaaaaaaaaaaaaaaaaaaa:1.6.2->1.6.3,synthext0234aaaaaaaaaaaaaaaaaaaaaa,Adblocker Tool 234,adblocker,2026-08-19,synthetic,benign,,False,0.25,2.0,0.0,0.0,2.0,0.0,0.0,0.0,0.0,0.0,0.0,0.0,0.0,3.0,0.0,0.0,0.0,-2.0,0.0,0.0,0.0,0.0,0.0,0.0,0.0,-2.0,0.0,0.0,0.0,0.0
synthext0234aaaaaaaaaaaaaaaaaaaaaa:1.6.3->1.6.4,synthext0234aaaaaaaaaaaaaaaaaaaaaa,Adblocker Tool 234,adblocker,2026-05-31,synthetic,benign,,False,0.7,3.0,1.0,1.0,3.0,1.0,214.0,214.0,0.0,0.0,0.0,0.0,0.0,1.0,0.0,0.0,0.0,0.0,0.0,0.0,0.0,0.0,0.0,0.0,0.0,0.0,1.0,0.0,0.0,0.0
synthext0235aaaaaaaaaaaaaaaaaaaaaa:1.3.0->1.3.1,synthext0235aaaaaaaaaaaaaaaaaaaaaa,Coupon Tool 235,coupon,2026-05-02,synthetic,benign,,False,0.6,2.0,1.0,1.0,2.0,1.0,66.0,66.0,0.0,0.0,0.0,0.0,0.0,0.0,0.0,0.0,0.0,0.0,0.0,0.0,0.0,0.0,0.0,0.0,0.0,0.0,1.0,0.0,0.0,0.0
synthext0235aaaaaaaaaaaaaaaaaaaaaa:1.3.1->1.3.2,synthext0235aaaaaaaaaaaaaaaaaaaaaa,Coupon Tool 235,coupon,2026-11-19,synthetic,malicious,cookie_theft,True,0.9971,3.0,2.0,2.0,3.0,2.0,2045.0,1987.0,0.0,1.0,0.0,1.0,0.0,0.0,1.0,1.0,1.0,1.0,1.0,1.0,1.0,1.0,0.0,1.0,1.0,0.0,2.0,1.0,0.0,0.0
synthext0235aaaaaaaaaaaaaaaaaaaaaa:1.3.2->1.3.3,synthext0235aaaaaaaaaaaaaaaaaaaaaa,Coupon Tool 235,coupon,2026-01-21,synthetic,malicious,form_jacking,True,0.97,3.0,3.0,3.0,3.0,2.0,476.0,379.0,0.0,0.0,2.0,1.0,0.0,1.0,0.0,0.0,0.0,5.0,0.0,0.0,1.0,0.0,0.0,1.0,1.0,5.0,0.0,0.0,0.0,0.0
synthext0235aaaaaaaaaaaaaaaaaaaaaa:1.3.3->1.3.4,synthext0235aaaaaaaaaaaaaaaaaaaaaa,Coupon Tool 235,coupon,2026-01-02,synthetic,malicious,redirect_hijack,False,0.7075,1.0,1.0,1.0,1.0,0.0,0.0,0.0,0.0,0.0,-1.0,0.0,0.0,1.0,0.0,0.0,0.0,1.0,1.0,1.0,1.0,1.0,0.0,0.0,0.0,0.0,0.0,1.0,0.0,0.0
synthext0236aaaaaaaaaaaaaaaaaaaaaa:1.4.0->1.4.1,synthext0236aaaaaaaaaaaaaaaaaaaaaa,Screenshot Tool 236,screenshot,2026-09-22,synthetic,malicious,ad_affiliate,True,0.25,1.0,1.0,1.0,1.0,0.0,0.0,0.0,0.0,0.0,0.0,0.0,0.0,1.0,0.0,0.0,0.0,0.0,0.0,0.0,0.0,0.0,0.0,0.0,0.0,0.0,0.0,0.0,0.0,0.0
synthext0236aaaaaaaaaaaaaaaaaaaaaa:1.4.1->1.4.2,synthext0236aaaaaaaaaaaaaaaaaaaaaa,Screenshot Tool 236,screenshot,2026-09-14,synthetic,malicious,clipboard_steal,False,0.7,2.0,1.0,1.0,2.0,1.0,157.0,157.0,0.0,0.0,0.0,0.0,0.0,1.0,0.0,0.0,0.0,7.0,0.0,0.0,1.0,0.0,0.0,0.0,0.0,7.0,1.0,0.0,0.0,0.0
synthext0236aaaaaaaaaaaaaaaaaaaaaa:1.4.2->1.4.3,synthext0236aaaaaaaaaaaaaaaaaaaaaa,Screenshot Tool 236,screenshot,2026-04-14,synthetic,benign,,False,0.25,0.0,0.0,0.0,0.0,0.0,0.0,0.0,0.0,0.0,0.0,0.0,0.0,2.0,0.0,0.0,0.0,2.0,0.0,0.0,1.0,0.0,0.0,0.0,0.0,2.0,0.0,0.0,0.0,0.0
synthext0236aaaaaaaaaaaaaaaaaaaaaa:1.4.3->1.4.4,synthext0236aaaaaaaaaaaaaaaaaaaaaa,Screenshot Tool 236,screenshot,2026-03-31,synthetic,malicious,keylogger,False,0.6,0.0,1.0,1.0,0.0,1.0,147.0,147.0,0.0,0.0,8.0,0.0,0.0,0.0,0.0,0.0,0.0,1.0,0.0,0.0,0.0,0.0,0.0,0.0,0.0,1.0,0.0,0.0,0.0,0.0
synthext0237aaaaaaaaaaaaaaaaaaaaaa:1.6.0->1.6.1,synthext0237aaaaaaaaaaaaaaaaaaaaaa,Notes Tool 237,notes,2026-02-22,synthetic,malicious,sw_beacon,False,0.883,2.0,1.0,1.0,2.0,1.0,425.0,425.0,0.0,1.0,-1.0,0.0,0.0,1.0,1.0,0.0,0.0,1.0,1.0,1.0,0.0,0.0,0.0,0.0,0.0,0.0,1.0,0.0,0.0,0.0
synthext0237aaaaaaaaaaaaaaaaaaaaaa:1.6.1->1.6.2,synthext0237aaaaaaaaaaaaaaaaaaaaaa,Notes Tool 237,notes,2026-10-29,synthetic,benign,,False,0.25,0.0,1.0,1.0,0.0,0.0,0.0,0.0,0.0,0.0,1.0,0.0,0.0,2.0,0.0,0.0,0.0,0.0,0.0,0.0,0.0,0.0,0.0,0.0,0.0,0.0,0.0,0.0,0.0,0.0
synthext0237aaaaaaaaaaaaaaaaaaaaaa:1.6.2->1.6.3,synthext0237aaaaaaaaaaaaaaaaaaaaaa,Notes Tool 237,notes,2026-05-22,synthetic,benign,,False,0.0,1.0,1.0,1.0,1.0,0.0,0.0,0.0,0.0,0.0,0.0,0.0,0.0,0.0,0.0,0.0,0.0,2.0,0.0,0.0,0.0,0.0,0.0,0.0,0.0,2.0,0.0,0.0,0.0,0.0
synthext0237aaaaaaaaaaaaaaaaaaaaaa:1.6.3->1.6.4,synthext0237aaaaaaaaaaaaaaaaaaaaaa,Notes Tool 237,notes,2026-08-12,synthetic,benign,,False,0.0,1.0,1.0,1.0,1.0,0.0,0.0,0.0,0.0,0.0,0.0,0.0,0.0,-1.0,0.0,0.0,0.0,5.0,0.0,0.0,0.0,0.0,0.0,0.0,0.0,5.0,0.0,0.0,0.0,0.0
synthext0238aaaaaaaaaaaaaaaaaaaaaa:1.4.0->1.4.1,synthext0238aaaaaaaaaaaaaaaaaaaaaa,Dictionary Tool 238,dictionary,2026-01-25,synthetic,benign,,False,0.25,0.0,0.0,0.0,0.0,0.0,0.0,0.0,0.0,0.0,-1.0,0.0,0.0,2.0,0.0,0.0,0.0,0.0,0.0,0.0,0.0,0.0,0.0,0.0,0.0,0.0,0.0,0.0,0.0,0.0
synthext0238aaaaaaaaaaaaaaaaaaaaaa:1.4.1->1.4.2,synthext0238aaaaaaaaaaaaaaaaaaaaaa,Dictionary Tool 238,dictionary,2026-10-06,synthetic,benign,,False,0.68,3.0,2.0,2.0,3.0,1.0,85.0,85.0,0.0,0.0,1.0,0.0,0.0,0.0,0.0,0.0,0.0,0.0,0.0,0.0,0.0,0.0,0.0,0.0,0.0,0.0,1.0,0.0,0.0,0.0
synthext0238aaaaaaaaaaaaaaaaaaaaaa:1.4.2->1.4.3,synthext0238aaaaaaaaaaaaaaaaaaaaaa,Dictionary Tool 238,dictionary,2026-09-14,synthetic,benign,,False,0.68,1.0,2.0,2.0,1.0,1.0,58.0,58.0,0.0,0.0,0.0,0.0,0.0,-1.0,0.0,0.0,0.0,0.0,0.0,0.0,0.0,0.0,0.0,0.0,0.0,0.0,1.0,0.0,0.0,0.0
synthext0238aaaaaaaaaaaaaaaaaaaaaa:1.4.3->1.4.4,synthext0238aaaaaaaaaaaaaaaaaaaaaa,Dictionary Tool 238,dictionary,2026-10-13,synthetic,benign,,False,0.68,1.0,2.0,2.0,1.0,2.0,129.0,97.0,0.0,0.0,-1.0,0.0,0.0,0.0,0.0,0.0,0.0,2.0,0.0,0.0,0.0,0.0,0.0,0.0,0.0,2.0,2.0,0.0,0.0,0.0
synthext0239aaaaaaaaaaaaaaaaaaaaaa:1.4.0->1.4.1,synthext0239aaaaaaaaaaaaaaaaaaaaaa,Videohelper Tool 239,videohelper,2026-04-27,synthetic,benign,,False,0.6,1.0,1.0,1.0,1.0,1.0,245.0,245.0,0.0,0.0,-1.0,0.0,0.0,0.0,0.0,0.0,0.0,-1.0,0.0,0.0,0.0,0.0,0.0,0.0,0.0,-1.0,0.0,0.0,0.0,0.0
synthext0239aaaaaaaaaaaaaaaaaaaaaa:1.4.1->1.4.2,synthext0239aaaaaaaaaaaaaaaaaaaaaa,Videohelper Tool 239,videohelper,2026-05-22,synthetic,benign,,False,0.25,0.0,1.0,1.0,0.0,0.0,0.0,0.0,0.0,0.0,-2.0,0.0,0.0,1.0,0.0,0.0,0.0,0.0,0.0,0.0,1.0,0.0,0.0,0.0,0.0,0.0,0.0,0.0,0.0,0.0
synthext0239aaaaaaaaaaaaaaaaaaaaaa:1.4.2->1.4.3,synthext0239aaaaaaaaaaaaaaaaaaaaaa,Videohelper Tool 239,videohelper,2026-08-11,synthetic,malicious,redirect_hijack,False,0.61,0.0,1.0,1.0,0.0,0.0,0.0,0.0,0.0,0.0,-2.0,0.0,0.0,-1.0,0.0,0.0,0.0,3.0,1.0,1.0,1.0,1.0,0.0,0.0,0.0,2.0,0.0,1.0,0.0,0.0
synthext0239aaaaaaaaaaaaaaaaaaaaaa:1.4.3->1.4.4,synthext0239aaaaaaaaaaaaaaaaaaaaaa,Videohelper Tool 239,videohelper,2026-03-24,synthetic,benign,,False,0.0,-1.0,0.0,0.0,-1.0,0.0,0.0,0.0,0.0,0.0,2.0,0.0,0.0,-1.0,0.0,0.0,0.0,3.0,0.0,0.0,0.0,0.0,0.0,0.0,0.0,3.0,0.0,0.0,0.0,0.0
synthext0240aaaaaaaaaaaaaaaaaaaaaa:1.1.0->1.1.1,synthext0240aaaaaaaaaaaaaaaaaaaaaa,Reader Tool 240,reader,2026-08-15,synthetic,benign,,False,0.76,2.0,2.0,2.0,2.0,1.0,48.0,48.0,0.0,0.0,0.0,0.0,0.0,2.0,0.0,0.0,0.0,-2.0,0.0,0.0,0.0,0.0,0.0,0.0,0.0,-2.0,1.0,0.0,0.0,0.0
synthext0240aaaaaaaaaaaaaaaaaaaaaa:1.1.1->1.1.2,synthext0240aaaaaaaaaaaaaaaaaaaaaa,Reader Tool 240,reader,2026-07-05,synthetic,benign,,False,0.68,1.0,2.0,2.0,1.0,1.0,52.0,52.0,0.0,0.0,-1.0,0.0,0.0,0.0,0.0,0.0,0.0,-2.0,0.0,0.0,0.0,0.0,0.0,0.0,0.0,-2.0,1.0,0.0,0.0,0.0
synthext0240aaaaaaaaaaaaaaaaaaaaaa:1.1.2->1.1.3,synthext0240aaaaaaaaaaaaaaaaaaaaaa,Reader Tool 240,reader,2026-11-27,synthetic,benign,,False,0.0,0.0,0.0,0.0,0.0,0.0,0.0,0.0,0.0,0.0,2.0,0.0,0.0,0.0,0.0,0.0,0.0,5.0,0.0,0.0,0.0,0.0,0.0,0.0,0.0,5.0,0.0,0.0,0.0,0.0
synthext0240aaaaaaaaaaaaaaaaaaaaaa:1.1.3->1.1.4,synthext0240aaaaaaaaaaaaaaaaaaaaaa,Reader Tool 240,reader,2026-03-24,synthetic,benign,,False,0.6,1.0,1.0,1.0,1.0,1.0,128.0,128.0,0.0,0.0,-1.0,0.0,0.0,0.0,0.0,0.0,0.0,3.0,0.0,0.0,0.0,0.0,0.0,0.0,0.0,3.0,0.0,0.0,0.0,0.0
synthext0241aaaaaaaaaaaaaaaaaaaaaa:1.3.0->1.3.1,synthext0241aaaaaaaaaaaaaaaaaaaaaa,Shopper Tool 241,shopper,2026-03-29,synthetic,malicious,credential_theft,False,0.95,2.0,1.0,1.0,2.0,1.0,698.0,698.0,0.0,0.0,3.0,1.0,1.0,-1.0,0.0,0.0,0.0,0.0,0.0,0.0,0.0,0.0,0.0,1.0,1.0,0.0,0.0,0.0,0.0,0.0
synthext0241aaaaaaaaaaaaaaaaaaaaaa:1.3.1->1.3.2,synthext0241aaaaaaaaaaaaaaaaaaaaaa,Shopper Tool 241,shopper,2026-06-12,synthetic,malicious,credential_theft,False,0.95,1.0,1.0,1.0,1.0,1.0,295.0,295.0,0.0,0.0,0.0,1.0,1.0,0.0,0.0,0.0,0.0,5.0,0.0,0.0,0.0,0.0,0.0,1.0,1.0,5.0,1.0,0.0,0.0,0.0
synthext0241aaaaaaaaaaaaaaaaaaaaaa:1.3.2->1.3.3,synthext0241aaaaaaaaaaaaaaaaaaaaaa,Shopper Tool 241,shopper,2026-02-24,synthetic,malicious,ad_affiliate,True,0.4,3.0,2.0,2.0,3.0,0.0,0.0,0.0,0.0,0.0,-2.0,0.0,0.0,5.0,0.0,0.0,0.0,0.0,0.0,0.0,1.0,0.0,0.0,0.0,0.0,0.0,0.0,0.0,0.0,0.0
synthext0241aaaaaaaaaaaaaaaaaaaaaa:1.3.3->1.3.4,synthext0241aaaaaaaaaaaaaaaaaaaaaa,Shopper Tool 241,shopper,2026-02-04,synthetic,benign,,False,0.25,0.0,1.0,1.0,0.0,0.0,0.0,0.0,0.0,0.0,2.0,0.0,0.0,1.0,0.0,0.0,0.0,0.0,0.0,0.0,0.0,0.0,0.0,0.0,0.0,0.0,0.0,0.0,0.0,0.0
synthext0242aaaaaaaaaaaaaaaaaaaaaa:1.0.0->1.0.1,synthext0242aaaaaaaaaaaaaaaaaaaaaa,Contacts Tool 242,contacts,2026-11-22,synthetic,benign,,False,0.25,0.0,0.0,0.0,0.0,0.0,0.0,0.0,0.0,0.0,1.0,0.0,0.0,2.0,0.0,0.0,0.0,-1.0,0.0,0.0,0.0,0.0,0.0,0.0,0.0,-1.0,0.0,0.0,0.0,0.0
synthext0242aaaaaaaaaaaaaaaaaaaaaa:1.0.1->1.0.2,synthext0242aaaaaaaaaaaaaaaaaaaaaa,Contacts Tool 242,contacts,2026-04-02,synthetic,benign,,False,0.6,4.0,1.0,1.0,4.0,1.0,78.0,78.0,0.0,0.0,1.0,0.0,1.0,-1.0,0.0,0.0,0.0,0.0,0.0,0.0,0.0,0.0,0.0,0.0,0.0,0.0,1.0,0.0,0.0,0.0
synthext0242aaaaaaaaaaaaaaaaaaaaaa:1.0.2->1.0.3,synthext0242aaaaaaaaaaaaaaaaaaaaaa,Contacts Tool 242,contacts,2026-09-04,synthetic,malicious,redirect_hijack,False,0.61,2.0,1.0,1.0,2.0,0.0,0.0,0.0,0.0,0.0,0.0,0.0,-1.0,0.0,0.0,0.0,0.0,2.0,1.0,1.0,1.0,1.0,0.0,0.0,0.0,1.0,0.0,1.0,0.0,0.0
synthext0242aaaaaaaaaaaaaaaaaaaaaa:1.0.3->1.0.4,synthext0242aaaaaaaaaaaaaaaaaaaaaa,Contacts Tool 242,contacts,2026-08-21,synthetic,benign,,False,0.25,2.0,1.0,1.0,2.0,0.0,0.0,0.0,0.0,0.0,0.0,0.0,0.0,1.0,0.0,0.0,0.0,0.0,0.0,0.0,0.0,0.0,0.0,0.0,0.0,0.0,0.0,0.0,0.0,0.0
synthext0243aaaaaaaaaaaaaaaaaaaaaa:1.0.0->1.0.1,synthext0243aaaaaaaaaaaaaaaaaaaaaa,Passmgr Tool 243,passmgr,2026-09-01,synthetic,benign,,False,0.9,2.0,1.0,1.0,2.0,1.0,40.0,40.0,0.0,0.0,1.0,0.0,0.0,0.0,0.0,0.0,0.0,-2.0,0.0,0.0,0.0,0.0,0.0,1.0,1.0,-2.0,1.0,0.0,0.0,0.0
synthext0243aaaaaaaaaaaaaaaaaaaaaa:1.0.1->1.0.2,synthext0243aaaaaaaaaaaaaaaaaaaaaa,Passmgr Tool 243,passmgr,2026-05-25,synthetic,malicious,form_jacking,True,0.9625,1.0,1.0,1.0,1.0,1.0,648.0,648.0,0.0,0.0,1.0,1.0,0.0,1.0,0.0,0.0,0.0,4.0,0.0,0.0,0.0,0.0,0.0,1.0,1.0,4.0,1.0,0.0,0.0,0.0
synthext0243aaaaaaaaaaaaaaaaaaaaaa:1.0.2->1.0.3,synthext0243aaaaaaaaaaaaaaaaaaaaaa,Passmgr Tool 243,passmgr,2026-03-27,synthetic,benign,,False,0.94,2.0,2.0,2.0,2.0,1.0,199.0,199.0,0.0,0.0,0.0,0.0,0.0,1.0,0.0,0.0,0.0,0.0,0.0,0.0,0.0,0.0,0.0,1.0,1.0,0.0,0.0,0.0,0.0,0.0
synthext0243aaaaaaaaaaaaaaaaaaaaaa:1.0.3->1.0.4,synthext0243aaaaaaaaaaaaaaaaaaaaaa,Passmgr Tool 243,passmgr,2026-10-01,synthetic,benign,,False,0.25,0.0,0.0,0.0,0.0,0.0,0.0,0.0,0.0,0.0,0.0,0.0,0.0,4.0,0.0,0.0,0.0,1.0,0.0,0.0,0.0,0.0,0.0,0.0,0.0,1.0,0.0,0.0,0.0,0.0
synthext0244aaaaaaaaaaaaaaaaaaaaaa:1.2.0->1.2.1,synthext0244aaaaaaaaaaaaaaaaaaaaaa,Weather Tool 244,weather,2026-03-22,synthetic,benign,,False,0.7,2.0,1.0,1.0,2.0,1.0,110.0,110.0,0.0,0.0,1.0,0.0,0.0,1.0,0.0,0.0,0.0,0.0,0.0,0.0,0.0,0.0,0.0,0.0,0.0,0.0,1.0,0.0,0.0,0.0
synthext0244aaaaaaaaaaaaaaaaaaaaaa:1.2.1->1.2.2,synthext0244aaaaaaaaaaaaaaaaaaaaaa,Weather Tool 244,weather,2026-11-05,synthetic,benign,,False,0.4,0.0,0.0,0.0,0.0,0.0,0.0,0.0,0.0,0.0,0.0,0.0,0.0,0.0,0.0,0.0,0.0,-2.0,0.0,0.0,1.0,1.0,0.0,0.0,0.0,-2.0,0.0,1.0,0.0,0.0
synthext0244aaaaaaaaaaaaaaaaaaaaaa:1.2.2->1.2.3,synthext0244aaaaaaaaaaaaaaaaaaaaaa,Weather Tool 244,weather,2026-01-11,synthetic,malicious,ad_affiliate,True,0.25,2.0,1.0,1.0,2.0,0.0,0.0,0.0,0.0,0.0,0.0,0.0,0.0,5.0,0.0,0.0,0.0,0.0,0.0,0.0,0.0,0.0,0.0,0.0,0.0,0.0,0.0,0.0,0.0,0.0
synthext0244aaaaaaaaaaaaaaaaaaaaaa:1.2.3->1.2.4,synthext0244aaaaaaaaaaaaaaaaaaaaaa,Weather Tool 244,weather,2026-06-03,synthetic,malicious,sw_beacon,True,0.844,0.0,1.0,1.0,0.0,1.0,203.0,203.0,0.0,1.0,2.0,0.0,0.0,-1.0,1.0,0.0,0.0,1.0,1.0,1.0,0.0,0.0,0.0,0.0,0.0,0.0,1.0,0.0,0.0,0.0
synthext0245aaaaaaaaaaaaaaaaaaaaaa:1.4.0->1.4.1,synthext0245aaaaaaaaaaaaaaaaaaaaaa,Translate Tool 245,translate,2026-11-10,synthetic,malicious,ad_affiliate,True,0.25,2.0,1.0,1.0,2.0,0.0,0.0,0.0,0.0,0.0,-3.0,0.0,0.0,4.0,0.0,0.0,0.0,2.0,0.0,0.0,0.0,0.0,0.0,0.0,0.0,2.0,0.0,0.0,0.0,0.0
synthext0245aaaaaaaaaaaaaaaaaaaaaa:1.4.1->1.4.2,synthext0245aaaaaaaaaaaaaaaaaaaaaa,Translate Tool 245,translate,2026-04-30,synthetic,malicious,keylogger,False,0.6,0.0,1.0,1.0,0.0,1.0,156.0,156.0,0.0,0.0,5.0,0.0,0.0,0.0,0.0,0.0,0.0,5.0,0.0,0.0,0.0,0.0,0.0,0.0,0.0,5.0,1.0,0.0,0.0,0.0
synthext0245aaaaaaaaaaaaaaaaaaaaaa:1.4.2->1.4.3,synthext0245aaaaaaaaaaaaaaaaaaaaaa,Translate Tool 245,translate,2026-08-15,synthetic,benign,,False,0.0,2.0,1.0,1.0,2.0,0.0,0.0,0.0,0.0,0.0,-2.0,0.0,0.0,0.0,0.0,0.0,0.0,2.0,0.0,0.0,0.0,0.0,0.0,0.0,0.0,2.0,0.0,0.0,0.0,0.0
synthext0245aaaaaaaaaaaaaaaaaaaaaa:1.4.3->1.4.4,synthext0245aaaaaaaaaaaaaaaaaaaaaa,Translate Tool 245,translate,2026-07-08,synthetic,benign,,False,0.55,0.0,0.0,0.0,0.0,0.0,0.0,0.0,0.0,0.0,0.0,0.0,0.0,1.0,0.0,0.0,0.0,0.0,0.0,0.0,1.0,1.0,0.0,0.0,0.0,0.0,0.0,1.0,0.0,0.0
synthext0246aaaaaaaaaaaaaaaaaaaaaa:1.0.0->1.0.1,synthext0246aaaaaaaaaaaaaaaaaaaaaa,Adblocker Tool 246,adblocker,2026-03-05,synthetic,benign,,False,0.25,1.0,0.0,0.0,1.0,0.0,0.0,0.0,0.0,0.0,-1.0,0.0,0.0,2.0,0.0,0.0,0.0,-2.0,0.0,0.0,0.0,0.0,0.0,0.0,0.0,-2.0,0.0,0.0,0.0,0.0
synthext0246aaaaaaaaaaaaaaaaaaaaaa:1.0.1->1.0.2,synthext0246aaaaaaaaaaaaaaaaaaaaaa,Adblocker Tool 246,adblocker,2026-03-12,synthetic,benign,,False,0.7,0.0,1.0,1.0,0.0,1.0,207.0,207.0,0.0,0.0,0.0,0.0,0.0,3.0,0.0,0.0,0.0,0.0,0.0,0.0,0.0,0.0,0.0,0.0,0.0,0.0,0.0,0.0,0.0,0.0
synthext0246aaaaaaaaaaaaaaaaaaaaaa:1.0.2->1.0.3,synthext0246aaaaaaaaaaaaaaaaaaaaaa,Adblocker Tool 246,adblocker,2026-08-21,synthetic,malicious,form_jacking,False,0.95,2.0,1.0,1.0,2.0,1.0,299.0,299.0,0.0,0.0,-1.0,1.0,0.0,0.0,0.0,0.0,0.0,5.0,0.0,0.0,0.0,0.0,0.0,1.0,1.0,5.0,1.0,0.0,0.0,0.0
synthext0246aaaaaaaaaaaaaaaaaaaaaa:1.0.3->1.0.4,synthext0246aaaaaaaaaaaaaaaaaaaaaa,Adblocker Tool 246,adblocker,2026-06-10,synthetic,benign,,False,0.6,1.0,1.0,1.0,1.0,1.0,173.0,173.0,0.0,0.0,0.0,0.0,0.0,-1.0,0.0,0.0,0.0,0.0,0.0,0.0,1.0,0.0,0.0,0.0,0.0,0.0,0.0,0.0,0.0,0.0
synthext0247aaaaaaaaaaaaaaaaaaaaaa:1.4.0->1.4.1,synthext0247aaaaaaaaaaaaaaaaaaaaaa,Coupon Tool 247,coupon,2026-05-12,synthetic,benign,,False,0.68,2.0,2.0,2.0,2.0,1.0,241.0,241.0,0.0,0.0,1.0,0.0,0.0,-1.0,0.0,0.0,0.0,2.0,0.0,0.0,0.0,0.0,0.0,0.0,0.0,2.0,0.0,0.0,0.0,0.0
synthext0247aaaaaaaaaaaaaaaaaaaaaa:1.4.1->1.4.2,synthext0247aaaaaaaaaaaaaaaaaaaaaa,Coupon Tool 247,coupon,2026-05-12,synthetic,malicious,ad_affiliate,False,0.25,2.0,1.0,1.0,2.0,0.0,0.0,0.0,0.0,0.0,1.0,0.0,0.0,2.0,0.0,0.0,0.0,0.0,0.0,0.0,0.0,0.0,0.0,0.0,0.0,0.0,0.0,0.0,0.0,0.0
synthext0247aaaaaaaaaaaaaaaaaaaaaa:1.4.2->1.4.3,synthext0247aaaaaaaaaaaaaaaaaaaaaa,Coupon Tool 247,coupon,2026-10-29,synthetic,benign,,False,0.0,0.0,0.0,0.0,0.0,0.0,0.0,0.0,0.0,0.0,1.0,0.0,0.0,0.0,0.0,0.0,0.0,5.0,0.0,0.0,1.0,0.0,0.0,0.0,0.0,5.0,0.0,0.0,0.0,0.0
synthext0247aaaaaaaaaaaaaaaaaaaaaa:1.4.3->1.4.4,synthext0247aaaaaaaaaaaaaaaaaaaaaa,Coupon Tool 247,coupon,2026-01-07,synthetic,benign,,False,0.0,1.0,1.0,1.0,1.0,0.0,0.0,0.0,0.0,0.0,0.0,0.0,0.0,-1.0,0.0,0.0,0.0,5.0,0.0,0.0,1.0,0.0,0.0,0.0,0.0,5.0,0.0,0.0,0.0,0.0
synthext0248aaaaaaaaaaaaaaaaaaaaaa:1.4.0->1.4.1,synthext0248aaaaaaaaaaaaaaaaaaaaaa,Screenshot Tool 248,screenshot,2026-07-13,synthetic,malicious,sw_beacon,False,0.9064,2.0,2.0,2.0,2.0,1.0,61.0,61.0,0.0,1.0,0.0,0.0,0.0,1.0,1.0,0.0,0.0,3.0,1.0,1.0,0.0,0.0,0.0,0.0,0.0,2.0,0.0,0.0,0.0,0.0
synthext0248aaaaaaaaaaaaaaaaaaaaaa:1.4.1->1.4.2,synthext0248aaaaaaaaaaaaaaaaaaaaaa,Screenshot Tool 248,screenshot,2026-06-13,synthetic,benign,,False,0.0,0.0,0.0,0.0,0.0,0.0,0.0,0.0,0.0,0.0,2.0,0.0,0.0,0.0,0.0,0.0,0.0,0.0,0.0,0.0,1.0,0.0,0.0,0.0,0.0,0.0,0.0,0.0,0.0,0.0
synthext0248aaaaaaaaaaaaaaaaaaaaaa:1.4.2->1.4.3,synthext0248aaaaaaaaaaaaaaaaaaaaaa,Screenshot Tool 248,screenshot,2026-02-27,synthetic,malicious,form_jacking,True,0.97,3.0,2.0,2.0,3.0,2.0,396.0,356.0,0.0,0.0,1.0,1.0,0.0,1.0,0.0,0.0,0.0,2.0,0.0,0.0,0.0,0.0,0.0,1.0,1.0,2.0,2.0,0.0,0.0,0.0
synthext0248aaaaaaaaaaaaaaaaaaaaaa:1.4.3->1.4.4,synthext0248aaaaaaaaaaaaaaaaaaaaaa,Screenshot Tool 248,screenshot,2026-02-28,synthetic,malicious,redirect_hijack,True,0.792,2.0,2.0,2.0,2.0,1.0,38.0,38.0,0.0,0.0,-1.0,0.0,0.0,0.0,0.0,0.0,0.0,1.0,1.0,1.0,0.0,0.0,0.0,0.0,0.0,0.0,1.0,0.0,0.0,0.0
synthext0249aaaaaaaaaaaaaaaaaaaaaa:1.3.0->1.3.1,synthext0249aaaaaaaaaaaaaaaaaaaaaa,Notes Tool 249,notes,2026-03-04,synthetic,malicious,credential_theft,True,0.96,2.0,2.0,2.0,2.0,1.0,439.0,439.0,0.0,0.0,3.0,1.0,1.0,0.0,0.0,0.0,0.0,4.0,0.0,0.0,0.0,0.0,0.0,1.0,1.0,4.0,1.0,0.0,0.0,0.0
synthext0249aaaaaaaaaaaaaaaaaaaaaa:1.3.1->1.3.2,synthext0249aaaaaaaaaaaaaaaaaaaaaa,Notes Tool 249,notes,2026-09-18,synthetic,benign,,False,0.6,5.0,1.0,1.0,5.0,1.0,143.0,143.0,0.0,0.0,-1.0,0.0,0.0,0.0,0.0,0.0,0.0,4.0,0.0,0.0,0.0,0.0,0.0,0.0,0.0,4.0,1.0,0.0,0.0,0.0
synthext0249aaaaaaaaaaaaaaaaaaaaaa:1.3.2->1.3.3,synthext0249aaaaaaaaaaaaaaaaaaaaaa,Notes Tool 249,notes,2026-08-09,synthetic,malicious,redirect_hijack,True,0.8752,2.0,2.0,2.0,2.0,1.0,99.0,99.0,0.0,0.0,-1.0,0.0,0.0,0.0,0.0,0.0,0.0,-1.0,1.0,1.0,1.0,1.0,0.0,0.0,0.0,-2.0,1.0,1.0,0.0,0.0
synthext0249aaaaaaaaaaaaaaaaaaaaaa:1.3.3->1.3.4,synthext0249aaaaaaaaaaaaaaaaaaaaaa,Notes Tool 249,notes,2026-07-31,synthetic,benign,,False,0.25,0.0,0.0,0.0,0.0,0.0,0.0,0.0,0.0,0.0,-1.0,0.0,0.0,3.0,0.0,0.0,0.0,0.0,0.0,0.0,0.0,0.0,0.0,0.0,0.0,0.0,0.0,0.0,0.0,0.0
amo_clearurls_mal_cookie_theft,{74145f27-f039-47ce-a470-a662b129930a},ClearURLs,live,,amo-firefox-weaponised,malicious,cookie_theft,False,0.4,0.0,0.0,0.0,0.0,0.0,0.0,0.0,0.0,0.0,0.0,0.0,0.0,0.0,0.0,0.0,0.0,0.0,0.0,0.0,1.0,1.0,0.0,0.0,0.0,0.0,0.0,1.0,0.0,0.0
amo_clearurls_mal_credential_theft,{74145f27-f039-47ce-a470-a662b129930a},ClearURLs,live,,amo-firefox-weaponised,malicious,credential_theft,False,0.0,0.0,0.0,0.0,0.0,0.0,0.0,0.0,0.0,0.0,0.0,0.0,0.0,0.0,0.0,0.0,0.0,0.0,0.0,0.0,0.0,0.0,0.0,0.0,0.0,0.0,0.0,0.0,0.0,0.0
amo_darkreader,addon@darkreader.org,Dark Reader,live,,amo-firefox,benign,,False,0.0,0.0,0.0,0.0,0.0,0.0,0.0,0.0,0.0,0.0,0.0,0.0,0.0,0.0,0.0,0.0,0.0,0.0,0.0,0.0,0.0,0.0,0.0,0.0,0.0,0.0,0.0,0.0,0.0,0.0
amo_darkreader_mal_cookie_theft,addon@darkreader.org,Dark Reader,live,,amo-firefox-weaponised,malicious,cookie_theft,False,0.973,2.0,1.0,1.0,2.0,2.0,93.0,63.0,0.0,0.0,0.0,0.0,0.0,0.0,2.0,2.0,2.0,0.0,0.0,0.0,1.0,1.0,0.0,2.0,2.0,0.0,1.0,1.0,0.0,0.0
amo_darkreader_mal_credential_theft,addon@darkreader.org,Dark Reader,live,,amo-firefox-weaponised,malicious,credential_theft,False,0.0,0.0,0.0,0.0,0.0,0.0,0.0,0.0,0.0,0.0,0.0,0.0,0.0,0.0,0.0,0.0,0.0,0.0,0.0,0.0,0.0,0.0,0.0,0.0,0.0,0.0,0.0,0.0,0.0,0.0
amo_decentraleyes_mal_cookie_theft,jid1-BoFifL9Vbdl2zQ@jetpack,Decentraleyes,live,,amo-firefox-weaponised,malicious,cookie_theft,False,0.7,0.0,0.0,0.0,0.0,0.0,0.0,0.0,0.0,0.0,2.0,2.0,0.0,0.0,0.0,0.0,0.0,0.0,0.0,0.0,1.0,1.0,0.0,0.0,0.0,0.0,0.0,1.0,0.0,0.0
amo_decentraleyes_mal_credential_theft,jid1-BoFifL9Vbdl2zQ@jetpack,Decentraleyes,live,,amo-firefox-weaponised,malicious,credential_theft,False,0.95,1.0,1.0,1.0,1.0,1.0,82.0,82.0,0.0,0.0,3.0,2.0,1.0,0.0,0.0,0.0,0.0,0.0,0.0,0.0,0.0,0.0,0.0,1.0,1.0,0.0,1.0,0.0,0.0,0.0
amo_privacy-badger17_mal_cookie_theft,jid1-MnnxcxisBPnSXQ@jetpack,__MSG_name__,live,,amo-firefox-weaponised,malicious,cookie_theft,False,0.973,2.0,1.0,1.0,2.0,2.0,93.0,63.0,0.0,0.0,0.0,0.0,0.0,0.0,2.0,2.0,2.0,-1.0,0.0,0.0,1.0,1.0,0.0,2.0,2.0,0.0,1.0,1.0,0.0,0.0
amo_privacy-badger17_mal_credential_theft,jid1-MnnxcxisBPnSXQ@jetpack,__MSG_name__,live,,amo-firefox-weaponised,malicious,credential_theft,False,0.0,0.0,0.0,0.0,0.0,0.0,0.0,0.0,0.0,0.0,0.0,0.0,0.0,0.0,0.0,0.0,0.0,-1.0,0.0,0.0,0.0,0.0,0.0,0.0,0.0,0.0,0.0,0.0,0.0,0.0
amo_ublock-origin,uBlock0@raymondhill.net,uBlock Origin,live,,amo-firefox,benign,,False,0.0,0.0,0.0,0.0,0.0,0.0,0.0,0.0,0.0,0.0,0.0,0.0,0.0,0.0,0.0,0.0,0.0,0.0,0.0,0.0,0.0,0.0,0.0,0.0,0.0,0.0,0.0,0.0,0.0,0.0
amo_ublock-origin_mal_cookie_theft,uBlock0@raymondhill.net,uBlock Origin,live,,amo-firefox-weaponised,malicious,cookie_theft,False,0.9825,2.0,1.0,1.0,2.0,2.0,93.0,63.0,0.0,0.0,0.0,0.0,0.0,0.0,2.0,2.0,2.0,0.0,0.0,1.0,1.0,1.0,0.0,2.0,2.0,0.0,1.0,1.0,0.0,0.0
amo_ublock-origin_mal_credential_theft,uBlock0@raymondhill.net,uBlock Origin,live,,amo-firefox-weaponised,malicious,credential_theft,False,0.35,0.0,0.0,0.0,0.0,0.0,0.0,0.0,0.0,0.0,0.0,0.0,0.0,0.0,0.0,0.0,0.0,0.0,0.0,1.0,0.0,0.0,0.0,0.0,0.0,0.0,0.0,0.0,0.0,0.0
readerlite_benign,readerlite,Reader Lite,live,2026-08-18,live-capture,benign,,False,0.25,0.0,0.0,0.0,0.0,0.0,0.0,0.0,0.0,0.0,0.0,0.0,0.0,3.0,0.0,0.0,0.0,0.0,0.0,0.0,0.0,0.0,0.0,0.0,0.0,0.0,0.0,0.0,0.0,0.0
readerlite_malicious,readerlite,Reader Lite,live,2026-08-18,live-capture,malicious,cookie_theft,False,0.9919,1.0,1.0,1.0,1.0,1.0,165.0,103.0,0.0,1.0,4.0,3.0,1.0,0.0,1.0,1.0,1.0,1.0,0.0,0.0,1.0,1.0,0.0,1.0,1.0,1.0,1.0,1.0,0.0,0.0
